rank,company,ticker,industry,city,state,country,revenue,profit,assets,employees
1,Walmart,WMT,General Merchandisers,Bentonville,Arkansas,United States,$680.99B,$19.44B,$260.82B,2.1M
2,Amazon,AMZN,Internet Services and Retailing,Seattle,Washington,United States,$637.96B,$59.25B,$624.89B,1.56M
3,UnitedHealth Group,UNH,Health Care: Insurance and Managed Care,Eden Prairie,Minnesota,United States,$400.28B,$14.4B,$298.28B,400K
4,Apple,AAPL,"Computers, Office Equipment",Cupertino,California,United States,$391.04B,$93.74B,$364.98B,164K
5,CVS Health,CVS,Health Care: Pharmacy and Other Services,Woonsocket,Rhode Island,United States,$372.81B,$4.61B,$253.22B,259.5K
6,Berkshire Hathaway,BRK.A,Insurance: Property and Casualty (Stock),Omaha,Nebraska,United States,$371.43B,$89B,$1.15T,392.4K
7,Alphabet,GOOGL,Internet Services and Retailing,Mountain View,California,United States,$350.02B,$100.12B,$450.26B,183.32K
8,Exxon Mobil,XOM,Petroleum Refining,Spring,Texas,United States,$349.58B,$33.68B,$453.48B,60.9K
9,McKesson,MCK,Wholesalers: Health Care,Irving,Texas,United States,$308.95B,$3B,$67.44B,48K
10,Cencora,COR,Wholesalers: Health Care,Conshohocken,Pennsylvania,United States,$293.96B,$1.51B,$67.1B,44K
11,JPMorgan Chase,JPM,Commercial Banks,New York,New York,United States,$278.91B,$58.47B,$4T,317.23K
12,Costco Wholesale,COST,General Merchandisers,Issaquah,Washington,United States,$254.45B,$7.37B,$69.83B,333K
13,Cigna Group,CI,Health Care: Pharmacy and Other Services,Bloomfield,Connecticut,United States,$247.12B,$3.43B,$155.88B,72.4K
14,Microsoft,MSFT,Computer Software,Redmond,Washington,United States,$245.12B,$88.14B,$512.16B,228K
15,Cardinal Health,CAH,Wholesalers: Health Care,Dublin,Ohio,United States,$226.83B,$852M,$45.12B,48.41K
16,Chevron,CVX,Petroleum Refining,Houston,Texas,United States,$202.79B,$17.66B,$256.94B,45.3K
17,Bank of America,BAC,Commercial Banks,Charlotte,North Carolina,United States,$192.43B,$27.13B,$3.26T,213.19K
18,General Motors,GM,Motor Vehicles & Parts,Detroit,Michigan,United States,$187.44B,$6.01B,$279.76B,162K
19,Ford Motor,F,Motor Vehicles & Parts,Dearborn,Michigan,United States,$184.99B,$5.88B,$285.2B,171K
20,Elevance Health,ELV,Health Care: Insurance and Managed Care,Indianapolis,Indiana,United States,$177.01B,$5.98B,$116.89B,103.68K
21,Citigroup,C,Commercial Banks,New York,New York,United States,$170.76B,$12.68B,$2.35T,227.85K
22,Meta Platforms,META,Internet Services and Retailing,Menlo Park,California,United States,$164.5B,$62.36B,$276.05B,74.07K
23,Centene,CNC,Health Care: Insurance and Managed Care,St. Louis,Missouri,United States,$163.07B,$3.31B,$82.44B,60.5K
24,Home Depot,HD,Specialty Retailers: Other,Atlanta,Georgia,United States,$159.51B,$14.81B,$96.12B,470.1K
25,Fannie Mae,FNMA,Diversified Financials,Washington,District Of Columbia,United States,$152.67B,$16.98B,$4.35T,8.2K
26,Walgreens Boots Alliance,WBA,Food & Drug Stores,Deerfield,Illinois,United States,$147.66B,$-8.64B,$81.04B,252.5K
27,Kroger,KR,Food & Drug Stores,Cincinnati,Ohio,United States,$147.12B,$2.67B,$52.62B,409K
28,Phillips 66,PSX,Petroleum Refining,Houston,Texas,United States,$145.5B,$2.12B,$72.58B,13.2K
29,Marathon Petroleum,MPC,Petroleum Refining,Findlay,Ohio,United States,$140.41B,$3.44B,$78.86B,18.3K
30,Verizon Communications,VZ,Telecommunications,New York,New York,United States,$134.79B,$17.51B,$384.71B,99.6K
31,Nvidia,NVDA,Semiconductors and Other Electronic Components,Santa Clara,California,United States,$130.5B,$72.88B,$111.6B,36K
32,Goldman Sachs Group,GS,Commercial Banks,New York,New York,United States,$126.85B,$14.28B,$1.68T,46.5K
33,Wells Fargo,WFC,Commercial Banks,San Francisco,California,United States,$125.4B,$19.72B,$1.93T,217.5K
34,Valero Energy,VLO,Petroleum Refining,San Antonio,Texas,United States,$123.97B,$2.77B,$60.14B,9.91K
35,Comcast,CMCSA,Telecommunications,Philadelphia,Pennsylvania,United States,$123.73B,$16.19B,$266.21B,182K
36,State Farm Insurance,~,Insurance: Property and Casualty (Mutual),Bloomington,Illinois,United States,$122.95B,$5.29B,$367.41B,67.38K
37,AT&T,T,Telecommunications,Dallas,Texas,United States,$122.34B,$10.95B,$394.8B,140.99K
38,Freddie Mac,FMCC,Diversified Financials,McLean,Virginia,United States,$122.05B,$11.86B,$3.39T,8.09K
39,Humana,HUM,Health Care: Insurance and Managed Care,Louisville,Kentucky,United States,$117.76B,$1.21B,$46.48B,65.68K
40,Morgan Stanley,MS,Commercial Banks,New York,New York,United States,$107.28B,$13.39B,$1.22T,80.48K
41,Target,TGT,General Merchandisers,Minneapolis,Minnesota,United States,$106.57B,$4.09B,$57.77B,440K
42,StoneX Group,SNEX,Diversified Financials,New York,New York,United States,$99.89B,$260.8M,$27.47B,4.5K
43,Tesla,TSLA,Motor Vehicles & Parts,Austin,Texas,United States,$97.69B,$7.09B,$122.07B,125.67K
44,Dell Technologies,DELL,"Computers, Office Equipment",Round Rock,Texas,United States,$95.57B,$4.59B,$79.75B,108K
45,PepsiCo,PEP,Food Consumer Products,Purchase,New York,United States,$91.85B,$9.58B,$99.47B,319K
46,Walt Disney,DIS,Entertainment,Burbank,California,United States,$91.36B,$4.97B,$196.22B,205.04K
47,UPS,UPS,"Mail, Package, and Freight Delivery",Atlanta,Georgia,United States,$91.07B,$5.78B,$70.07B,372.18K
48,Johnson & Johnson,JNJ,Pharmaceuticals,New Brunswick,New Jersey,United States,$88.82B,$14.07B,$180.1B,138.1K
49,FedEx,FDX,"Mail, Package, and Freight Delivery",Memphis,Tennessee,United States,$87.69B,$4.33B,$87.01B,422.1K
50,Archer Daniels Midland,ADM,Food Production,Chicago,Illinois,United States,$85.53B,$1.8B,$53.27B,43.21K
51,Procter & Gamble,PG,Household and Personal Products,Cincinnati,Ohio,United States,$84.04B,$14.88B,$122.37B,108K
52,Lowe's,LOW,Specialty Retailers: Other,Mooresville,North Carolina,United States,$83.67B,$6.96B,$43.1B,215.5K
53,Energy Transfer,ET,Pipelines,Dallas,Texas,United States,$82.67B,$4.81B,$125.38B,16.25K
54,RTX,RTX,Aerospace & Defense,Arlington,Virginia,United States,$80.74B,$4.77B,$162.86B,186K
55,Albertsons,ACI,Food & Drug Stores,Boise,Idaho,United States,$79.24B,$1.3B,$26.22B,196.65K
56,Sysco,SYY,Wholesalers: Food and Grocery,Houston,Texas,United States,$78.84B,$1.96B,$24.92B,76K
57,Progressive,PGR,Insurance: Property and Casualty (Stock),Mayfield Village,Ohio,United States,$75.37B,$8.48B,$105.75B,66.31K
58,American Express,AXP,Diversified Financials,New York,New York,United States,$74.2B,$10.13B,$271.46B,75.1K
59,Lockheed Martin,LMT,Aerospace & Defense,Bethesda,Maryland,United States,$71.04B,$5.34B,$55.62B,121K
60,MetLife,MET,"Insurance: Life, Health (stock)",New York,New York,United States,$70.99B,$4.43B,$677.46B,45K
61,HCA Healthcare,HCA,Health Care: Medical Facilities,Nashville,Tennessee,United States,$70.6B,$5.76B,$59.51B,271K
62,Prudential Financial,PRU,"Insurance: Life, Health (stock)",Newark,New Jersey,United States,$70.41B,$2.73B,$735.59B,37.94K
63,Boeing,BA,Aerospace & Defense,Arlington,Virginia,United States,$66.52B,$-11.82B,$156.36B,172K
64,Caterpillar,CAT,Construction and Farm Machinery,Irving,Texas,United States,$64.81B,$10.79B,$87.76B,112.9K
65,Merck,MRK,Pharmaceuticals,Rahway,New Jersey,United States,$64.17B,$17.12B,$117.11B,74K
66,Allstate,ALL,Insurance: Property and Casualty (Stock),Northbrook,Illinois,United States,$64.11B,$4.67B,$111.62B,55.2K
67,Pfizer,PFE,Pharmaceuticals,New York,New York,United States,$63.63B,$8.03B,$213.4B,81K
68,IBM,IBM,Information Technology Services,Armonk,New York,United States,$62.75B,$6.02B,$137.18B,284.5K
69,New York Life Insurance,~,"Insurance: Life, Health (Mutual)",New York,New York,United States,$62.64B,$250.2M,$431.94B,15.13K
70,Delta Air Lines,DAL,Airlines,Atlanta,Georgia,United States,$61.64B,$3.46B,$75.37B,103K
71,Publix Super Markets,~,Food & Drug Stores,Lakeland,Florida,United States,$60.18B,$4.63B,$37.6B,255K
72,Nationwide,~,Insurance: Property and Casualty (Mutual),Columbus,Ohio,United States,$58.65B,$2.06B,$307.07B,22.45K
73,TD Synnex,SNX,Wholesalers: Electronics and Office Equipment,Fremont,California,United States,$58.45B,$689.1M,$30.27B,25.75K
74,United Airlines Holdings,UAL,Airlines,Chicago,Illinois,United States,$57.06B,$3.15B,$74.08B,107.3K
75,ConocoPhillips,COP,"Mining, Crude-Oil Production",Houston,Texas,United States,$56.95B,$9.24B,$122.78B,11.8K
76,TJX,TJX,Specialty Retailers: Apparel,Framingham,Massachusetts,United States,$56.36B,$4.86B,$31.75B,364K
77,AbbVie,ABBV,Pharmaceuticals,North Chicago,Illinois,United States,$56.33B,$4.28B,$135.16B,55K
78,Enterprise Products Partners,EPD,Pipelines,Houston,Texas,United States,$56.22B,$5.9B,$77.17B,7.8K
79,Charter Communications,CHTR,Telecommunications,Stamford,Connecticut,United States,$55.09B,$5.08B,$150.02B,94.5K
80,Performance Food Group,PFGC,Wholesalers: Food and Grocery,Richmond,Virginia,United States,$54.68B,$435.9M,$13.39B,36.81K
81,American Airlines Group,AAL,Airlines,Fort Worth,Texas,United States,$54.21B,$846M,$61.78B,133.3K
82,Capital One Financial,COF,Commercial Banks,McLean,Virginia,United States,$53.94B,$4.75B,$490.14B,52.6K
83,Cisco Systems,CSCO,Network and Other Communications Equipment,San Jose,California,United States,$53.8B,$10.32B,$124.41B,90.4K
84,HP,HPQ,"Computers, Office Equipment",Palo Alto,California,United States,$53.56B,$2.77B,$39.91B,58K
85,Tyson Foods,TSN,Food Production,Springdale,Arkansas,United States,$53.31B,$800M,$37.1B,138K
86,Intel,INTC,Semiconductors and Other Electronic Components,Santa Clara,California,United States,$53.1B,$-18.76B,$196.49B,108.9K
87,Oracle,ORCL,Computer Software,Austin,Texas,United States,$52.96B,$10.47B,$140.98B,159K
88,Broadcom,AVGO,Semiconductors and Other Electronic Components,Palo Alto,California,United States,$52.43B,$5.89B,$165.65B,37K
89,Deere,DE,Construction and Farm Machinery,Moline,Illinois,United States,$51.72B,$7.1B,$107.32B,55.52K
90,Nike,NKE,Apparel,Beaverton,Oregon,United States,$51.36B,$5.7B,$38.11B,79.4K
91,Liberty Mutual Insurance Group,~,Insurance: Property and Casualty (Stock),Boston,Massachusetts,United States,$50.43B,$4.38B,$166.69B,40K
92,Plains GP Holdings,PAGP,Pipelines,Houston,Texas,United States,$50.07B,$103M,$27.76B,4.2K
93,USAA,~,Insurance: Property and Casualty (Stock),San Antonio,Texas,United States,$48.56B,$3.89B,$220.58B,38.02K
94,Bristol-Myers Squibb,BMY,Pharmaceuticals,Princeton,New Jersey,United States,$48.3B,$-8.95B,$92.6B,34.1K
95,Ingram Micro Holding,INGM,Wholesalers: Electronics and Office Equipment,Irvine,California,United States,$47.98B,$264.2M,$18.78B,26.13K
96,General Dynamics,GD,Aerospace & Defense,Reston,Virginia,United States,$47.72B,$3.78B,$55.88B,117K
97,Coca-Cola,KO,Beverages,Atlanta,Georgia,United States,$47.06B,$10.63B,$100.55B,69.7K
98,TIAA,~,"Insurance: Life, Health (Mutual)",New York,New York,United States,$46.95B,$-1.94B,$655.71B,15.62K
99,Travelers,TRV,Insurance: Property and Casualty (Stock),New York,New York,United States,$46.42B,$5B,$133.19B,34K
100,Eli Lilly,LLY,Pharmaceuticals,Indianapolis,Indiana,United States,$45.04B,$10.59B,$78.71B,47K
101,Uber Technologies,UBER,Internet Services and Retailing,San Francisco,California,United States,$43.98B,$9.86B,$51.24B,31.1K
102,Massachusetts Mutual Life Insurance,~,"Insurance: Life, Health (Mutual)",Springfield,Massachusetts,United States,$43.07B,$316.3M,$422.11B,11.19K
103,Dow,DOW,Chemicals,Midland,Michigan,United States,$42.96B,$1.12B,$57.31B,36K
104,Thermo Fisher Scientific,TMO,"Scientific,Photographic and  Control Equipment",Waltham,Massachusetts,United States,$42.88B,$6.33B,$97.32B,125K
105,U.S. Bancorp,USB,Commercial Banks,Minneapolis,Minnesota,United States,$42.71B,$6.3B,$678.32B,70.26K
106,World Kinect,WKC,Energy,Miami,Florida,United States,$42.17B,$67.4M,$6.73B,4.75K
107,Abbott Laboratories,ABT,Medical Products and Equipment,Abbott Park,Illinois,United States,$41.95B,$13.4B,$81.41B,114K
108,Best Buy,BBY,Specialty Retailers: Other,Richfield,Minnesota,United States,$41.53B,$927M,$14.78B,85K
109,Northwestern Mutual,~,"Insurance: Life, Health (Mutual)",Milwaukee,Wisconsin,United States,$41.45B,$560.7M,$378.32B,8.25K
110,Northrop Grumman,NOC,Aerospace & Defense,Falls Church,Virginia,United States,$41.03B,$4.17B,$49.36B,97K
111,Molina Healthcare,MOH,Health Care: Insurance and Managed Care,Long Beach,California,United States,$40.65B,$1.18B,$15.63B,18K
112,Dollar General,DG,Specialty Retailers: Other,Goodlettsville,Tennessee,United States,$40.61B,$1.13B,$31.13B,194.2K
113,Bank of New York (BNY),BK,Commercial Banks,New York,New York,United States,$39.91B,$4.53B,$416.06B,51.8K
114,Warner Bros. Discovery,WBD,Entertainment,New York,New York,United States,$39.32B,$-11.31B,$104.56B,35K
115,CHS,~,Food Production,Inver Grove Heights,Minnesota,United States,$39.26B,$1.1B,$18.72B,10.73K
116,Netflix,NFLX,Entertainment,Los Gatos,California,United States,$39B,$8.71B,$53.63B,14K
117,Qualcomm,QCOM,Semiconductors and Other Electronic Components,San Diego,California,United States,$38.96B,$10.14B,$55.15B,49K
118,General Electric (GE Aerospace),GE,Aerospace & Defense,Evendale,Ohio,United States,$38.7B,$6.56B,$123.14B,53K
119,Honeywell International,HON,Industrial Machinery,Charlotte,North Carolina,United States,$38.5B,$5.71B,$75.2B,102K
120,Salesforce,CRM,Computer Software,San Francisco,California,United States,$37.9B,$6.2B,$102.93B,76.45K
121,Philip Morris International,PM,Tobacco,Stamford,Connecticut,United States,$37.88B,$7.06B,$61.78B,83.1K
122,US Foods Holding,USFD,Wholesalers: Food and Grocery,Rosemont,Illinois,United States,$37.88B,$494M,$13.44B,30K
123,D.R. Horton,DHI,Homebuilders,Arlington,Texas,United States,$36.8B,$4.76B,$36.1B,14.77K
124,Lithia Motors,LAD,"Automotive Retailing, Services",Medford,Oregon,United States,$36.61B,$802M,$23.13B,30.16K
125,Mondelez International,MDLZ,Food Consumer Products,Chicago,Illinois,United States,$36.44B,$4.61B,$68.5B,90K
126,Starbucks,SBUX,Food Services,Seattle,Washington,United States,$36.18B,$3.76B,$31.34B,361K
127,Visa,V,Financial Data Services,San Francisco,California,United States,$35.93B,$19.74B,$94.51B,31.6K
128,CBRE Group,CBRE,Real estate,Dallas,Texas,United States,$35.77B,$968M,$24.38B,140K
129,Lennar,LEN,Homebuilders,Miami,Florida,United States,$35.44B,$3.93B,$41.31B,13.27K
130,GE Vernova,GEV,Energy,Cambridge,Massachusetts,United States,$34.94B,$1.55B,$51.48B,76.8K
131,PNC Financial Services Group,PNC,Commercial Banks,Pittsburgh,Pennsylvania,United States,$34.44B,$5.89B,$560.04B,54.44K
132,Cummins,CMI,Industrial Machinery,Columbus,Indiana,United States,$34.1B,$3.95B,$31.54B,69.6K
133,Paccar,PCAR,Motor Vehicles & Parts,Bellevue,Washington,United States,$33.66B,$4.16B,$43.42B,30.1K
134,Amgen,AMGN,Pharmaceuticals,Thousand Oaks,California,United States,$33.42B,$4.09B,$91.84B,28K
135,PBF Energy,PBF,Petroleum Refining,Parsippany,New Jersey,United States,$33.12B,$-533.8M,$12.7B,3.85K
136,GuideWell Mutual Holding,~,"Insurance: Life, Health (stock)",Jacksonville,Florida,United States,$32.95B,$284.7M,$20.24B,17.94K
137,PayPal Holdings,PYPL,Financial Data Services,San Jose,California,United States,$31.8B,$4.15B,$81.61B,24.4K
138,United Natural Foods,UNFI,Wholesalers: Food and Grocery,Providence,Rhode Island,United States,$30.98B,$-112M,$7.53B,28.33K
139,Dollar Tree,DLTR,Specialty Retailers: Other,Chesapeake,Virginia,United States,$30.85B,$-3.03B,$18.64B,139.57K
140,Nucor,NUE,Metals,Charlotte,North Carolina,United States,$30.73B,$2.03B,$33.94B,32.7K
141,Penske Automotive Group,PAG,"Automotive Retailing, Services",Bloomfield Hills,Michigan,United States,$30.46B,$918.9M,$16.72B,28.94K
142,Coupang,CPNG,Internet Services and Retailing,Seattle,Washington,United States,$30.27B,$154M,$15.34B,95K
143,Hewlett Packard Enterprise,HPE,"Computers, Office Equipment",Spring,Texas,United States,$30.13B,$2.58B,$71.26B,61K
144,Duke Energy,DUK,Utilities: Gas and Electric,Charlotte,North Carolina,United States,$29.94B,$4.52B,$186.34B,26.41K
145,KKR,KKR,Securities,New York,New York,United States,$29.88B,$3.08B,$360.1B,4.83K
146,Ferguson Enterprises,FERG,Wholesalers: Diversified,Newport News,Virginia,United States,$29.64B,$1.74B,$16.57B,35K
147,Paramount Global,PARA,Entertainment,New York,New York,United States,$29.21B,$-6.19B,$46.17B,20.35K
148,Jabil,JBL,Semiconductors and Other Electronic Components,St. Petersburg,Florida,United States,$28.88B,$1.39B,$17.35B,138K
149,Gilead Sciences,GILD,Pharmaceuticals,Foster City,California,United States,$28.75B,$480M,$58.99B,17.6K
150,HF Sinclair,DINO,Petroleum Refining,Dallas,Texas,United States,$28.58B,$177M,$16.64B,5.3K
151,CarMax,KMX,"Automotive Retailing, Services",Richmond,Virginia,United States,$28.21B,$479.2M,$27.2B,29.84K
152,Mastercard,MA,Financial Data Services,Purchase,New York,United States,$28.17B,$12.87B,$48.08B,35.3K
153,NRG Energy,NRG,Energy,Houston,Texas,United States,$28.13B,$1.13B,$24.02B,15.64K
154,Arrow Electronics,ARW,Wholesalers: Electronics and Office Equipment,Centennial,Colorado,United States,$27.92B,$392.1M,$21.76B,21.52K
155,Baker Hughes,BKR,"Oil and Gas Equipment, Services",Houston,Texas,United States,$27.83B,$2.98B,$38.36B,57K
156,Southwest Airlines,LUV,Airlines,Dallas,Texas,United States,$27.48B,$465M,$33.75B,72.45K
157,AIG,AIG,Insurance: Property and Casualty (Stock),New York,New York,United States,$27.25B,$-1.4B,$161.32B,22.2K
158,Applied Materials,AMAT,Semiconductors and Other Electronic Components,Santa Clara,California,United States,$27.18B,$7.18B,$34.41B,35.7K
159,Occidental Petroleum,OXY,"Mining, Crude-Oil Production",Houston,Texas,United States,$26.88B,$3.06B,$85.44B,13.32K
160,AutoNation,AN,"Automotive Retailing, Services",Fort Lauderdale,Florida,United States,$26.77B,$692.2M,$13B,25.1K
161,Southern,SO,Utilities: Gas and Electric,Atlanta,Georgia,United States,$26.72B,$4.4B,$145.18B,28.46K
162,Hartford Insurance Group,HIG,Insurance: Property and Casualty (Stock),Hartford,Connecticut,United States,$26.54B,$3.11B,$80.92B,19.1K
163,Apollo Global Management,APO,Securities,New York,New York,United States,$26.26B,$4.58B,$377.89B,5.11K
164,Charles Schwab,SCHW,Securities,Westlake,Texas,United States,$26B,$5.94B,$479.84B,32.1K
165,McDonald's,MCD,Food Services,Chicago,Illinois,United States,$25.92B,$8.22B,$55.18B,150K
166,Kraft Heinz,KHC,Food Consumer Products,Chicago,Illinois,United States,$25.85B,$2.74B,$88.29B,36K
167,Advanced Micro Devices,AMD,Semiconductors and Other Electronic Components,Santa Clara,California,United States,$25.79B,$1.64B,$69.23B,28K
168,Truist Financial,TFC,Commercial Banks,Charlotte,North Carolina,United States,$25.61B,$4.82B,$531.18B,37.55K
169,Freeport-McMoRan,FCX,"Mining, Crude-Oil Production",Phoenix,Arizona,United States,$25.45B,$1.89B,$54.85B,28.5K
170,Micron Technology,MU,Semiconductors and Other Electronic Components,Boise,Idaho,United States,$25.11B,$778M,$69.42B,48K
171,Marriott International,MAR,"Hotels, Casinos, Resorts",Bethesda,Maryland,United States,$25.1B,$2.38B,$26.18B,155K
172,Carrier Global,CARR,Industrial Machinery,Palm Beach Gardens,Florida,United States,$24.81B,$5.6B,$37.4B,48K
173,NextEra Energy,NEE,Utilities: Gas and Electric,Juno Beach,Florida,United States,$24.75B,$6.95B,$190.14B,16.8K
174,3M,MMM,Chemicals,St. Paul,Minnesota,United States,$24.57B,$4.17B,$39.87B,61.5K
175,Marsh & McLennan,MMC,Diversified Financials,New York,New York,United States,$24.46B,$4.06B,$56.48B,90K
176,PG&E,PCG,Utilities: Gas and Electric,Oakland,California,United States,$24.42B,$2.48B,$133.66B,28.41K
177,Union Pacific,UNP,Railroads,Omaha,Nebraska,United States,$24.25B,$6.75B,$67.72B,32.44K
178,Synchrony Financial,SYF,Diversified Financials,Stamford,Connecticut,United States,$24.17B,$3.5B,$119.46B,20K
179,Block,XYZ,Financial Data Services,Oakland,California,United States,$24.12B,$2.9B,$36.78B,11.37K
180,Danaher,DHR,Medical Products and Equipment,Washington,District Of Columbia,United States,$23.88B,$3.9B,$77.54B,62K
181,Avnet,AVT,Wholesalers: Electronics and Office Equipment,Phoenix,Arizona,United States,$23.76B,$498.7M,$12.21B,15.46K
182,Booking Holdings,BKNG,Internet Services and Retailing,Norwalk,Connecticut,United States,$23.74B,$5.88B,$27.71B,24.18K
183,EOG Resources,EOG,"Mining, Crude-Oil Production",Houston,Texas,United States,$23.7B,$6.4B,$47.19B,3.15K
184,Quanta Services,PWR,Engineering & Construction,Houston,Texas,United States,$23.67B,$904.8M,$18.68B,58.4K
185,Discover,~,Diversified Financials,Riverwoods,Illinois,United States,$23.63B,$4.54B,$147.64B,21K
186,Constellation Energy,CEG,Energy,Baltimore,Maryland,United States,$23.57B,$3.75B,$52.93B,14.24K
187,Genuine Parts,GPC,Wholesalers: Diversified,Atlanta,Georgia,United States,$23.49B,$904.1M,$19.28B,63K
188,Jones Lang LaSalle,JLL,Real estate,Chicago,Illinois,United States,$23.43B,$546.8M,$16.76B,112.1K
189,Lear,LEA,Motor Vehicles & Parts,Southfield,Michigan,United States,$23.31B,$506.6M,$14.03B,173.7K
190,Live Nation Entertainment,LYV,Entertainment,Beverly Hills,California,United States,$23.16B,$896.3M,$19.64B,24.2K
191,Sherwin-Williams,SHW,Chemicals,Cleveland,Ohio,United States,$23.1B,$2.68B,$23.63B,63.89K
192,Exelon,EXC,Utilities: Gas and Electric,Chicago,Illinois,United States,$23.03B,$2.46B,$107.78B,20.01K
193,Macy's,M,General Merchandisers,New York,New York,United States,$23.01B,$582M,$16.4B,94.19K
194,Halliburton,HAL,"Oil and Gas Equipment, Services",Houston,Texas,United States,$22.94B,$2.5B,$25.59B,48K
195,Stryker,SYK,Medical Products and Equipment,Portage,Michigan,United States,$22.59B,$2.99B,$42.97B,53K
196,Reinsurance Group of America,RGA,"Insurance: Life, Health (stock)",Chesterfield,Missouri,United States,$22.11B,$717M,$118.67B,4.1K
197,Waste Management,WM,Waste Management,Houston,Texas,United States,$22.06B,$2.75B,$44.57B,61.7K
198,State Street,STT,Commercial Banks,Boston,Massachusetts,United States,$22.05B,$2.69B,$353.24B,52.63K
199,WESCO International,WCC,Wholesalers: Diversified,Pittsburgh,Pennsylvania,United States,$21.82B,$717.6M,$15.06B,20K
200,Oneok,OKE,Pipelines,Tulsa,Oklahoma,United States,$21.7B,$3.04B,$64.07B,5.18K
201,Adobe,ADBE,Computer Software,San Jose,California,United States,$21.5B,$5.56B,$30.23B,30.71K
202,American Family Insurance Group,~,Insurance: Property and Casualty (Stock),Madison,Wisconsin,United States,$21.34B,$2.48B,$42.18B,11.07K
203,L3Harris Technologies,LHX,Aerospace & Defense,Melbourne,Florida,United States,$21.32B,$1.5B,$42B,47K
204,Ross Stores,ROST,Specialty Retailers: Apparel,Dublin,California,United States,$21.13B,$2.09B,$14.91B,107K
205,CDW,CDW,Information Technology Services,Vernon Hills,Illinois,United States,$21B,$1.08B,$14.68B,15.1K
206,Tenet Healthcare,THC,Health Care: Medical Facilities,Dallas,Texas,United States,$20.66B,$3.2B,$28.94B,86.24K
207,BJ's Wholesale Club,BJ,General Merchandisers,Marlborough,Massachusetts,United States,$20.5B,$534.4M,$7.07B,33K
208,Fiserv,FI,Financial Data Services,Milwaukee,Wisconsin,United States,$20.46B,$3.13B,$77.18B,38K
209,Altria Group,MO,Tobacco,Richmond,Virginia,United States,$20.44B,$11.26B,$35.18B,6.2K
210,BlackRock,BLK,Securities,New York,New York,United States,$20.41B,$6.37B,$138.62B,21.1K
211,Becton Dickinson,BDX,Medical Products and Equipment,Franklin Lakes,New Jersey,United States,$20.18B,$1.71B,$57.29B,74K
212,Colgate-Palmolive,CL,Household and Personal Products,New York,New York,United States,$20.1B,$2.89B,$16.05B,34K
213,Kimberly-Clark,KMB,Household and Personal Products,Irving,Texas,United States,$20.06B,$2.54B,$16.55B,38K
214,Group 1 Automotive,GPI,"Automotive Retailing, Services",Houston,Texas,United States,$19.93B,$498.1M,$9.82B,20.41K
215,Parker-Hannifin,PH,Industrial Machinery,Cleveland,Ohio,United States,$19.93B,$2.84B,$29.3B,61.12K
216,General Mills,GIS,Food Consumer Products,Minneapolis,Minnesota,United States,$19.86B,$2.5B,$31.47B,34K
217,Cognizant Technology Solutions,CTSH,Information Technology Services,Teaneck,New Jersey,United States,$19.74B,$2.24B,$19.97B,336.8K
218,American Electric Power,AEP,Utilities: Gas and Electric,Columbus,Ohio,United States,$19.72B,$2.97B,$103.08B,16.33K
219,GE HealthCare Technologies,GEHC,Medical Products and Equipment,Chicago,Illinois,United States,$19.67B,$1.99B,$33.09B,53K
220,Automatic Data Processing,ADP,Diversified Outsourcing Services,Roseland,New Jersey,United States,$19.2B,$3.75B,$54.36B,64K
221,Cleveland-Cliffs,CLF,Metals,Cleveland,Ohio,United States,$19.18B,$-754M,$20.95B,30K
222,Aflac,AFL,"Insurance: Life, Health (stock)",Columbus,Georgia,United States,$18.93B,$5.44B,$117.57B,12.69K
223,Goodyear Tire & Rubber,GT,Motor Vehicles & Parts,Akron,Ohio,United States,$18.88B,$70M,$20.96B,68K
224,Corebridge Financial,CRBG,Diversified Financials,Houston,Texas,United States,$18.78B,$2.23B,$389.4B,5.2K
225,Newmont,NEM,"Mining, Crude-Oil Production",Denver,Colorado,United States,$18.68B,$3.35B,$56.35B,22.2K
226,International Paper,IP,"Packaging, Containers",Memphis,Tennessee,United States,$18.62B,$557M,$22.8B,37K
227,AutoZone,AZO,Specialty Retailers: Other,Memphis,Tennessee,United States,$18.49B,$2.66B,$17.18B,100.8K
228,Lincoln National,LNC,"Insurance: Life, Health (stock)",Radnor,Pennsylvania,United States,$18.44B,$3.27B,$390.83B,9.78K
229,PulteGroup,PHM,Homebuilders,Atlanta,Georgia,United States,$17.95B,$3.08B,$17.36B,6.79K
230,Ameriprise Financial,AMP,Diversified Financials,Minneapolis,Minnesota,United States,$17.93B,$3.4B,$181.4B,13.6K
231,Murphy USA,MUSA,Specialty Retailers: Other,El Dorado,Arkansas,United States,$17.91B,$502.5M,$4.54B,11.55K
232,ManpowerGroup,MAN,Diversified Outsourcing Services,Milwaukee,Wisconsin,United States,$17.85B,$145.1M,$8.2B,26.7K
233,C.H. Robinson Worldwide,CHRW,Transportation and Logistics,Eden Prairie,Minnesota,United States,$17.73B,$465.7M,$5.3B,13.78K
234,PPG Industries,PPG,Chemicals,Pittsburgh,Pennsylvania,United States,$17.72B,$1.12B,$19.43B,46K
235,Edison International,EIX,Utilities: Gas and Electric,Rosemead,California,United States,$17.6B,$1.28B,$85.58B,14.01K
236,Steel Dynamics,STLD,Metals,Fort Wayne,Indiana,United States,$17.54B,$1.54B,$14.94B,13K
237,Loews,L,Insurance: Property and Casualty (Stock),New York,New York,United States,$17.51B,$1.41B,$81.94B,13K
238,Emerson Electric,EMR,Industrial Machinery,St. Louis,Missouri,United States,$17.49B,$1.97B,$44.25B,73K
239,Aramark,ARMK,Diversified Outsourcing Services,Philadelphia,Pennsylvania,United States,$17.4B,$262.5M,$12.67B,266.68K
240,MGM Resorts International,MGM,"Hotels, Casinos, Resorts",Las Vegas,Nevada,United States,$17.24B,$746.6M,$42.23B,69K
241,Vistra,VST,Energy,Irving,Texas,United States,$17.22B,$2.66B,$37.77B,6.85K
242,Asbury Automotive Group,ABG,"Automotive Retailing, Services",Duluth,Georgia,United States,$17.19B,$430.3M,$10.34B,15K
243,W.W. Grainger,GWW,Wholesalers: Diversified,Lake Forest,Illinois,United States,$17.17B,$1.91B,$8.83B,25K
244,Global Partners,GLP,Energy,Waltham,Massachusetts,United States,$17.16B,$110.3M,$3.79B,3.83K
245,Jacobs Solutions,J,Diversified Outsourcing Services,Dallas,Texas,United States,$16.97B,$806.1M,$11.76B,44.05K
246,Corteva,CTVA,Food Production,Indianapolis,Indiana,United States,$16.91B,$907M,$40.83B,22K
247,Peter Kiewit Sons',~,Engineering & Construction,Omaha,Nebraska,United States,$16.84B,$1.31B,$11.48B,31.8K
248,Boston Scientific,BSX,Medical Products and Equipment,Marlborough,Massachusetts,United States,$16.75B,$1.85B,$39.4B,53K
249,O'Reilly Automotive,ORLY,Specialty Retailers: Other,Springfield,Missouri,United States,$16.71B,$2.39B,$14.89B,85.58K
250,Leidos Holdings,LDOS,Information Technology Services,Reston,Virginia,United States,$16.66B,$1.25B,$13.1B,48K
251,Markel Group,MKL,Insurance: Property and Casualty (Stock),Glen Allen,Virginia,United States,$16.62B,$2.75B,$61.9B,22K
252,Whirlpool,WHR,"Electronics, Electrical Equip.",Benton Harbor,Michigan,United States,$16.61B,$-323M,$16.3B,44K
253,Guardian Life Ins. Co. of America,~,"Insurance: Life, Health (Mutual)",New York,New York,United States,$16.47B,$258M,$98.63B,7.47K
254,Builders FirstSource,BLDR,"Building Materials, Glass",Irving,Texas,United States,$16.4B,$1.08B,$10.58B,29K
255,Ally Financial,ALLY,Diversified Financials,Detroit,Michigan,United States,$16.39B,$668M,$191.84B,10.7K
256,Targa Resources,TRGP,Pipelines,Houston,Texas,United States,$16.38B,$1.31B,$22.73B,3.37K
257,Fluor,FLR,Engineering & Construction,Irving,Texas,United States,$16.32B,$2.15B,$9.14B,26.87K
258,Intuit,INTU,Computer Software,Mountain View,California,United States,$16.29B,$2.96B,$32.13B,24.2K
259,AECOM,ACM,Engineering & Construction,Dallas,Texas,United States,$16.28B,$402.3M,$12.06B,51K
260,Jones Financial (Edward Jones),~,Securities,Des Peres,Missouri,United States,$16.26B,$1.98B,$28.96B,55K
261,Kohl's,KSS,General Merchandisers,Menomonee Falls,Wisconsin,United States,$16.22B,$109M,$13.56B,60K
262,Land O'Lakes,~,Food Consumer Products,Arden Hills,Minnesota,United States,$16.21B,$238.3M,$9.53B,9K
263,Principal Financial,PFG,"Insurance: Life, Health (stock)",Des Moines,Iowa,United States,$16.13B,$1.57B,$313.66B,19.7K
264,Dominion Energy,D,Utilities: Gas and Electric,Richmond,Virginia,United States,$16.07B,$2.12B,$102.42B,14.7K
265,Kyndryl Holdings,KD,Information Technology Services,New York,New York,United States,$16.05B,$-340M,$10.59B,80K
266,Republic Services,RSG,Waste Management,Phoenix,Arizona,United States,$16.03B,$2.04B,$32.4B,42K
267,Devon Energy,DVN,"Mining, Crude-Oil Production",Oklahoma City,Oklahoma,United States,$15.94B,$2.89B,$30.49B,2.3K
268,Illinois Tool Works,ITW,Industrial Machinery,Glenview,Illinois,United States,$15.9B,$3.49B,$15.07B,44K
269,Northern Trust,NTRS,Commercial Banks,Chicago,Illinois,United States,$15.88B,$2.03B,$155.51B,23.3K
270,Auto-Owners Insurance,~,Insurance: Property and Casualty (Mutual),Lansing,Michigan,United States,$15.84B,$695.4M,$39.57B,7.33K
271,Universal Health Services,UHS,Health Care: Medical Facilities,King of Prussia,Pennsylvania,United States,$15.83B,$1.14B,$14.47B,87.5K
272,Pacific Life,~,"Insurance: Life, Health (stock)",Newport Beach,California,United States,$15.83B,$1.23B,$238.91B,4.33K
273,EchoStar,SATS,Telecommunications,Englewood,Colorado,United States,$15.83B,$-119.5M,$60.94B,13.7K
274,Ecolab,ECL,Chemicals,St. Paul,Minnesota,United States,$15.74B,$2.11B,$22.39B,48K
275,Cheniere Energy,LNG,Pipelines,Houston,Texas,United States,$15.7B,$3.25B,$43.86B,1.71K
276,Omnicom Group,OMC,"Advertising, marketing",New York,New York,United States,$15.69B,$1.48B,$29.62B,74.9K
277,Texas Instruments,TXN,Semiconductors and Other Electronic Components,Dallas,Texas,United States,$15.64B,$4.8B,$35.51B,34K
278,United States Steel,X,Metals,Pittsburgh,Pennsylvania,United States,$15.64B,$384M,$20.23B,22.05K
279,Estee Lauder,EL,Household and Personal Products,New York,New York,United States,$15.61B,$390M,$21.68B,53.01K
280,Farmers Insurance Exchange,~,Insurance: Property and Casualty (Mutual),Woodland Hills,California,United States,$15.46B,$588.6M,$25.49B,9.91K
281,Kenvue,KVUE,Household and Personal Products,Summit,New Jersey,United States,$15.46B,$1.03B,$25.6B,22K
282,IQVIA Holdings,IQV,Health Care: Pharmacy and Other Services,Durham,North Carolina,United States,$15.4B,$1.37B,$26.9B,88K
283,Stanley Black & Decker,SWK,Industrial Machinery,New Britain,Connecticut,United States,$15.37B,$294.3M,$21.85B,48.5K
284,Keurig Dr Pepper,KDP,Beverages,Burlington,Massachusetts,United States,$15.35B,$1.44B,$53.43B,29.4K
285,United Rentals,URI,Specialty Retailers: Other,Stamford,Connecticut,United States,$15.35B,$2.58B,$28.16B,27.9K
286,Consolidated Edison,ED,Utilities: Gas and Electric,New York,New York,United States,$15.26B,$1.82B,$70.56B,15.1K
287,Amphenol,APH,Network and Other Communications Equipment,Wallingford,Connecticut,United States,$15.22B,$2.42B,$21.44B,125K
288,Baxter International,BAX,Medical Products and Equipment,Deerfield,Illinois,United States,$15.15B,$-649M,$25.78B,38K
289,Kinder Morgan,KMI,Pipelines,Houston,Texas,United States,$15.1B,$2.61B,$71.41B,10.93K
290,Gap,GAP,Specialty Retailers: Apparel,San Francisco,California,United States,$15.09B,$844M,$11.88B,82K
291,Nordstrom,~,General Merchandisers,Seattle,Washington,United States,$15.02B,$294M,$8.97B,41K
292,Super Micro Computer,SMCI,"Computers, Office Equipment",San Jose,California,United States,$14.99B,$1.15B,$9.83B,5.68K
293,First Citizens BancShares,FCNC.A,Commercial Banks,Raleigh,North Carolina,United States,$14.97B,$2.78B,$223.72B,17.33K
294,Raymond James Financial,RJF,Securities,St. Petersburg,Florida,United States,$14.92B,$2.07B,$82.99B,19K
295,Lam Research,LRCX,Semiconductors and Other Electronic Components,Fremont,California,United States,$14.91B,$3.83B,$18.74B,17.45K
296,Tractor Supply,TSCO,Specialty Retailers: Other,Brentwood,Tennessee,United States,$14.88B,$1.1B,$9.81B,39K
297,Casey's General Stores,CASY,Specialty Retailers: Other,Ankeny,Iowa,United States,$14.86B,$502M,$6.35B,33.15K
298,Viatris,VTRS,Pharmaceuticals,Canonsburg,Pennsylvania,United States,$14.74B,$-634.2M,$41.5B,32K
299,Mutual of Omaha,~,"Insurance: Life, Health (Mutual)",Omaha,Nebraska,United States,$14.62B,$146.1M,$55.4B,6.53K
300,EMCOR Group,EME,Engineering & Construction,Norwalk,Connecticut,United States,$14.57B,$1.01B,$7.72B,40.4K
301,CSX,CSX,Railroads,Jacksonville,Florida,United States,$14.54B,$3.47B,$42.76B,23.54K
302,LKQ,LKQ,Wholesalers: Diversified,Antioch,Tennessee,United States,$14.36B,$690M,$14.96B,47K
303,Otis Worldwide,OTIS,Industrial Machinery,Farmington,Connecticut,United States,$14.26B,$1.65B,$11.32B,72K
304,Sonic Automotive,SAH,"Automotive Retailing, Services",Charlotte,North Carolina,United States,$14.22B,$216M,$5.9B,10.8K
305,S&P Global,SPGI,Financial Data Services,New York,New York,United States,$14.21B,$3.85B,$60.22B,42.35K
306,Regeneron Pharmaceuticals,REGN,Pharmaceuticals,Tarrytown,New York,United States,$14.2B,$4.41B,$37.76B,15.11K
307,BorgWarner,BWA,Motor Vehicles & Parts,Auburn Hills,Michigan,United States,$14.09B,$338M,$13.99B,38.3K
308,Fox,FOXA,Entertainment,New York,New York,United States,$13.98B,$1.5B,$21.97B,10.2K
309,Reliance,RS,Metals,Scottsdale,Arizona,United States,$13.84B,$875.2M,$10.02B,16.05K
310,Western & Southern Financial Group,~,"Insurance: Life, Health (Mutual)",Cincinnati,Ohio,United States,$13.77B,$875.2M,$81.19B,2.74K
311,Textron,TXT,Aerospace & Defense,Providence,Rhode Island,United States,$13.7B,$824M,$16.84B,34K
312,Expedia Group,EXPE,Internet Services and Retailing,Seattle,Washington,United States,$13.69B,$1.23B,$22.39B,16.5K
313,Fidelity National Financial,FNF,Insurance: Property and Casualty (Stock),Jacksonville,Florida,United States,$13.68B,$1.27B,$95.37B,23.53K
314,Carvana,CVNA,"Automotive Retailing, Services",Tempe,Arizona,United States,$13.67B,$210M,$8.48B,17.4K
315,DXC Technology,DXC,Information Technology Services,Ashburn,Virginia,United States,$13.67B,$91M,$13.87B,130K
316,W.R. Berkley,WRB,Insurance: Property and Casualty (Stock),Greenwich,Connecticut,United States,$13.64B,$1.76B,$40.57B,8.61K
317,M&T Bank,MTB,Commercial Banks,Buffalo,New York,United States,$13.45B,$2.59B,$208.1B,22.1K
318,Dick's Sporting Goods,DKS,Specialty Retailers: Other,Coraopolis,Pennsylvania,United States,$13.44B,$1.17B,$10.46B,37.35K
319,Xcel Energy,XEL,Utilities: Gas and Electric,Minneapolis,Minnesota,United States,$13.44B,$1.94B,$70.03B,11.38K
320,Fifth Third Bancorp,FITB,Commercial Banks,Cincinnati,Ohio,United States,$13.28B,$2.31B,$212.93B,18.62K
321,Blackstone,BX,Diversified Financials,New York,New York,United States,$13.23B,$2.78B,$43.47B,4.89K
322,Sempra,SRE,Utilities: Gas and Electric,San Diego,California,United States,$13.19B,$2.86B,$96.16B,16.77K
323,Erie Insurance Group,~,Insurance: Property and Casualty (Mutual),Erie,Pennsylvania,United States,$13.18B,$694.5M,$30.02B,6.75K
324,Corning,GLW,"Electronics, Electrical Equip.",Corning,New York,United States,$13.12B,$506M,$27.73B,56.3K
325,Lumen Technologies,LUMN,Telecommunications,Monroe,Louisiana,United States,$13.11B,$-55M,$33.5B,25K
326,FirstEnergy,FE,Utilities: Gas and Electric,Akron,Ohio,United States,$13.04B,$978M,$52.04B,12.29K
327,Hess,HES,"Mining, Crude-Oil Production",New York,New York,United States,$13.02B,$2.77B,$26.55B,1.8K
328,Labcorp Holdings,LH,Health Care: Pharmacy and Other Services,Burlington,North Carolina,United States,$13.01B,$746M,$18.38B,65.45K
329,Western Digital,WDC,"Computers, Office Equipment",San Jose,California,United States,$13B,$-798M,$24.19B,51K
330,Unum Group,UNM,"Insurance: Life, Health (stock)",Chattanooga,Tennessee,United States,$12.89B,$1.78B,$61.96B,10.95K
331,DaVita,DVA,Health Care: Medical Facilities,Denver,Colorado,United States,$12.82B,$936.3M,$17.29B,76K
332,Kellanova,K,Food Consumer Products,Chicago,Illinois,United States,$12.75B,$1.34B,$15.63B,24K
333,Henry Schein,HSIC,Wholesalers: Health Care,Melville,New York,United States,$12.67B,$390M,$10.22B,25K
334,Ryder System,R,Transportation and Logistics,Coral Gables,Florida,United States,$12.64B,$489M,$16.67B,50.7K
335,Community Health Systems,CYH,Health Care: Medical Facilities,Franklin,Tennessee,United States,$12.63B,$-516M,$14.05B,52.5K
336,Delek US Holdings,DK,Petroleum Refining,Brentwood,Tennessee,United States,$12.46B,$-560.4M,$6.67B,1.99K
337,DTE Energy,DTE,Utilities: Gas and Electric,Detroit,Michigan,United States,$12.46B,$1.4B,$48.85B,9.5K
338,Equitable Holdings,EQH,"Insurance: Life, Health (stock)",New York,New York,United States,$12.44B,$1.31B,$295.87B,10.3K
339,DuPont,DD,Chemicals,Wilmington,Delaware,United States,$12.39B,$703M,$36.64B,24K
340,LPL Financial Holdings,LPLA,Securities,San Diego,California,United States,$12.39B,$1.06B,$13.32B,9K
341,Citizens Financial Group,CFG,Commercial Banks,Providence,Rhode Island,United States,$12.36B,$1.51B,$217.52B,17.29K
342,MasTec,MTZ,Engineering & Construction,Coral Gables,Florida,United States,$12.3B,$162.8M,$8.98B,32K
343,AES,AES,Utilities: Gas and Electric,Arlington,Virginia,United States,$12.28B,$1.68B,$47.41B,9.1K
344,Berry Global Group,BERY,"Packaging, Containers",Evansville,Indiana,United States,$12.26B,$516M,$16.61B,42K
345,Westlake,WLK,Chemicals,Houston,Texas,United States,$12.14B,$602M,$20.75B,15.54K
346,Norfolk Southern,NSC,Railroads,Atlanta,Georgia,United States,$12.12B,$2.62B,$43.68B,19.6K
347,Air Products & Chemicals,APD,Chemicals,Allentown,Pennsylvania,United States,$12.1B,$3.83B,$39.57B,22.43K
348,J.B. Hunt Transport Services,JBHT,"Trucking, Truck Leasing",Lowell,Arkansas,United States,$12.09B,$570.9M,$8.31B,33.65K
349,Ball,BALL,"Packaging, Containers",Westminster,Colorado,United States,$12.06B,$4.01B,$17.63B,16K
350,Conagra Brands,CAG,Food Consumer Products,Chicago,Illinois,United States,$12.05B,$347.2M,$20.86B,18.5K
351,Huntington Bancshares,HBAN,Commercial Banks,Columbus,Ohio,United States,$11.96B,$1.94B,$204.23B,19.93K
352,Hormel Foods,HRL,Food Consumer Products,Austin,Minnesota,United States,$11.92B,$805M,$13.43B,20K
353,Eversource Energy,ES,Utilities: Gas and Electric,Springfield,Massachusetts,United States,$11.9B,$811.7M,$59.59B,10.68K
354,Alcoa,AA,Metals,Pittsburgh,Pennsylvania,United States,$11.89B,$60M,$14.06B,13.9K
355,Entergy,ETR,Utilities: Gas and Electric,New Orleans,Louisiana,United States,$11.88B,$1.06B,$64.79B,12.27K
356,Assurant,AIZ,Insurance: Property and Casualty (Stock),Atlanta,Georgia,United States,$11.88B,$760.2M,$35.02B,14.2K
357,Chewy,CHWY,Internet Services and Retailing,Plantation,Florida,United States,$11.86B,$392.7M,$3.01B,18K
358,Wayfair,W,Internet Services and Retailing,Boston,Massachusetts,United States,$11.85B,$-492M,$3.46B,12.1K
359,Crown Holdings,CCK,"Packaging, Containers",Tampa,Florida,United States,$11.8B,$424M,$13.85B,23K
360,Avis Budget Group,CAR,"Automotive Retailing, Services",Parsippany,New Jersey,United States,$11.79B,$-1.82B,$29.04B,20.5K
361,Intercontinental Exchange,ICE,Securities,Atlanta,Georgia,United States,$11.76B,$2.75B,$139.43B,12.92K
362,Alaska Air Group,ALK,Airlines,Seattle,Washington,United States,$11.73B,$395M,$19.77B,32.07K
363,GXO Logistics,GXO,Transportation and Logistics,Greenwich,Connecticut,United States,$11.71B,$134M,$11.27B,128.5K
364,AGCO,AGCO,Construction and Farm Machinery,Duluth,Georgia,United States,$11.66B,$-424.8M,$11.19B,24K
365,Graybar Electric,~,Wholesalers: Diversified,St. Louis,Missouri,United States,$11.65B,$423.1M,$4.31B,10K
366,Molson Coors Beverage,TAP,Beverages,Chicago,Illinois,United States,$11.63B,$1.12B,$26.06B,16.8K
367,Arthur J. Gallagher,AJG,Diversified Financials,Rolling Meadows,Illinois,United States,$11.55B,$1.46B,$64.26B,55.98K
368,Huntington Ingalls Industries,HII,Aerospace & Defense,Newport News,Virginia,United States,$11.54B,$550M,$12.14B,44K
369,International Flavors & Fragrances,IFF,Chemicals,New York,New York,United States,$11.48B,$243M,$28.67B,22.4K
370,Darden Restaurants,DRI,Food Services,Orlando,Florida,United States,$11.39B,$1.03B,$11.32B,191.1K
371,Cincinnati Financial,CINF,Insurance: Property and Casualty (Stock),Fairfield,Ohio,United States,$11.34B,$2.29B,$36.5B,5.62K
372,Chipotle Mexican Grill,CMG,Food Services,Newport Beach,California,United States,$11.31B,$1.53B,$9.2B,130.5K
373,Yum China Holdings,YUMC,Food Services,Plano,Texas,United States,$11.3B,$911M,$11.12B,245.5K
374,Las Vegas Sands,LVS,"Hotels, Casinos, Resorts",Las Vegas,Nevada,United States,$11.3B,$1.45B,$20.67B,40.1K
375,Ulta Beauty,ULTA,Specialty Retailers: Other,Bolingbrook,Illinois,United States,$11.3B,$1.2B,$6B,39K
376,Caesars Entertainment,CZR,"Hotels, Casinos, Resorts",Reno,Nevada,United States,$11.27B,$-278M,$32.59B,50K
377,BrightSpring Health Services,BTSG,Health Care: Pharmacy and Other Services,Louisville,Kentucky,United States,$11.27B,$-18.1M,$5.93B,37K
378,Andersons,ANDE,Food Production,Maumee,Ohio,United States,$11.26B,$114M,$4.12B,2.26K
379,Hershey,HSY,Food Consumer Products,Hershey,Pennsylvania,United States,$11.2B,$2.22B,$12.95B,19.29K
380,Hilton Worldwide Holdings,HLT,"Hotels, Casinos, Resorts",McLean,Virginia,United States,$11.17B,$1.53B,$16.52B,181K
381,Mosaic,MOS,Chemicals,Tampa,Florida,United States,$11.12B,$174.9M,$22.92B,13.77K
382,Airbnb,ABNB,Internet Services and Retailing,San Francisco,California,United States,$11.1B,$2.65B,$20.96B,7.3K
383,Diamondback Energy,FANG,"Mining, Crude-Oil Production",Midland,Texas,United States,$11.07B,$3.34B,$67.29B,1.98K
384,American Tower,AMT,Real estate,Boston,Massachusetts,United States,$11.04B,$2.25B,$61.08B,4.69K
385,Vertex Pharmaceuticals,VRTX,Pharmaceuticals,Boston,Massachusetts,United States,$11.02B,$-535.6M,$22.53B,6.1K
386,ServiceNow,NOW,Computer Software,Santa Clara,California,United States,$10.98B,$1.43B,$20.38B,26.29K
387,Owens Corning,OC,"Building Materials, Glass",Toledo,Ohio,United States,$10.97B,$647M,$14.07B,25K
388,Thrivent Financial for Lutherans,~,"Insurance: Life, Health (Mutual)",Minneapolis,Minnesota,United States,$10.92B,$585.7M,$119.42B,3.98K
389,Advance Auto Parts,AAP,Specialty Retailers: Other,Raleigh,North Carolina,United States,$10.89B,$-335.8M,$10.8B,48K
390,Toll Brothers,TOL,Homebuilders,Fort Washington,Pennsylvania,United States,$10.85B,$1.57B,$13.37B,4.9K
391,Mohawk Industries,MHK,"Home Equipment, Furnishings",Calhoun,Georgia,United States,$10.84B,$517.7M,$12.78B,41.9K
392,Motorola Solutions,MSI,Network and Other Communications Equipment,Chicago,Illinois,United States,$10.82B,$1.58B,$14.6B,21K
393,Oshkosh,OSK,Construction and Farm Machinery,Oshkosh,Wisconsin,United States,$10.73B,$681.4M,$9.42B,18.5K
394,DoorDash,DASH,Internet Services and Retailing,San Francisco,California,United States,$10.72B,$123M,$12.85B,23.7K
395,Owens & Minor,OMI,Wholesalers: Health Care,Glen Allen,Virginia,United States,$10.7B,$-362.7M,$4.66B,23.2K
396,NVR,NVR,Homebuilders,Reston,Virginia,United States,$10.69B,$1.68B,$6.38B,7K
397,Interpublic Group,IPG,"Advertising, marketing",New York,New York,United States,$10.69B,$689.5M,$18.33B,53.3K
398,Booz Allen Hamilton Holding,BAH,Information Technology Services,McLean,Virginia,United States,$10.66B,$605.7M,$6.56B,34.2K
399,Burlington Stores,BURL,Specialty Retailers: Apparel,Burlington,New Jersey,United States,$10.63B,$503.6M,$8.77B,47.3K
400,Expeditors Intl. of Washington,EXPD,Transportation and Logistics,Bellevue,Washington,United States,$10.6B,$810.1M,$4.75B,18.92K
401,Lululemon athletica,LULU,Specialty Retailers: Apparel,Sumner,Washington,United States,$10.59B,$1.81B,$7.6B,39K
402,Fidelity National Information Services,FIS,Financial Data Services,Jacksonville,Florida,United States,$10.54B,$1.45B,$33.78B,50K
403,Jefferies Financial Group,JEF,Diversified Financials,New York,New York,United States,$10.52B,$743.4M,$64.36B,7.82K
404,Williams,WMB,Pipelines,Tulsa,Oklahoma,United States,$10.5B,$2.23B,$54.53B,5.83K
405,VF,VFC,Apparel,Denver,Colorado,United States,$10.45B,$-968.9M,$11.61B,24K
406,FM,~,Insurance: Property and Casualty (Stock),Johnston,Rhode Island,United States,$10.41B,$3.39B,$39.64B,5.84K
407,Autoliv,ALV,Motor Vehicles & Parts,Auburn Hills,Michigan,United States,$10.39B,$646M,$7.8B,62.27K
408,Westinghouse Air Brake Technologies,WAB,Industrial Machinery,Pittsburgh,Pennsylvania,United States,$10.39B,$1.06B,$18.7B,29.5K
409,Public Service Enterprise Group,PEG,Utilities: Gas and Electric,Newark,New Jersey,United States,$10.29B,$1.77B,$54.64B,13.05K
410,Dana,DAN,Motor Vehicles & Parts,Maumee,Ohio,United States,$10.28B,$-57M,$7.49B,39.6K
411,Ebay,EBAY,Internet Services and Retailing,San Jose,California,United States,$10.28B,$1.98B,$19.36B,11.5K
412,Celanese,CE,Chemicals,Irving,Texas,United States,$10.28B,$-1.52B,$22.86B,12.16K
413,Global Payments,GPN,Financial Data Services,Atlanta,Georgia,United States,$10.11B,$1.57B,$46.89B,27K
414,News Corp.,NWSA,"Publishing, Printing",New York,New York,United States,$10.09B,$266M,$16.68B,23.9K
415,Thor Industries,THO,Motor Vehicles & Parts,Elkhart,Indiana,United States,$10.04B,$265.3M,$7.02B,22.3K
416,QVC Group,QVCG.A,Internet Services and Retailing,Englewood,Colorado,United States,$10.04B,$-1.29B,$9.24B,18.98K
417,Icahn Enterprises,IEP,Diversified Financials,Sunny Isles Beach,Florida,United States,$10.02B,$-445M,$16.28B,15.04K
418,Constellation Brands,STZ,Beverages,Victor,New York,United States,$9.96B,$1.73B,$25.69B,9.3K
419,Quest Diagnostics,DGX,Health Care: Pharmacy and Other Services,Secaucus,New Jersey,United States,$9.87B,$871M,$16.15B,50.5K
420,KLA,KLAC,Semiconductors and Other Electronic Components,Milpitas,California,United States,$9.81B,$2.76B,$15.43B,15.12K
421,QXO Building Products,~,Wholesalers: Diversified,Herndon,Virginia,United States,$9.76B,$361.7M,$6.95B,8.07K
422,APA,APA,"Mining, Crude-Oil Production",Houston,Texas,United States,$9.74B,$804M,$19.39B,2.31K
423,A-Mark Precious Metals,AMRK,Wholesalers: Diversified,El Segundo,California,United States,$9.7B,$68.5M,$1.83B,486
424,Biogen,BIIB,Pharmaceuticals,Cambridge,Massachusetts,United States,$9.68B,$1.63B,$28.05B,7.61K
425,Campbell's,CPB,Food Consumer Products,Camden,New Jersey,United States,$9.64B,$567M,$15.23B,14.4K
426,Concentrix,CNXC,Information Technology Services,Newark,California,United States,$9.62B,$251.2M,$11.99B,450K
427,Cintas,CTAS,Diversified Outsourcing Services,Cincinnati,Ohio,United States,$9.6B,$1.57B,$9.17B,46.5K
428,SpartanNash,SPTN,Wholesalers: Food and Grocery,Byron Center,Michigan,United States,$9.55B,$300K,$2.6B,15K
429,Ace Hardware,~,Wholesalers: Diversified,Oak Brook,Illinois,United States,$9.49B,$315M,$4.29B,12.5K
430,Analog Devices,ADI,Semiconductors and Other Electronic Components,Wilmington,Massachusetts,United States,$9.43B,$1.64B,$48.23B,24K
431,Eastman Chemical,EMN,Chemicals,Kingsport,Tennessee,United States,$9.38B,$905M,$15.21B,14K
432,Interactive Brokers Group,IBKR,Securities,Greenwich,Connecticut,United States,$9.38B,$755M,$150.14B,3K
433,Regions Financial,RF,Commercial Banks,Birmingham,Alabama,United States,$9.37B,$1.89B,$157.3B,19.64K
434,JetBlue Airways,JBLU,Airlines,Long Island City,New York,United States,$9.28B,$-795M,$16.84B,19.82K
435,Zoetis,ZTS,Pharmaceuticals,Parsippany,New Jersey,United States,$9.26B,$2.49B,$14.24B,13.8K
436,KeyCorp,KEY,Commercial Banks,Cleveland,Ohio,United States,$9.24B,$-161M,$187.17B,16.75K
437,Oscar Health,OSCR,Health Care: Insurance and Managed Care,New York,New York,United States,$9.18B,$25.4M,$4.84B,2.4K
438,Ovintiv,OVV,"Mining, Crude-Oil Production",Denver,Colorado,United States,$9.15B,$1.13B,$19.25B,1.62K
439,Seaboard,SEB,Food Production,Merriam,Kansas,United States,$9.1B,$88M,$7.67B,14K
440,Hertz Global Holdings,HTZ,"Automotive Retailing, Services",Estero,Florida,United States,$9.05B,$-2.86B,$21.8B,26K
441,Skechers U.S.A.,SKX,Apparel,Manhattan Beach,California,United States,$8.97B,$639.5M,$8.46B,15.1K
442,Altice USA,ATUS,Telecommunications,Long Island City,New York,United States,$8.95B,$-102.9M,$31.7B,10.9K
443,NOV,NOV,"Oil and Gas Equipment, Services",Houston,Texas,United States,$8.87B,$635M,$11.36B,34.01K
444,Graphic Packaging Holding,GPK,"Packaging, Containers",Atlanta,Georgia,United States,$8.81B,$658M,$11.14B,23K
445,Avery Dennison,AVY,"Packaging, Containers",Mentor,Ohio,United States,$8.76B,$704.9M,$8.4B,35K
446,Equinix,EQIX,Real estate,Redwood City,California,United States,$8.75B,$815M,$35.09B,13.61K
447,Insight Enterprises,NSIT,Information Technology Services,Chandler,Arizona,United States,$8.7B,$249.7M,$7.45B,14.32K
448,Sirius XM Holdings,SIRI,Entertainment,New York,New York,United States,$8.7B,$-1.67B,$27.52B,5.51K
449,PVH,PVH,Apparel,New York,New York,United States,$8.65B,$598.5M,$11.03B,22K
450,CenterPoint Energy,CNP,Utilities: Gas and Electric,Houston,Texas,United States,$8.64B,$1.02B,$43.77B,8.87K
451,WEC Energy Group,WEC,Utilities: Gas and Electric,Milwaukee,Wisconsin,United States,$8.6B,$1.53B,$47.36B,7.02K
452,Xylem,XYL,Industrial Machinery,Washington,District Of Columbia,United States,$8.56B,$890M,$16.49B,23K
453,Franklin Resources,BEN,Securities,San Mateo,California,United States,$8.48B,$464.8M,$32.46B,10.2K
454,PPL,PPL,Utilities: Gas and Electric,Allentown,Pennsylvania,United States,$8.46B,$888M,$41.07B,6.65K
455,Workday,WDAY,Computer Software,Pleasanton,California,United States,$8.45B,$526M,$17.98B,20.48K
456,Dover,DOV,Industrial Machinery,Downers Grove,Illinois,United States,$8.42B,$2.7B,$12.51B,24K
457,Packaging Corp. of America,PKG,"Packaging, Containers",Lake Forest,Illinois,United States,$8.38B,$805.1M,$8.83B,15.4K
458,ABM Industries,ABM,Diversified Outsourcing Services,New York,New York,United States,$8.36B,$81.4M,$5.1B,117K
459,Intuitive Surgical,ISRG,Medical Products and Equipment,Sunnyvale,California,United States,$8.35B,$2.32B,$18.74B,15.64K
460,American Financial Group,AFG,Insurance: Property and Casualty (Stock),Cincinnati,Ohio,United States,$8.32B,$887M,$30.84B,8.7K
461,Rockwell Automation,ROK,"Electronics, Electrical Equip.",Milwaukee,Wisconsin,United States,$8.26B,$952.5M,$11.23B,27K
462,Solventum,SOLV,Medical Products and Equipment,Maplewood,Minnesota,United States,$8.25B,$479M,$14.46B,22K
463,Old Republic International,ORI,Insurance: Property and Casualty (Stock),Chicago,Illinois,United States,$8.23B,$852.7M,$27.84B,9.4K
464,Securian Financial Group,~,"Insurance: Life, Health (stock)",St. Paul,Minnesota,United States,$8.23B,$283.3M,$74.28B,5.57K
465,Prologis,PLD,Real estate,San Francisco,California,United States,$8.2B,$3.73B,$95.33B,2.7K
466,J.M. Smucker,SJM,Food Consumer Products,Orrville,Ohio,United States,$8.18B,$744M,$20.27B,9K
467,Taylor Morrison Home,TMHC,Homebuilders,Scottsdale,Arizona,United States,$8.17B,$883.3M,$9.3B,3K
468,XPO,XPO,Transportation and Logistics,Greenwich,Connecticut,United States,$8.07B,$387M,$7.71B,39.5K
469,Voya Financial,VOYA,Diversified Financials,New York,New York,United States,$8.05B,$667M,$163.89B,10K
470,Palo Alto Networks,PANW,Network and Other Communications Equipment,Santa Clara,California,United States,$8.03B,$2.58B,$19.99B,15.29K
471,Vertiv Holdings,VRT,"Electronics, Electrical Equip.",Westerville,Ohio,United States,$8.01B,$495.8M,$9.13B,31K
472,Welltower,WELL,Real estate,Toledo,Ohio,United States,$7.99B,$951.7M,$51.04B,685
473,Foot Locker,FL,Specialty Retailers: Apparel,New York,New York,United States,$7.99B,$12M,$6.75B,30.22K
474,Par Pacific Holdings,PARR,Petroleum Refining,Houston,Texas,United States,$7.97B,$-33.3M,$3.83B,1.79K
475,TransDigm Group,TDG,Aerospace & Defense,Cleveland,Ohio,United States,$7.94B,$1.71B,$25.59B,16.6K
476,Commercial Metals,CMC,Metals,Irving,Texas,United States,$7.93B,$485.5M,$6.82B,13.18K
477,Post Holdings,POST,Food Consumer Products,St. Louis,Missouri,United States,$7.92B,$366.7M,$12.85B,11.48K
478,Masco,MAS,"Home Equipment, Furnishings",Livonia,Michigan,United States,$7.83B,$822M,$5.02B,18K
479,Rush Enterprises,RUSHB,"Automotive Retailing, Services",New Braunfels,Texas,United States,$7.8B,$304.2M,$4.62B,7.88K
480,KBR,KBR,Information Technology Services,Houston,Texas,United States,$7.74B,$375M,$6.66B,38K
481,Sprouts Farmers Market,SFM,Food & Drug Stores,Phoenix,Arizona,United States,$7.72B,$380.6M,$3.64B,35K
482,Williams-Sonoma,WSM,Specialty Retailers: Other,San Francisco,California,United States,$7.71B,$1.13B,$5.3B,19.6K
483,Zimmer Biomet Holdings,ZBH,Medical Products and Equipment,Warsaw,Indiana,United States,$7.68B,$903.8M,$21.37B,17K
484,CACI International,CACI,Information Technology Services,Reston,Virginia,United States,$7.66B,$419.9M,$6.8B,24K
485,Microchip Technology,MCHP,Semiconductors and Other Electronic Components,Chandler,Arizona,United States,$7.63B,$1.91B,$15.87B,22.3K
486,Watsco,WSO,Wholesalers: Diversified,Miami,Florida,United States,$7.62B,$536.3M,$4.48B,7.26K
487,Newell Brands,NWL,"Home Equipment, Furnishings",Atlanta,Georgia,United States,$7.58B,$-216M,$11B,23.7K
488,ARKO,ARKO,Specialty Retailers: Other,Richmond,Virginia,United States,$7.57B,$20.8M,$3.62B,11.77K
489,Sanmina,SANM,Semiconductors and Other Electronic Components,San Jose,California,United States,$7.57B,$222.5M,$4.82B,34.5K
490,Electronic Arts,EA,Entertainment,Redwood City,California,United States,$7.56B,$1.27B,$13.42B,13.7K
491,Yum Brands,YUM,Food Services,Louisville,Kentucky,United States,$7.55B,$1.49B,$6.73B,31.69K
492,Fastenal,FAST,Wholesalers: Diversified,Winona,Minnesota,United States,$7.55B,$1.15B,$4.7B,20.96K
493,CMS Energy,CMS,Utilities: Gas and Electric,Jackson,Michigan,United States,$7.51B,$1B,$35.92B,8.32K
494,Monster Beverage,MNST,Beverages,Corona,California,United States,$7.49B,$1.51B,$7.72B,6.04K
495,Endeavor Group Holdings,~,Entertainment,Beverly Hills,California,United States,$7.48B,$-782.4M,$20.57B,10K
496,Science Applications International,SAIC,Information Technology Services,Reston,Virginia,United States,$7.48B,$362M,$5.25B,24K
497,Core & Main,CNM,Wholesalers: Diversified,St. Louis,Missouri,United States,$7.44B,$411M,$5.87B,5.7K
498,Howmet Aerospace,HWM,Aerospace & Defense,Pittsburgh,Pennsylvania,United States,$7.43B,$1.16B,$10.52B,23.93K
498,Ingredion,INGR,Food Production,Westchester,Illinois,United States,$7.43B,$647M,$7.44B,11.2K
500,Vulcan Materials,VMC,"Building Materials, Glass",Birmingham,Alabama,United States,$7.42B,$911.9M,$17.1B,11.97K
501,Knight-Swift Transportation Hldgs.,KNX,"Trucking, Truck Leasing",Phoenix,Arizona,United States,$7.41B,$117.6M,$12.7B,35.3K
502,Nasdaq,NDAQ,Securities,New York,New York,United States,$7.4B,$1.12B,$30.39B,9.16K
503,Continental Resources,CLR,"Mining, Crude-Oil Production",Oklahoma City,Oklahoma,United States,$7.38B,$2.01B,$22.31B,1.4K
504,RPM International,RPM,Chemicals,Medina,Ohio,United States,$7.34B,$588.4M,$6.59B,17.21K
505,Ameren,AEE,Utilities: Gas and Electric,St. Louis,Missouri,United States,$7.32B,$1.18B,$44.6B,8.98K
506,Bath & Body Works,BBWI,Specialty Retailers: Other,Columbus,Ohio,United States,$7.31B,$798M,$4.87B,34.09K
507,Genworth Financial,GNW,"Insurance: Life, Health (stock)",Glen Allen,Virginia,United States,$7.29B,$299M,$86.87B,2.96K
508,Polaris,PII,Transportation Equipment,Medina,Minnesota,United States,$7.27B,$110.8M,$5.53B,15K
509,Ingersoll Rand,IR,Industrial Machinery,Davidson,North Carolina,United States,$7.24B,$838.6M,$18.01B,21K
510,UGI,UGI,Utilities: Gas and Electric,King of Prussia,Pennsylvania,United States,$7.21B,$269M,$15.1B,9.75K
511,Domtar,~,Forest and Paper Products,Fort Mill,South Carolina,United States,$7.15B,$-17M,$7.32B,13.7K
512,Penn Mutual Life Insurance,~,"Insurance: Life, Health (stock)",Conshohocken,Pennsylvania,United States,$7.14B,$1.33B,$48.16B,1.37K
513,Wynn Resorts,WYNN,"Hotels, Casinos, Resorts",Las Vegas,Nevada,United States,$7.13B,$501.1M,$12.98B,28K
514,Weyerhaeuser,WY,Forest and Paper Products,Seattle,Washington,United States,$7.12B,$396M,$16.54B,9.44K
515,T. Rowe Price,TROW,Securities,Baltimore,Maryland,United States,$7.09B,$2.1B,$13.47B,8.16K
516,Clorox,CLX,Household and Personal Products,Oakland,California,United States,$7.09B,$280M,$5.75B,8K
517,Moody's,MCO,Financial Data Services,New York,New York,United States,$7.09B,$2.06B,$15.51B,15.84K
518,ON Semiconductor,ON,Semiconductors and Other Electronic Components,Scottsdale,Arizona,United States,$7.08B,$1.57B,$14.09B,26.45K
519,Roper Technologies,ROP,Computer Software,Sarasota,Florida,United States,$7.04B,$1.55B,$31.33B,18.2K
520,Comfort Systems USA,FIX,Engineering & Construction,Houston,Texas,United States,$7.03B,$522.4M,$4.71B,18.3K
521,APi Group,APG,Engineering & Construction,New Brighton,Minnesota,United States,$7.02B,$250M,$8.15B,29K
522,Arista Networks,ANET,Network and Other Communications Equipment,Santa Clara,California,United States,$7B,$2.85B,$14.04B,4.41K
523,ODP,ODP,Specialty Retailers: Other,Boca Raton,Florida,United States,$7B,$-3M,$3.53B,19K
524,NGL Energy Partners,NGL,Pipelines,Tulsa,Oklahoma,United States,$6.96B,$-143.8M,$5.02B,607
525,Ametek,AME,"Scientific,Photographic and  Control Equipment",Berwyn,Pennsylvania,United States,$6.94B,$1.38B,$14.63B,21.5K
526,KB Home,KBH,Homebuilders,Los Angeles,California,United States,$6.93B,$655M,$6.94B,2.38K
527,Select Medical Holdings,SEM,Health Care: Medical Facilities,Mechanicsburg,Pennsylvania,United States,$6.93B,$214M,$5.61B,37.05K
528,Coca-Cola Consolidated,COKE,Beverages,Charlotte,North Carolina,United States,$6.9B,$633.1M,$5.31B,16K
529,Avantor,AVTR,"Scientific,Photographic and  Control Equipment",Radnor,Pennsylvania,United States,$6.78B,$711.5M,$12.11B,13.5K
530,Resideo Technologies,REZI,"Building Materials, Glass",Scottsdale,Arizona,United States,$6.76B,$116M,$8.2B,14.6K
531,Parsons,PSN,Aerospace & Defense,Chantilly,Virginia,United States,$6.75B,$235.1M,$5.49B,19.6K
532,Boise Cascade,BCC,Wholesalers: Diversified,Boise,Idaho,United States,$6.72B,$376.4M,$3.37B,7.56K
533,McCormick,MKC,Food Consumer Products,Hunt Valley,Maryland,United States,$6.72B,$788.5M,$13.07B,14.1K
534,Tapestry,TPR,Apparel,New York,New York,United States,$6.67B,$816M,$13.4B,15.55K
535,UFP Industries,UFPI,"Building Materials, Glass",Grand Rapids,Michigan,United States,$6.65B,$414.6M,$4.15B,15K
536,Hyatt Hotels,H,"Hotels, Casinos, Resorts",Chicago,Illinois,United States,$6.65B,$1.3B,$13.32B,52K
537,Ralph Lauren,RL,Apparel,New York,New York,United States,$6.63B,$646.3M,$6.6B,19.1K
538,Sonoco Products,SON,"Packaging, Containers",Hartsville,South Carolina,United States,$6.6B,$163.9M,$12.51B,28K
539,Synopsys,SNPS,Computer Software,Sunnyvale,California,United States,$6.6B,$2.26B,$13.07B,20K
540,Dillard's,DDS,General Merchandisers,Little Rock,Arkansas,United States,$6.59B,$593.5M,$3.53B,24.45K
541,Insperity,NSP,Diversified Outsourcing Services,Kingwood,Texas,United States,$6.58B,$91M,$2.6B,4.5K
542,PENN Entertainment,PENN,"Hotels, Casinos, Resorts",Wyomissing,Pennsylvania,United States,$6.58B,$-311.5M,$15.26B,23.12K
543,Patterson,PDCO,Wholesalers: Health Care,St. Paul,Minnesota,United States,$6.57B,$185.9M,$2.9B,7.6K
544,Crown Castle,CCI,Real estate,Houston,Texas,United States,$6.57B,$-3.9B,$32.74B,3.9K
545,Coinbase Global,COIN,Securities,New York,New York,United States,$6.56B,$2.58B,$22.54B,3.77K
546,Olin,OLN,Chemicals,Clayton,Missouri,United States,$6.54B,$108.6M,$7.58B,7.68K
547,Martin Marietta Materials,MLM,"Building Materials, Glass",Raleigh,North Carolina,United States,$6.54B,$2B,$18.17B,9.4K
548,O-I Glass,OI,"Packaging, Containers",Perrysburg,Ohio,United States,$6.53B,$-106M,$8.65B,21K
549,Agilent Technologies,A,"Scientific,Photographic and  Control Equipment",Santa Clara,California,United States,$6.51B,$1.29B,$11.85B,17.9K
550,Broadridge Financial Solutions,BR,Financial Data Services,Lake Success,New York,United States,$6.51B,$698.1M,$8.24B,14.6K
551,Lamb Weston Holdings,LW,Food Consumer Products,Eagle,Idaho,United States,$6.47B,$725.5M,$7.37B,10.7K
552,Warner Music Group,WMG,Entertainment,New York,New York,United States,$6.43B,$435M,$9.15B,5.8K
553,Organon,OGN,Pharmaceuticals,Jersey City,New Jersey,United States,$6.4B,$864M,$13.1B,10K
554,Meritage Homes,MTH,Homebuilders,Scottsdale,Arizona,United States,$6.39B,$786.2M,$7.16B,1.9K
555,Primoris Services,PRIM,Engineering & Construction,Dallas,Texas,United States,$6.37B,$180.9M,$4.2B,15.72K
556,Levi Strauss,LEVI,Apparel,San Francisco,California,United States,$6.36B,$210.6M,$6.38B,18.7K
557,Flagstar Financial,FLG,Commercial Banks,Hicksville,New York,United States,$6.35B,$-1.12B,$100.16B,6.99K
558,Amkor Technology,AMKR,Semiconductors and Other Electronic Components,Tempe,Arizona,United States,$6.32B,$354M,$6.94B,28.3K
559,Spirit AeroSystems Holdings,SPR,Aerospace & Defense,Wichita,Kansas,United States,$6.32B,$-2.14B,$6.76B,20.37K
560,NetApp,NTAP,"Computers, Office Equipment",San Jose,California,United States,$6.27B,$986M,$9.89B,11.8K
561,Gartner,IT,Information Technology Services,Stamford,Connecticut,United States,$6.27B,$1.25B,$8.53B,21.04K
562,Hanover Insurance Group,THG,Insurance: Property and Casualty (Stock),Worcester,Massachusetts,United States,$6.24B,$426M,$15.27B,4.9K
563,Fortive,FTV,"Electronics, Electrical Equip.",Everett,Washington,United States,$6.23B,$832.9M,$17.02B,18K
564,Victoria's Secret,VSCO,Specialty Retailers: Apparel,Reynoldsburg,Ohio,United States,$6.23B,$165.3M,$4.53B,22K
565,Xerox Holdings,XRX,"Computers, Office Equipment",Norwalk,Connecticut,United States,$6.22B,$-1.32B,$8.37B,16.8K
566,Edwards Lifesciences,EW,Medical Products and Equipment,Irvine,California,United States,$6.17B,$4.17B,$13.06B,15.8K
567,Iron Mountain,IRM,Diversified Outsourcing Services,Portsmouth,New Hampshire,United States,$6.15B,$180.2M,$18.72B,28.85K
568,Autodesk,ADSK,Computer Software,San Francisco,California,United States,$6.13B,$1.11B,$10.83B,15.3K
569,CME Group,CME,Securities,Chicago,Illinois,United States,$6.13B,$3.53B,$137.45B,3.76K
570,First American Financial,FAF,Insurance: Property and Casualty (Stock),Santa Ana,California,United States,$6.13B,$131.1M,$14.91B,19.04K
571,American Axle & Manufacturing,AXL,Motor Vehicles & Parts,Detroit,Michigan,United States,$6.12B,$35M,$5.06B,19K
572,Coty,COTY,Household and Personal Products,New York,New York,United States,$6.12B,$89.4M,$12.08B,11.79K
573,Petco Health and Wellness,WOOF,Specialty Retailers: Other,San Diego,California,United States,$6.12B,$-101.8M,$5.19B,29K
574,Church & Dwight,CHD,Household and Personal Products,Ewing,New Jersey,United States,$6.11B,$585.3M,$8.88B,5.75K
575,Camping World Holdings,CWH,"Automotive Retailing, Services",Lincolnshire,Illinois,United States,$6.1B,$-38.6M,$4.86B,12.88K
576,Agilon health,AGL,Health Care: Pharmacy and Other Services,Westerville,Ohio,United States,$6.06B,$-260.2M,$1.73B,1.08K
577,Huntsman,HUN,Chemicals,The Woodlands,Texas,United States,$6.04B,$-189M,$7.11B,6.3K
578,Regal Rexnord,RRX,"Electronics, Electrical Equip.",Milwaukee,Wisconsin,United States,$6.03B,$196.2M,$14.03B,30.55K
579,Ardent Health Partners,ARDT,Health Care: Medical Facilities,Brentwood,Tennessee,United States,$5.97B,$210.3M,$4.96B,22.05K
580,Simon Property Group,SPG,Real estate,Indianapolis,Indiana,United States,$5.96B,$2.37B,$32.41B,2.8K
581,Fortinet,FTNT,Computer Software,Sunnyvale,California,United States,$5.96B,$1.75B,$9.76B,14.14K
582,Stifel Financial,SF,Securities,St. Louis,Missouri,United States,$5.95B,$731.4M,$39.9B,9K
583,Frontier Communications,FYBR,Telecommunications,Dallas,Texas,United States,$5.94B,$-322M,$20.61B,13.03K
584,CF Industries Holdings,CF,Chemicals,Northbrook,Illinois,United States,$5.94B,$1.22B,$13.47B,2.8K
585,Academy Sports and Outdoors,ASO,Specialty Retailers: Other,Katy,Texas,United States,$5.93B,$418.4M,$4.9B,15.96K
586,Clean Harbors,CLH,Waste Management,Norwell,Massachusetts,United States,$5.89B,$402.3M,$7.38B,24.01K
587,SS&C Technologies Holdings,SSNC,Computer Software,Windsor,Connecticut,United States,$5.88B,$760.5M,$19.04B,26.8K
588,Silgan Holdings,SLGN,"Packaging, Containers",Stamford,Connecticut,United States,$5.85B,$276.4M,$8.58B,17.32K
589,Evergy,EVRG,Utilities: Gas and Electric,Kansas City,Missouri,United States,$5.85B,$873.5M,$32.28B,4.73K
590,Annaly Capital Management,NLY,Diversified Financials,New York,New York,United States,$5.84B,$1B,$103.56B,191
591,Old Dominion Freight Line,ODFL,"Trucking, Truck Leasing",Thomasville,North Carolina,United States,$5.81B,$1.19B,$5.49B,21.89K
592,Robert Half,RHI,Diversified Outsourcing Services,Menlo Park,California,United States,$5.8B,$251.6M,$2.85B,14.7K
593,Lyft,LYFT,Internet Services and Retailing,San Francisco,California,United States,$5.79B,$22.8M,$5.44B,2.93K
594,Chemours,CC,Chemicals,Wilmington,Delaware,United States,$5.78B,$86M,$7.51B,6K
595,Globe Life,GL,"Insurance: Life, Health (stock)",McKinney,Texas,United States,$5.78B,$1.07B,$29.08B,3.73K
596,Marvell Technology,MRVL,Semiconductors and Other Electronic Components,Wilmington,Delaware,United States,$5.77B,$-885M,$20.2B,7.04K
597,Darling Ingredients,DAR,Food Production,Irving,Texas,United States,$5.72B,$278.9M,$10.07B,15.5K
598,Under Armour,UAA,Apparel,Baltimore,Maryland,United States,$5.7B,$232M,$4.76B,10.9K
599,Anywhere Real Estate,HOUS,Real estate,Madison,New Jersey,United States,$5.69B,$-128M,$5.64B,7.86K
600,OneMain Holdings,OMF,Diversified Financials,Evansville,Indiana,United States,$5.69B,$509M,$25.91B,9K
601,Host Hotels & Resorts,HST,Real estate,Bethesda,Maryland,United States,$5.68B,$697M,$13.05B,165
602,Equifax,EFX,Financial Data Services,Atlanta,Georgia,United States,$5.68B,$604.1M,$11.76B,14.7K
603,Teledyne Technologies,TDY,Aerospace & Defense,Thousand Oaks,California,United States,$5.67B,$819.2M,$14.2B,14.9K
604,Ingles Markets,IMKTA,Food & Drug Stores,Black Mountain,North Carolina,United States,$5.64B,$105.5M,$2.53B,18.72K
605,Compass,COMP,Internet Services and Retailing,New York,New York,United States,$5.63B,$-154.4M,$1.18B,2.57K
606,Hubbell,HUBB,"Electronics, Electrical Equip.",Shelton,Connecticut,United States,$5.63B,$777.8M,$6.68B,17.7K
607,U-Haul Holding,UHAL,"Trucking, Truck Leasing",Reno,Nevada,United States,$5.63B,$628.7M,$19.06B,26.07K
608,CUNA Mutual Group,~,"Insurance: Life, Health (stock)",Madison,Wisconsin,United States,$5.6B,$213.3M,$47.68B,4.15K
609,Digital Realty Trust,DLR,Real estate,Dallas,Texas,United States,$5.55B,$602.5M,$45.28B,3.94K
610,Urban Outfitters,URBN,Specialty Retailers: Apparel,Philadelphia,Pennsylvania,United States,$5.55B,$402.5M,$4.52B,20.16K
611,CommScope Holding,COMM,Network and Other Communications Equipment,Claremont,North Carolina,United States,$5.53B,$-315.5M,$8.75B,20K
612,GMS,GMS,Wholesalers: Diversified,Tucker,Georgia,United States,$5.5B,$276.1M,$3.76B,7.62K
613,Mercury General,MCY,Insurance: Property and Casualty (Stock),Los Angeles,California,United States,$5.48B,$468M,$8.31B,4.2K
614,Sentry Insurance Group,~,Insurance: Property and Casualty (Mutual),Stevens Point,Wisconsin,United States,$5.47B,$456.7M,$27.43B,4.66K
615,Coterra Energy,CTRA,"Mining, Crude-Oil Production",Houston,Texas,United States,$5.46B,$1.12B,$21.63B,915
616,NiSource,NI,Utilities: Gas and Electric,Merrillville,Indiana,United States,$5.46B,$760.4M,$31.79B,7.72K
617,Greif,GEF,"Packaging, Containers",Delaware,Ohio,United States,$5.45B,$268.8M,$6.65B,14K
618,Carlyle Group,CG,Securities,Washington,District Of Columbia,United States,$5.43B,$1.02B,$23.1B,2.3K
619,Rocket Companies,RKT,Diversified Financials,Detroit,Michigan,United States,$5.42B,$29.4M,$24.51B,14.2K
620,Nexstar Media Group,NXST,Entertainment,Irving,Texas,United States,$5.41B,$722M,$11.47B,12.39K
621,Sealed Air,SEE,"Packaging, Containers",Charlotte,North Carolina,United States,$5.39B,$264.7M,$7.02B,16.4K
622,Mattel,MAT,"Toys, Sporting Goods",El Segundo,California,United States,$5.38B,$541.8M,$6.54B,34K
623,Patterson-UTI Energy,PTEN,"Oil and Gas Equipment, Services",Houston,Texas,United States,$5.38B,$-968M,$5.83B,9.2K
624,Albemarle,ALB,Chemicals,Charlotte,North Carolina,United States,$5.38B,$-1.18B,$16.61B,8.3K
625,Texas Roadhouse,TXRH,Food Services,Louisville,Kentucky,United States,$5.37B,$433.6M,$3.19B,95K
626,Encompass Health,EHC,Health Care: Medical Facilities,Birmingham,Alabama,United States,$5.37B,$455.7M,$6.53B,31.82K
627,Snap,SNAP,Internet Services and Retailing,Santa Monica,California,United States,$5.36B,$-697.9M,$7.94B,4.91K
628,Take-Two Interactive Software,TTWO,Entertainment,New York,New York,United States,$5.35B,$-3.74B,$12.22B,12.37K
629,Lennox International,LII,Industrial Machinery,Richardson,Texas,United States,$5.34B,$806.9M,$3.47B,14.2K
630,Lineage,LINE,Real estate,Novi,Michigan,United States,$5.34B,$-664M,$18.66B,26K
631,Carlisle,CSL,"Building Materials, Glass",Scottsdale,Arizona,United States,$5.33B,$1.31B,$5.82B,5.6K
632,TopBuild,BLD,Engineering & Construction,Daytona Beach,Florida,United States,$5.33B,$622.6M,$4.74B,13.98K
633,American Eagle Outfitters,AEO,Specialty Retailers: Apparel,Pittsburgh,Pennsylvania,United States,$5.33B,$329.4M,$3.83B,26.5K
634,Pool,POOL,Wholesalers: Diversified,Covington,Louisiana,United States,$5.31B,$434.3M,$3.37B,6.1K
635,Maximus,MMS,Information Technology Services,McLean,Virginia,United States,$5.31B,$306.9M,$4.13B,47K
636,Cornerstone Building Brands,~,"Building Materials, Glass",Cary,North Carolina,United States,$5.3B,$-1.19B,$6.69B,18.8K
637,Schneider National,SNDR,Transportation and Logistics,Green Bay,Wisconsin,United States,$5.29B,$117M,$4.93B,19.4K
638,Paychex,PAYX,Diversified Outsourcing Services,Rochester,New York,United States,$5.28B,$1.69B,$10.38B,16.5K
639,EQT,EQT,Energy,Pittsburgh,Pennsylvania,United States,$5.27B,$230.6M,$39.83B,1.46K
640,Realty Income,O,Real estate,San Diego,California,United States,$5.27B,$860.8M,$68.83B,468
641,Chord Energy,CHRD,"Mining, Crude-Oil Production",Houston,Texas,United States,$5.25B,$848.6M,$13.03B,762
642,StandardAero,SARO,Aerospace & Defense,Scottsdale,Arizona,United States,$5.24B,$11M,$6.21B,7.7K
643,Brunswick,BC,Transportation Equipment,Mettawa,Illinois,United States,$5.24B,$130.1M,$5.68B,15.53K
644,Civitas Resources,CIVI,"Mining, Crude-Oil Production",Denver,Colorado,United States,$5.21B,$838.7M,$14.94B,655
645,Rithm Capital,RITM,Real estate,New York,New York,United States,$5.21B,$931.5M,$46.05B,6.04K
646,Tetra Tech,TTEK,Engineering & Construction,Pasadena,California,United States,$5.2B,$333.4M,$4.19B,30K
647,Veralto,VLTO,Waste Management,Waltham,Massachusetts,United States,$5.19B,$833M,$6.41B,16.75K
648,Ares Management,ARES,Securities,Los Angeles,California,United States,$5.19B,$463.7M,$24.88B,3.2K
649,Harley-Davidson,HOG,Transportation Equipment,Milwaukee,Wisconsin,United States,$5.19B,$455.4M,$11.88B,5.9K
650,Opendoor Technologies,OPEN,Internet Services and Retailing,Tempe,Arizona,United States,$5.15B,$-392M,$3.13B,1.47K
651,Primo Brands,PRMB,Beverages,Tampa,Florida,United States,$5.15B,$-16.4M,$11.19B,13.7K
652,Terex,TEX,Construction and Farm Machinery,Norwalk,Connecticut,United States,$5.13B,$335M,$5.73B,11.4K
653,Pinnacle West Capital,PNW,Utilities: Gas and Electric,Phoenix,Arizona,United States,$5.12B,$608.8M,$26.1B,6.4K
654,Southwest Gas Holdings,SWX,Utilities: Gas and Electric,Las Vegas,Nevada,United States,$5.11B,$198.8M,$12.02B,11.12K
655,Snap-on,SNA,Industrial Machinery,Kenosha,Wisconsin,United States,$5.11B,$1.04B,$7.9B,13K
656,Flowers Foods,FLO,Food Consumer Products,Thomasville,Georgia,United States,$5.1B,$248.1M,$3.4B,10.2K
657,Western Alliance Bancorp.,WAL,Commercial Banks,Phoenix,Arizona,United States,$5.08B,$787.7M,$80.93B,3.52K
658,Juniper Networks,JNPR,Network and Other Communications Equipment,Sunnyvale,California,United States,$5.07B,$287.9M,$10.01B,11.27K
659,TelevisaUnivision,~,Entertainment,Miami,Florida,United States,$5.06B,$-666.7M,$14.82B,14K
660,TriNet Group,TNET,Diversified Outsourcing Services,Dublin,California,United States,$5.05B,$173M,$4.12B,3.6K
661,First Horizon,FHN,Commercial Banks,Memphis,Tennessee,United States,$5.03B,$775M,$82.15B,7.2K
662,Brink's,BCO,Diversified Outsourcing Services,Richmond,Virginia,United States,$5.01B,$162.9M,$6.62B,67.1K
663,Permian Resources,PR,"Mining, Crude-Oil Production",Midland,Texas,United States,$5B,$984.7M,$16.9B,482
664,Option Care Health,OPCH,Health Care: Pharmacy and Other Services,Bannockburn,Illinois,United States,$5B,$211.8M,$3.42B,7.05K
665,Comerica,CMA,Commercial Banks,Dallas,Texas,United States,$4.99B,$698M,$79.3B,7.75K
665,Zions Bancorp.,ZION,Commercial Banks,Salt Lake City,Utah,United States,$4.99B,$784M,$88.78B,9.41K
667,Hilton Grand Vacations,HGV,"Hotels, Casinos, Resorts",Orlando,Florida,United States,$4.98B,$47M,$11.44B,21.8K
667,Zebra Technologies,ZBRA,"Electronics, Electrical Equip.",Lincolnshire,Illinois,United States,$4.98B,$528M,$7.97B,9.9K
669,Keysight Technologies,KEYS,"Scientific,Photographic and  Control Equipment",Santa Rosa,California,United States,$4.98B,$614M,$9.27B,15.5K
670,Venture Global,VG,Pipelines,Arlington,Virginia,United States,$4.97B,$1.54B,$43.49B,1.5K
671,Rivian Automotive,RIVN,Motor Vehicles & Parts,Irvine,California,United States,$4.97B,$-4.75B,$15.41B,14.86K
672,Marriott Vacations Worldwide,VAC,"Hotels, Casinos, Resorts",Orlando,Florida,United States,$4.97B,$218M,$9.81B,22.3K
673,Telephone & Data Systems,TDS,Telecommunications,Chicago,Illinois,United States,$4.96B,$-28M,$13.68B,7.9K
674,Toast,TOST,Financial Data Services,Boston,Massachusetts,United States,$4.96B,$19M,$2.41B,5.7K
675,Country Financial,~,Insurance: Property and Casualty (Mutual),Bloomington,Illinois,United States,$4.95B,$405.2M,$18.36B,3.34K
676,Abercrombie & Fitch,ANF,Specialty Retailers: Apparel,New Albany,Ohio,United States,$4.95B,$566.2M,$3.3B,22.9K
677,Somnigroup International,SGI,"Home Equipment, Furnishings",Lexington,Kentucky,United States,$4.93B,$384.3M,$5.98B,12K
678,Ventas,VTR,Real estate,Chicago,Illinois,United States,$4.92B,$81.2M,$26.19B,498
679,ADT,ADT,Diversified Outsourcing Services,Boca Raton,Florida,United States,$4.92B,$501.1M,$16.05B,12.8K
680,PriceSmart,PSMT,General Merchandisers,San Diego,California,United States,$4.91B,$138.9M,$2.02B,12K
681,Spirit Aviation Holdings,FLYY,Airlines,Dania Beach,Florida,United States,$4.91B,~,$9.6B,11.33K
682,Hanesbrands,HBI,Apparel,Winston-Salem,North Carolina,United States,$4.91B,$-320.4M,$3.84B,39.56K
683,Selective Insurance Group,SIGI,Insurance: Property and Casualty (Stock),Branchville,New Jersey,United States,$4.86B,$207M,$13.51B,2.8K
684,Puget Energy,~,Utilities: Gas and Electric,Bellevue,Washington,United States,$4.86B,$265.3M,$18.96B,3.26K
685,Landstar System,LSTR,"Trucking, Truck Leasing",Jacksonville,Florida,United States,$4.83B,$195.9M,$1.81B,1.44K
686,Brown & Brown,BRO,Insurance: Property and Casualty (Stock),Daytona Beach,Florida,United States,$4.8B,$993M,$17.61B,17.4K
687,Bread Financial Holdings,BFH,Financial Data Services,Columbus,Ohio,United States,$4.8B,$277M,$22.89B,6K
688,Weis Markets,WMK,Food & Drug Stores,Sunbury,Pennsylvania,United States,$4.79B,$109.9M,$2.11B,22K
689,Graham Holdings,GHC,Education,Arlington,Virginia,United States,$4.79B,$724.6M,$7.68B,17.54K
690,DraftKings,DKNG,"Hotels, Casinos, Resorts",Boston,Massachusetts,United States,$4.77B,$-507.3M,$4.28B,5.1K
691,EPAM Systems,EPAM,Information Technology Services,Newtown,Pennsylvania,United States,$4.73B,$454.5M,$4.75B,61.2K
692,Brighthouse Financial,BHF,"Insurance: Life, Health (stock)",Charlotte,North Carolina,United States,$4.72B,$388M,$238.54B,1.4K
693,AppLovin,APP,Computer Software,Palo Alto,California,United States,$4.71B,$1.58B,$5.87B,1.55K
694,Coherent,COHR,Semiconductors and Other Electronic Components,Saxonburg,Pennsylvania,United States,$4.71B,$-156.2M,$14.49B,26.16K
695,Domino's Pizza,DPZ,Food Services,Ann Arbor,Michigan,United States,$4.71B,$584.2M,$1.74B,8.55K
696,Dycom Industries,DY,Engineering & Construction,Palm Beach Gardens,Florida,United States,$4.7B,$233.4M,$2.95B,15.62K
697,Public Storage,PSA,Real estate,Glendale,California,United States,$4.7B,$2.07B,$19.75B,5.9K
698,ResMed,RMD,Medical Products and Equipment,San Diego,California,United States,$4.69B,$1.02B,$6.87B,9.98K
699,American Water Works,AWK,Utilities: Gas and Electric,Camden,New Jersey,United States,$4.68B,$1.05B,$32.83B,6.7K
700,Zoom Communications,ZM,Computer Software,San Jose,California,United States,$4.67B,$1.01B,$10.99B,7.41K
701,Cadence Design Systems,CDNS,Computer Software,San Jose,California,United States,$4.64B,$1.06B,$8.97B,12.71K
702,Kemper,KMPR,Insurance: Property and Casualty (Stock),Chicago,Illinois,United States,$4.64B,$317.8M,$12.63B,7.4K
703,AMC Entertainment Holdings,AMC,Entertainment,Leawood,Kansas,United States,$4.64B,$-352.6M,$8.25B,18.15K
704,Fortune Brands Innovations,FBIN,"Building Materials, Glass",Deerfield,Illinois,United States,$4.61B,$471.9M,$6.56B,11.04K
705,Ryerson Holding,RYI,Metals,Chicago,Illinois,United States,$4.6B,$-8.6M,$2.44B,4.2K
706,Toro,TTC,Construction and Farm Machinery,Bloomington,Minnesota,United States,$4.58B,$418.9M,$3.58B,11.11K
707,GoDaddy,GDDY,Internet Services and Retailing,Tempe,Arizona,United States,$4.57B,$936.9M,$8.24B,5.52K
708,Timken,TKR,Industrial Machinery,North Canton,Ohio,United States,$4.57B,$352.7M,$6.41B,19K
709,eXp World Holdings,EXPI,Real estate,Bellingham,Washington,United States,$4.57B,$-21.3M,$390.7M,2K
710,Flowserve,FLS,Industrial Machinery,Irving,Texas,United States,$4.56B,$282.8M,$5.5B,16K
711,RXO,RXO,"Trucking, Truck Leasing",Charlotte,North Carolina,United States,$4.55B,$-290M,$3.41B,8.71K
712,SiteOne Landscape Supply,SITE,Wholesalers: Diversified,Roswell,Georgia,United States,$4.54B,$123.6M,$3.07B,8.07K
713,East West Bancorp,EWBC,Commercial Banks,Pasadena,California,United States,$4.53B,$1.17B,$75.98B,3.1K
714,M/I Homes,MHO,Homebuilders,Columbus,Ohio,United States,$4.5B,$563.7M,$4.55B,1.76K
715,Tri Pointe Homes,TPH,Homebuilders,Incline Village,Nevada,United States,$4.49B,$458M,$4.89B,1.75K
716,Applied Industrial Technologies,AIT,Wholesalers: Diversified,Cleveland,Ohio,United States,$4.48B,$385.8M,$2.95B,6.5K
717,Bloomin' Brands,BLMN,Food Services,Tampa,Florida,United States,$4.48B,$-128M,$3.38B,81K
718,Twilio,TWLO,Internet Services and Retailing,San Francisco,California,United States,$4.46B,$-109.4M,$9.87B,5.54K
719,Floor & Decor Holdings,FND,Specialty Retailers: Other,Atlanta,Georgia,United States,$4.46B,$205.9M,$5.05B,12.05K
720,Dream Finders Homes,DFH,Homebuilders,Jacksonville,Florida,United States,$4.45B,$335.3M,$3.33B,1.69K
721,CNO Financial Group,CNO,"Insurance: Life, Health (stock)",Carmel,Indiana,United States,$4.45B,$404M,$37.85B,3.5K
722,Elanco Animal Health,ELAN,Pharmaceuticals,Greenfield,Indiana,United States,$4.44B,$338M,$12.61B,9.22K
723,Navient,NAVI,Diversified Financials,Herndon,Virginia,United States,$4.42B,$131M,$51.79B,2.1K
724,Brinker International,EAT,Food Services,Dallas,Texas,United States,$4.42B,$155.3M,$2.59B,68.85K
725,Century Communities,CCS,Homebuilders,Greenwood Village,Colorado,United States,$4.4B,$333.8M,$4.53B,1.87K
726,Leggett & Platt,LEG,"Home Equipment, Furnishings",Carthage,Missouri,United States,$4.38B,$-511.5M,$3.66B,17.7K
727,Catalent,CTLT,Pharmaceuticals,Somerset,New Jersey,United States,$4.38B,$-1.04B,$9.75B,16.9K
728,Illumina,ILMN,"Scientific,Photographic and  Control Equipment",San Diego,California,United States,$4.37B,$-1.22B,$6.3B,9.67K
729,Grocery Outlet Holding,GO,Food & Drug Stores,Emeryville,California,United States,$4.37B,$39.5M,$3.17B,2K
730,ATI,ATI,Metals,Dallas,Texas,United States,$4.36B,$367.8M,$5.23B,7.7K
731,Atlassian,TEAM,Computer Software,San Francisco,California,United States,$4.36B,$-300.5M,$5.21B,12.16K
732,Popular,BPOP,Commercial Banks,Hato Rey,Puerto Rico,United States,$4.33B,$614.2M,$73.05B,9.23K
733,Kelly Services,KELYA,Diversified Outsourcing Services,Troy,Michigan,United States,$4.33B,$-600K,$2.63B,5.57K
734,Medical Mutual of Ohio,~,"Insurance: Life, Health (Mutual)",Cleveland,Ohio,United States,$4.33B,$-241.7M,$2.7B,3.62K
735,Tutor Perini,TPC,Engineering & Construction,Sylmar,California,United States,$4.33B,$-163.7M,$4.24B,7.5K
736,Antero Resources,AR,"Mining, Crude-Oil Production",Denver,Colorado,United States,$4.33B,$57.2M,$13.01B,616
737,V2X,VVX,Aerospace & Defense,Reston,Virginia,United States,$4.32B,$34.7M,$3.23B,16.1K
738,Upbound Group,UPBD,Specialty Retailers: Other,Plano,Texas,United States,$4.32B,$123.5M,$2.65B,11.97K
739,NCR Atleos,NATL,Financial Data Services,Atlanta,Georgia,United States,$4.32B,$91M,$5.55B,20K
740,Liberty Energy,LBRT,"Oil and Gas Equipment, Services",Denver,Colorado,United States,$4.32B,$316M,$3.3B,5.7K
741,Hyster-Yale,HY,Industrial Machinery,Cleveland,Ohio,United States,$4.31B,$142.3M,$2.03B,8.5K
742,Generac Holdings,GNRC,Industrial Machinery,Waukesha,Wisconsin,United States,$4.3B,$316.3M,$5.11B,7.31K
743,Deckers Outdoor,DECK,Apparel,Goleta,California,United States,$4.29B,$759.6M,$3.14B,4.8K
744,Viasat,VSAT,Network and Other Communications Equipment,Carlsbad,California,United States,$4.28B,$-1.07B,$16.33B,7.5K
745,Ensign Group,ENSG,Health Care: Medical Facilities,San Juan Capistrano,California,United States,$4.26B,$298M,$4.67B,39.3K
746,FMC,FMC,Chemicals,Philadelphia,Pennsylvania,United States,$4.25B,$341.1M,$11.65B,5.7K
747,Incyte,INCY,Pharmaceuticals,Wilmington,Delaware,United States,$4.24B,$32.6M,$5.44B,2.62K
748,Topgolf Callaway Brands,MODG,Entertainment,Carlsbad,California,United States,$4.24B,$-1.45B,$7.64B,30K
749,Copart,CPRT,"Automotive Retailing, Services",Dallas,Texas,United States,$4.24B,$1.36B,$8.43B,13.09K
750,Peabody Energy,BTU,"Mining, Crude-Oil Production",St. Louis,Missouri,United States,$4.24B,$370.9M,$5.95B,5.6K
751,Expand Energy,EXE,"Mining, Crude-Oil Production",Oklahoma City,Oklahoma,United States,$4.24B,$-714M,$27.89B,1.6K
752,Western Union,WU,Financial Data Services,Denver,Colorado,United States,$4.21B,$934.2M,$8.37B,9.1K
753,First Solar,FSLR,Energy,Tempe,Arizona,United States,$4.21B,$1.29B,$12.12B,8.1K
754,Calumet,CLMT,Petroleum Refining,Indianapolis,Indiana,United States,$4.19B,$-222M,$2.76B,1.62K
755,Service Corp. International,SCI,Miscellaneous,Houston,Texas,United States,$4.19B,$518.6M,$17.38B,21.32K
756,TransUnion,TRU,Financial Data Services,Chicago,Illinois,United States,$4.18B,$284.4M,$10.98B,13.4K
757,Webster Financial,WBS,Commercial Banks,Stamford,Connecticut,United States,$4.18B,$768.7M,$79.03B,4.35K
758,ArcBest,ARCB,"Trucking, Truck Leasing",Fort Smith,Arkansas,United States,$4.18B,$174M,$2.43B,14K
759,Brown-Forman,BF.B,Beverages,Louisville,Kentucky,United States,$4.18B,$1.02B,$8.17B,5.7K
759,Skyworks Solutions,SWKS,Semiconductors and Other Electronic Components,Irvine,California,United States,$4.18B,$596M,$8.28B,10.05K
761,Atmos Energy,ATO,Utilities: Gas and Electric,Dallas,Texas,United States,$4.17B,$1.04B,$25.19B,5.26K
762,Chart Industries,GTLS,Industrial Machinery,Ball Ground,Georgia,United States,$4.16B,$218.5M,$9.12B,11.93K
763,Hasbro,HAS,"Toys, Sporting Goods",Pawtucket,Rhode Island,United States,$4.14B,$385.6M,$6.34B,4.99K
764,Roku,ROKU,Entertainment,San Jose,California,United States,$4.11B,$-129.4M,$4.3B,3.34K
765,Crocs,CROX,Apparel,Broomfield,Colorado,United States,$4.1B,$950.1M,$4.81B,7.91K
766,ASGN,ASGN,Diversified Outsourcing Services,Glen Allen,Virginia,United States,$4.1B,$175.2M,$3.43B,13.85K
767,Cboe Global Markets,CBOE,Securities,Chicago,Illinois,United States,$4.09B,$764.9M,$7.79B,1.69K
768,Valmont Industries,VMI,Metals,Omaha,Nebraska,United States,$4.08B,$348.3M,$3.33B,10.99K
769,Charles River Laboratories International,CRL,Health Care: Pharmacy and Other Services,Wilmington,Massachusetts,United States,$4.05B,$22.2M,$7.53B,19.4K
770,NLV Financial,~,"Insurance: Life, Health (stock)",Montpelier,Vermont,United States,$4.03B,$573.6M,$55.23B,1.46K
771,DexCom,DXCM,Medical Products and Equipment,San Diego,California,United States,$4.03B,$576.2M,$6.48B,10.25K
772,Hologic,HOLX,Medical Products and Equipment,Marlborough,Massachusetts,United States,$4.03B,$789.5M,$9.16B,7.06K
773,Ciena,CIEN,Network and Other Communications Equipment,Hanover,Maryland,United States,$4.01B,$84M,$5.64B,8.61K
774,Lincoln Electric Holdings,LECO,Industrial Machinery,Cleveland,Ohio,United States,$4.01B,$466.1M,$3.52B,12K
775,Granite Construction,GVA,Engineering & Construction,Watsonville,California,United States,$4.01B,$126.3M,$3.03B,3.35K
776,Align Technology,ALGN,Medical Products and Equipment,Tempe,Arizona,United States,$4B,$421.4M,$6.21B,20.95K
777,Cabot,CBT,Chemicals,Boston,Massachusetts,United States,$3.99B,$380M,$3.74B,4.15K
778,Akamai Technologies,AKAM,Internet Services and Retailing,Cambridge,Massachusetts,United States,$3.99B,$504.9M,$10.37B,10.75K
779,Euronet Worldwide,EEFT,Financial Data Services,Leawood,Kansas,United States,$3.99B,$306M,$5.83B,10.6K
780,Alliant Energy,LNT,Utilities: Gas and Electric,Madison,Wisconsin,United States,$3.98B,$690M,$22.71B,3K
781,Corpay,CPAY,Financial Data Services,Atlanta,Georgia,United States,$3.97B,$1B,$17.96B,11.2K
782,Wintrust Financial,WTFC,Commercial Banks,Rosemont,Illinois,United States,$3.97B,$695M,$64.88B,5.9K
783,Plexus,PLXS,Semiconductors and Other Electronic Components,Neenah,Wisconsin,United States,$3.96B,$111.8M,$3.15B,20K
784,CrowdStrike Holdings,CRWD,Computer Software,Austin,Texas,United States,$3.95B,$-19.3M,$8.7B,10.12K
785,Hub Group,HUBG,Transportation and Logistics,Oak Brook,Illinois,United States,$3.95B,$104M,$2.87B,6.47K
786,Boyd Gaming,BYD,"Hotels, Casinos, Resorts",Las Vegas,Nevada,United States,$3.93B,$578M,$6.39B,16.13K
787,AGNC Investment,AGNC,Real estate,Bethesda,Maryland,United States,$3.9B,$863M,$88.02B,53
788,IDEXX Laboratories,IDXX,Medical Products and Equipment,Westbrook,Maine,United States,$3.9B,$887.9M,$3.29B,11K
789,Cooper Cos.,COO,Medical Products and Equipment,San Ramon,California,United States,$3.9B,$392.3M,$12.32B,16K
790,Five Below,FIVE,Specialty Retailers: Other,Philadelphia,Pennsylvania,United States,$3.88B,$253.6M,$4.34B,15.25K
791,Middleby,MIDD,Industrial Machinery,Elgin,Illinois,United States,$3.88B,$428.4M,$7.28B,10.62K
792,Mettler-Toledo International,MTD,"Scientific,Photographic and  Control Equipment",Columbus,Ohio,United States,$3.87B,$863.1M,$3.24B,16.65K
793,Visteon,VC,Motor Vehicles & Parts,Van Buren Township,Michigan,United States,$3.87B,$274M,$2.86B,10K
794,Travel + Leisure,TNL,"Hotels, Casinos, Resorts",Orlando,Florida,United States,$3.86B,$411M,$6.74B,19K
795,HEICO,HEI,Aerospace & Defense,Hollywood,Florida,United States,$3.86B,$514.1M,$7.59B,10K
796,iHeartMedia,IHRT,Entertainment,San Antonio,Texas,United States,$3.85B,$-1.01B,$5.57B,9.09K
797,VICI Properties,VICI,Real estate,New York,New York,United States,$3.85B,$2.68B,$45.37B,27
798,Acuity,AYI,"Electronics, Electrical Equip.",Atlanta,Georgia,United States,$3.84B,$422.6M,$3.81B,13.2K
799,GameStop,GME,Specialty Retailers: Other,Grapevine,Texas,United States,$3.82B,$131.3M,$5.88B,11.75K
800,MSC Industrial Direct,MSM,Wholesalers: Diversified,Melville,New York,United States,$3.82B,$258.6M,$2.46B,7.31K
801,A.O. Smith,AOS,"Electronics, Electrical Equip.",Milwaukee,Wisconsin,United States,$3.82B,$533.6M,$3.24B,12.7K
802,Gen Digital,GEN,Computer Software,Tempe,Arizona,United States,$3.81B,$616M,$15.77B,3.4K
803,IAC,IAC,Internet Services and Retailing,New York,New York,United States,$3.81B,$-539.9M,$9.55B,8.3K
804,Chefs' Warehouse,CHEF,Wholesalers: Food and Grocery,Ridgefield,Connecticut,United States,$3.79B,$55.5M,$1.86B,5.03K
805,Dentsply Sirona,XRAY,Medical Products and Equipment,Charlotte,North Carolina,United States,$3.79B,$-910M,$5.75B,14K
806,CrossAmerica Partners,CAPL,Petroleum Refining,Allentown,Pennsylvania,United States,$3.78B,$22.5M,$1.11B,3.15K
807,JELD-WEN Holding,JELD,"Building Materials, Glass",Charlotte,North Carolina,United States,$3.78B,$-189M,$2.62B,16K
808,Frontier Group Holdings,ULCC,Airlines,Denver,Colorado,United States,$3.77B,$85M,$6.15B,7.91K
809,Sylvamo,SLVM,Forest and Paper Products,Memphis,Tennessee,United States,$3.77B,$302M,$2.6B,6.5K
810,Qorvo,QRVO,Semiconductors and Other Electronic Components,Greensboro,North Carolina,United States,$3.77B,$-70.3M,$6.55B,8.7K
811,Mueller Industries,MLI,Industrial Machinery,Collierville,Tennessee,United States,$3.77B,$604.9M,$3.29B,5.17K
812,SoFi Technologies,SOFI,Diversified Financials,San Francisco,California,United States,$3.77B,$498.7M,$36.25B,5K
813,Diebold Nixdorf,DBD,"Computers, Office Equipment",North Canton,Ohio,United States,$3.75B,$-16.5M,$3.54B,21K
814,LCI Industries,LCII,Motor Vehicles & Parts,Elkhart,Indiana,United States,$3.74B,$142.9M,$2.89B,11.5K
815,Sally Beauty Holdings,SBH,Specialty Retailers: Other,Denton,Texas,United States,$3.72B,$153.4M,$2.79B,19.5K
816,Patrick Industries,PATK,Motor Vehicles & Parts,Elkhart,Indiana,United States,$3.72B,$138.4M,$3.02B,10K
817,FTI Consulting,FCN,Diversified Outsourcing Services,Washington,District Of Columbia,United States,$3.7B,$280.1M,$3.6B,8.37K
818,Trimble,TRMB,"Electronics, Electrical Equip.",Westminster,Colorado,United States,$3.68B,$1.5B,$9.49B,12.1K
819,PennyMac Financial Services,PFSI,Diversified Financials,Westlake Village,California,United States,$3.68B,$311.4M,$26.09B,4.46K
820,Liberty Media,LSXMA,Entertainment,Englewood,Colorado,United States,$3.65B,$-2.06B,$12.95B,1.18K
821,Advantage Solutions,ADV,"Advertising, marketing",Clayton,Missouri,United States,$3.65B,$-327M,$3.11B,43K
822,Pinterest,PINS,Internet Services and Retailing,San Francisco,California,United States,$3.65B,$1.86B,$5.34B,4.67K
823,Gray Media,GTN,Entertainment,Atlanta,Georgia,United States,$3.64B,$375M,$10.54B,9.31K
824,Hawaiian Electric Industries,HE,Utilities: Gas and Electric,Honolulu,Hawaii,United States,$3.64B,$-1.43B,$8.93B,2.6K
825,ChampionX,CHX,"Oil and Gas Equipment, Services",The Woodlands,Texas,United States,$3.63B,$320.3M,$3.47B,7.1K
826,ITT,ITT,Industrial Machinery,Stamford,Connecticut,United States,$3.63B,$518.3M,$4.71B,11.7K
827,MillerKnoll,MLKN,"Home Equipment, Furnishings",Zeeland,Michigan,United States,$3.63B,$82.3M,$4.04B,10.2K
828,Snowflake,SNOW,Internet Services and Retailing,Bozeman,Montana,United States,$3.63B,$-1.29B,$9.03B,7.83K
829,H&R Block,HRB,Diversified Financials,Kansas City,Missouri,United States,$3.61B,$595.3M,$3.22B,37.55K
830,Moog,MOG.A,Aerospace & Defense,East Aurora,New York,United States,$3.61B,$207.2M,$4.09B,13.5K
831,Western Midstream Partners,WES,Pipelines,The Woodlands,Texas,United States,$3.61B,$1.57B,$13.14B,1.51K
832,Roblox,RBLX,Entertainment,San Mateo,California,United States,$3.6B,$-935.4M,$7.17B,2.47K
833,Donaldson,DCI,Industrial Machinery,Minneapolis,Minnesota,United States,$3.59B,$414M,$2.91B,14K
834,MKS,MKSI,Semiconductors and Other Electronic Components,Andover,Massachusetts,United States,$3.59B,$190M,$8.59B,10.15K
835,AptarGroup,ATR,"Packaging, Containers",Crystal Lake,Illinois,United States,$3.58B,$374.5M,$4.43B,13.5K
836,Valley National Bancorp,VLY,Commercial Banks,New York,New York,United States,$3.58B,$380.3M,$62.49B,3.73K
837,EnerSys,ENS,"Electronics, Electrical Equip.",Reading,Pennsylvania,United States,$3.58B,$269.1M,$3.47B,10.8K
838,Cheesecake Factory,CAKE,Food Services,Calabasas Hills,California,United States,$3.58B,$156.8M,$3.04B,47.9K
839,H.B. Fuller,FUL,Chemicals,St. Paul,Minnesota,United States,$3.57B,$130.3M,$4.93B,7.5K
840,Herc Holdings,HRI,Specialty Retailers: Other,Bonita Springs,Florida,United States,$3.57B,$211M,$7.88B,7.6K
841,Scotts Miracle-Gro,SMG,Chemicals,Marysville,Ohio,United States,$3.55B,$-34.9M,$2.87B,6.2K
842,Sinclair,SBGI,Entertainment,Hunt Valley,Maryland,United States,$3.55B,$310M,$5.88B,7.2K
843,Greenbrier,GBX,Transportation Equipment,Lake Oswego,Oregon,United States,$3.54B,$160.1M,$4.25B,14.2K
844,SkyWest,SKYW,Airlines,St. George,Utah,United States,$3.53B,$323M,$7.14B,13.74K
845,Matador Resources,MTDR,"Mining, Crude-Oil Production",Dallas,Texas,United States,$3.5B,$885.3M,$10.85B,452
846,Federated Mutual Insurance,~,Insurance: Property and Casualty (Mutual),Owatonna,Minnesota,United States,$3.5B,$539.2M,$13.5B,2.96K
847,TPG,TPG,Securities,Fort Worth,Texas,United States,$3.5B,$23.5M,$10.54B,1.9K
848,Bakkt Holdings,BKKT,Securities,Alpharetta,Georgia,United States,$3.49B,$-46.7M,$269.4M,559
849,Match Group,MTCH,Internet Services and Retailing,Dallas,Texas,United States,$3.48B,$551.3M,$4.47B,2.5K
850,BOK Financial,BOKF,Commercial Banks,Tulsa,Oklahoma,United States,$3.48B,$523.6M,$49.69B,5.06K
851,Garrett Motion,GTX,Motor Vehicles & Parts,Plymouth,Michigan,United States,$3.48B,$282M,$2.28B,7.8K
852,Cracker Barrel Old Country Store,CBRL,Food Services,Lebanon,Tennessee,United States,$3.47B,$40.9M,$2.16B,77.6K
853,Portland General Electric,POR,Utilities: Gas and Electric,Portland,Oregon,United States,$3.44B,$313M,$12.54B,2.92K
854,Synovus Financial,SNV,Commercial Banks,Columbus,Georgia,United States,$3.43B,$482.5M,$60.23B,4.7K
855,Worthington Steel,WS,Metals,Columbus,Ohio,United States,$3.43B,$154.7M,$1.87B,4.6K
856,Matson,MATX,Shipping,Honolulu,Hawaii,United States,$3.42B,$476.4M,$4.6B,4.36K
857,BXP,BXP,Real estate,Boston,Massachusetts,United States,$3.41B,$14.3M,$26.09B,816
858,Phinia,PHIN,Motor Vehicles & Parts,Auburn Hills,Michigan,United States,$3.4B,$79M,$3.77B,12.7K
859,Rollins,ROL,Diversified Outsourcing Services,Atlanta,Georgia,United States,$3.39B,$466.4M,$2.82B,20.27K
860,FirstCash Holdings,FCFS,Specialty Retailers: Other,Fort Worth,Texas,United States,$3.39B,$258.8M,$4.48B,20K
861,Extra Space Storage,EXR,Real estate,Salt Lake City,Utah,United States,$3.38B,$854.7M,$28.85B,8.01K
862,Instacart,CART,Internet Services and Retailing,San Francisco,California,United States,$3.38B,$457M,$4.12B,3.27K
863,Columbia Sportswear,COLM,Apparel,Portland,Oregon,United States,$3.37B,$223.3M,$2.98B,9.78K
864,Bruker,BRKR,"Scientific,Photographic and  Control Equipment",Billerica,Massachusetts,United States,$3.37B,$113.1M,$5.81B,11.4K
865,MYR Group,MYRG,Engineering & Construction,Thornton,Colorado,United States,$3.36B,$30.3M,$1.57B,8.5K
866,Conduent,CNDT,Diversified Outsourcing Services,Florham Park,New Jersey,United States,$3.36B,$426M,$2.6B,56K
867,TreeHouse Foods,THS,Food Consumer Products,Oak Brook,Illinois,United States,$3.35B,$26.9M,$3.98B,7.4K
868,Shift4 Payments,FOUR,Financial Data Services,Center Valley,Pennsylvania,United States,$3.33B,$229.6M,$5.04B,4K
869,Woodward,WWD,Aerospace & Defense,Fort Collins,Colorado,United States,$3.32B,$373M,$4.37B,9.3K
870,NCR Voyix,VYX,Computer Software,Atlanta,Georgia,United States,$3.28B,$958M,$4.45B,14K
871,Jackson Financial,JXN,"Insurance: Life, Health (stock)",Lansing,Michigan,United States,$3.27B,$946M,$338.45B,3.52K
872,IDEX,IEX,Industrial Machinery,Northbrook,Illinois,United States,$3.27B,$505M,$6.75B,9K
873,Kirby,KEX,Shipping,Houston,Texas,United States,$3.27B,$286.7M,$5.85B,5.41K
874,AdaptHealth,AHCO,Wholesalers: Health Care,Plymouth Meeting,Pennsylvania,United States,$3.26B,$90.4M,$4.49B,10.5K
875,ScanSource,SCSC,Wholesalers: Electronics and Office Equipment,Greenville,South Carolina,United States,$3.26B,$77.1M,$1.78B,2.3K
876,Entegris,ENTG,Semiconductors and Other Electronic Components,Billerica,Massachusetts,United States,$3.24B,$292.8M,$8.39B,8.2K
877,Avient,AVNT,Chemicals,Avon Lake,Ohio,United States,$3.24B,$169.5M,$5.81B,9.2K
878,Moderna,MRNA,Pharmaceuticals,Cambridge,Massachusetts,United States,$3.24B,$-3.56B,$14.14B,5.8K
879,First National of Nebraska,FINN,Commercial Banks,Omaha,Nebraska,United States,$3.23B,$412.4M,$32.25B,4.46K
880,Allison Transmission Holdings,ALSN,Motor Vehicles & Parts,Indianapolis,Indiana,United States,$3.23B,$731M,$5.34B,4K
881,Sun Communities,SUI,Real estate,Southfield,Michigan,United States,$3.22B,$89M,$16.55B,6.57K
882,Saia,SAIA,"Trucking, Truck Leasing",Johns Creek,Georgia,United States,$3.21B,$362.1M,$3.17B,15.3K
883,Amica Mutual Insurance,~,Insurance: Property and Casualty (Mutual),Lincoln,Rhode Island,United States,$3.21B,$104.1M,$7.03B,3.59K
884,Atkore,ATKR,"Electronics, Electrical Equip.",Harvey,Illinois,United States,$3.2B,$472.9M,$3.02B,5.43K
885,Central Garden & Pet,CENT,Household and Personal Products,Walnut Creek,California,United States,$3.2B,$108M,$3.55B,6.28K
886,California Resources,CRC,"Mining, Crude-Oil Production",Long Beach,California,United States,$3.2B,$376M,$7.13B,1.55K
887,Light & Wonder,LNW,"Hotels, Casinos, Resorts",Las Vegas,Nevada,United States,$3.19B,$336M,$5.42B,6.8K
888,Hillenbrand,HI,Industrial Machinery,Batesville,Indiana,United States,$3.18B,$-211M,$5.24B,10.45K
889,G-III Apparel Group,GIII,Apparel,New York,New York,United States,$3.18B,$193.6M,$2.48B,4.05K
890,RH,RH,Specialty Retailers: Other,Corte Madera,California,United States,$3.18B,$72.4M,$4.55B,6.01K
891,Pure Storage,PSTG,"Computers, Office Equipment",Santa Clara,California,United States,$3.17B,$106.7M,$3.96B,6K
892,Steelcase,SCS,"Home Equipment, Furnishings",Grand Rapids,Michigan,United States,$3.16B,$81.1M,$2.24B,11.89K
893,Acadia Healthcare,ACHC,Health Care: Medical Facilities,Franklin,Tennessee,United States,$3.15B,$255.6M,$5.96B,22.35K
894,Lazard,LAZ,Diversified Financials,New York,New York,United States,$3.14B,$279.9M,$4.79B,3.26K
895,Brookdale Senior Living,BKD,Health Care: Medical Facilities,Brentwood,Tennessee,United States,$3.13B,$-201.9M,$6.34B,30.24K
896,MRC Global,MRC,Wholesalers: Diversified,Houston,Texas,United States,$3.12B,$55M,$1.62B,2.6K
897,Primerica,PRI,"Insurance: Life, Health (stock)",Duluth,Georgia,United States,$3.12B,$470.5M,$14.58B,2.58K
898,Curtiss-Wright,CW,Aerospace & Defense,Davidson,North Carolina,United States,$3.12B,$405M,$4.99B,8.8K
899,Surgery Partners,SGRY,Health Care: Medical Facilities,Brentwood,Tennessee,United States,$3.11B,$-168.1M,$7.89B,15K
900,TEGNA,TGNA,Entertainment,Tysons,Virginia,United States,$3.1B,$599.8M,$7.33B,5.9K
901,Trinity Industries,TRN,Transportation Equipment,Dallas,Texas,United States,$3.08B,$138.4M,$8.83B,7.38K
902,Pinnacle Financial Partners,PNFP,Commercial Banks,Nashville,Tennessee,United States,$3.07B,$475.1M,$52.59B,3.57K
903,Alexandria Real Estate Equities,ARE,Real estate,Pasadena,California,United States,$3.06B,$322.9M,$37.53B,552
904,Cinemark Holdings,CNK,Entertainment,Plano,Texas,United States,$3.05B,$309.7M,$5.07B,19.23K
905,Teleflex,TFX,Medical Products and Equipment,Wayne,Pennsylvania,United States,$3.05B,$69.7M,$7.1B,14.1K
906,Werner Enterprises,WERN,"Trucking, Truck Leasing",Omaha,Nebraska,United States,$3.03B,$34.2M,$3.05B,12.9K
907,Sabre,SABR,Internet Services and Retailing,Southlake,Texas,United States,$3.03B,$-278.8M,$4.63B,6.25K
908,Murphy Oil,MUR,"Mining, Crude-Oil Production",Houston,Texas,United States,$3.03B,$407.2M,$9.67B,750
909,Kaiser Aluminum,KALU,Metals,Franklin,Tennessee,United States,$3.02B,$46.8M,$2.31B,4K
910,Designer Brands,DBI,Specialty Retailers: Apparel,Columbus,Ohio,United States,$3.01B,$-10.5M,$2.01B,14K
911,Hovnanian Enterprises,HOV,Homebuilders,Matawan,New Jersey,United States,$3B,$242M,$2.61B,1.88K
912,Evercore,EVR,Securities,New York,New York,United States,$3B,$378.3M,$4.17B,2.37K
913,Guess,GES,Specialty Retailers: Apparel,Los Angeles,California,United States,$3B,$60.4M,$2.77B,13K
914,SLM,SLM,Diversified Financials,Newark,Delaware,United States,$2.99B,$608.3M,$30.07B,1.71K
915,OGE Energy,OGE,Utilities: Gas and Electric,Oklahoma City,Oklahoma,United States,$2.99B,$441.5M,$13.72B,2.29K
916,AMN Healthcare Services,AMN,Health Care: Pharmacy and Other Services,Dallas,Texas,United States,$2.98B,$-147M,$2.42B,2.97K
917,Equity Residential,EQR,Real estate,Chicago,Illinois,United States,$2.98B,$1.04B,$20.83B,2.5K
918,Vontier,VNT,"Electronics, Electrical Equip.",Raleigh,North Carolina,United States,$2.98B,$422.2M,$4.31B,8K
919,DocuSign,DOCU,Computer Software,San Francisco,California,United States,$2.98B,$1.07B,$4.01B,6.84K
920,Winnebago Industries,WGO,Motor Vehicles & Parts,Eden Prairie,Minnesota,United States,$2.97B,$13M,$2.38B,5.7K
921,Genesis Energy,GEL,Pipelines,Houston,Texas,United States,$2.97B,$-63.9M,$7.04B,2.08K
922,Columbia Banking System,COLB,Commercial Banks,Tacoma,Washington,United States,$2.97B,$533.7M,$51.58B,4.72K
923,Spectrum Brands Holdings,SPB,Household and Personal Products,Middleton,Wisconsin,United States,$2.96B,$124.8M,$3.84B,3.1K
924,Waters,WAT,"Scientific,Photographic and  Control Equipment",Milford,Massachusetts,United States,$2.96B,$637.8M,$4.55B,7.6K
925,Alpha Metallurgical Resources,AMR,"Mining, Crude-Oil Production",Bristol,Tennessee,United States,$2.96B,$187.6M,$2.44B,4.04K
926,Old National Bancorp,ONB,Commercial Banks,Evansville,Indiana,United States,$2.96B,$539.2M,$53.55B,4.07K
927,BlueLinx Holdings,BXC,Wholesalers: Diversified,Marietta,Georgia,United States,$2.95B,$53.1M,$1.58B,1.99K
928,Robinhood Markets,HOOD,Securities,Menlo Park,California,United States,$2.95B,$1.41B,$26.19B,2.3K
929,Installed Building Products,IBP,Homebuilders,Columbus,Ohio,United States,$2.94B,$256.6M,$2.06B,10.8K
930,Louisiana-Pacific,LPX,"Building Materials, Glass",Nashville,Tennessee,United States,$2.94B,$420M,$2.57B,4.3K
931,Vishay Intertechnology,VSH,Semiconductors and Other Electronic Components,Malvern,Pennsylvania,United States,$2.94B,$-31.2M,$4.11B,22.7K
932,Crescent Energy,CRGY,"Mining, Crude-Oil Production",Houston,Texas,United States,$2.93B,$-114.6M,$9.16B,987
933,AvalonBay Communities,AVB,Real estate,Arlington,Virginia,United States,$2.91B,$1.08B,$21B,2.96K
934,Alight,ALIT,Diversified Outsourcing Services,Chicago,Illinois,United States,$2.91B,$-157M,$8.19B,9.5K
935,Cadence Bank,CADE,Commercial Banks,Tupelo,Mississippi,United States,$2.9B,$523.6M,$47.02B,5.33K
936,Knife River,KNF,"Building Materials, Glass",Bismarck,North Dakota,United States,$2.9B,$201.7M,$2.85B,4.76K
937,West Pharmaceutical Services,WST,Medical Products and Equipment,Exton,Pennsylvania,United States,$2.89B,$492.7M,$3.64B,10.6K
938,Energizer Holdings,ENR,Household and Personal Products,St. Louis,Missouri,United States,$2.89B,$38.1M,$4.34B,5.6K
939,Vail Resorts,MTN,"Hotels, Casinos, Resorts",Broomfield,Colorado,United States,$2.89B,$230.4M,$5.7B,30.45K
940,IES Holdings,IESC,Engineering & Construction,Houston,Texas,United States,$2.88B,$219.1M,$1.24B,9.45K
941,Verisk Analytics,VRSK,Financial Data Services,Jersey City,New Jersey,United States,$2.88B,$958.2M,$4.26B,7.8K
942,United Therapeutics,UTHR,Pharmaceuticals,Silver Spring,Maryland,United States,$2.88B,$1.2B,$7.36B,1.3K
943,Virtu Financial,VIRT,Diversified Financials,New York,New York,United States,$2.88B,$276.4M,$15.36B,969
944,Advanced Drainage Systems,WMS,"Building Materials, Glass",Hilliard,Ohio,United States,$2.87B,$509.9M,$3.27B,5.71K
945,UL Solutions,ULS,Diversified Outsourcing Services,Northbrook,Illinois,United States,$2.87B,$326M,$2.8B,14.95K
946,Palantir Technologies,PLTR,Computer Software,Denver,Colorado,United States,$2.87B,$462.2M,$6.34B,3.94K
947,MSCI,MSCI,Financial Data Services,New York,New York,United States,$2.86B,$1.11B,$5.45B,6.13K
948,BioMarin Pharmaceutical,BMRN,Pharmaceuticals,San Rafael,California,United States,$2.85B,$426.9M,$6.99B,3.04K
949,Cullen/Frost Bankers,CFR,Commercial Banks,San Antonio,Texas,United States,$2.85B,$582.5M,$52.52B,5.85K
950,Everus Construction Group,ECG,Engineering & Construction,Bismarck,North Dakota,United States,$2.85B,$143.4M,$1.29B,8.7K
951,Carter's,CRI,Apparel,Atlanta,Georgia,United States,$2.84B,$185.5M,$2.43B,15.35K
952,Stagwell,STGW,"Advertising, marketing",New York,New York,United States,$2.84B,$2.3M,$3.91B,13.23K
953,Teradyne,TER,Semiconductors and Other Electronic Components,North Reading,Massachusetts,United States,$2.82B,$542.4M,$3.71B,6.5K
954,F5,FFIV,Network and Other Communications Equipment,Seattle,Washington,United States,$2.82B,$566.8M,$5.61B,6.52K
955,Etsy,ETSY,Internet Services and Retailing,Brooklyn,New York,United States,$2.81B,$303.3M,$2.42B,2.4K
956,Vestis,VSTS,Diversified Outsourcing Services,Roswell,Georgia,United States,$2.81B,$21M,$2.93B,19.6K
957,Fortrea Holdings,FTRE,Health Care: Pharmacy and Other Services,Durham,North Carolina,United States,$2.8B,$-328.5M,$3.58B,15.19K
958,PC Connection,CNXN,Information Technology Services,Merrimack,New Hampshire,United States,$2.8B,$87.1M,$1.3B,2.58K
959,UMB Financial,UMBF,Commercial Banks,Kansas City,Missouri,United States,$2.8B,$441.2M,$50.41B,3.7K
960,Korn Ferry,KFY,Diversified Outsourcing Services,Los Angeles,California,United States,$2.8B,$169.2M,$3.68B,9.08K
961,Amneal Pharmaceuticals,AMRX,Pharmaceuticals,Bridgewater,New Jersey,United States,$2.79B,$-116.9M,$3.5B,8.3K
962,ModivCare,MODV,Health Care: Pharmacy and Other Services,Denver,Colorado,United States,$2.79B,$-201.3M,$1.65B,23.68K
963,NewMarket,NEU,Chemicals,Richmond,Virginia,United States,$2.79B,$462.4M,$3.13B,2.06K
964,QuidelOrtho,QDEL,Medical Products and Equipment,San Diego,California,United States,$2.78B,$-2.05B,$6.42B,6.6K
965,Bank OZK,OZK,Commercial Banks,Little Rock,Arkansas,United States,$2.77B,$716.5M,$38.26B,3.03K
966,BrightView Holdings,BV,Diversified Outsourcing Services,Blue Bell,Pennsylvania,United States,$2.77B,$66.4M,$3.39B,19.35K
967,Carpenter Technology,CRS,Metals,Philadelphia,Pennsylvania,United States,$2.76B,$186.5M,$3.29B,4.6K
968,Exact Sciences,EXAS,Medical Products and Equipment,Madison,Wisconsin,United States,$2.76B,$-1.03B,$5.93B,6.95K
969,Helmerich & Payne,HP,"Oil and Gas Equipment, Services",Tulsa,Oklahoma,United States,$2.76B,$344.2M,$5.78B,7K
970,Pitney Bowes,PBI,Computer Software,Stamford,Connecticut,United States,$2.76B,$-203.6M,$3.4B,7.2K
971,Revvity,RVTY,Medical Products and Equipment,Waltham,Massachusetts,United States,$2.75B,$270.4M,$12.39B,11K
972,Universal,UVV,Tobacco,Richmond,Virginia,United States,$2.75B,$119.6M,$2.94B,18.9K
973,Veeva Systems,VEEV,Health Care: Pharmacy and Other Services,Pleasanton,California,United States,$2.75B,$714.1M,$7.34B,7.29K
974,Vista Outdoor,VSTO,"Toys, Sporting Goods",Anoka,Minnesota,United States,$2.75B,$-5.5M,$2.4B,6.4K
975,ESAB,ESAB,Industrial Machinery,North Bethesda,Maryland,United States,$2.74B,$264.8M,$4.03B,9.3K
976,Radius Recycling,RDUS,Metals,Portland,Oregon,United States,$2.74B,$-266.4M,$1.53B,3.01K
977,Newmark Group,NMRK,Real estate,New York,New York,United States,$2.74B,$61.2M,$4.71B,7.5K
978,Rackspace Technology,RXT,Internet Services and Retailing,San Antonio,Texas,United States,$2.74B,$-858.2M,$3.05B,5.1K
979,CoStar Group,CSGP,Internet Services and Retailing,Arlington,Virginia,United States,$2.74B,$138.7M,$9.26B,6.59K
980,Churchill Downs,CHDN,"Hotels, Casinos, Resorts",Louisville,Kentucky,United States,$2.73B,$426.8M,$7.28B,7.67K
981,Air Lease,AL,Equipment Leasing,Los Angeles,California,United States,$2.73B,$427.7M,$32.28B,165
982,Cooper-Standard Holdings,CPS,Motor Vehicles & Parts,Northville,Michigan,United States,$2.73B,$-78.7M,$1.73B,23.25K
983,Caleres,CAL,Specialty Retailers: Apparel,St. Louis,Missouri,United States,$2.72B,$107.3M,$1.89B,7.1K
984,Six Flags Entertainment,FUN,Entertainment,Charlotte,North Carolina,United States,$2.71B,$-231.2M,$9.13B,51.5K
985,WK Kellogg,KLG,Food Consumer Products,Battle Creek,Michigan,United States,$2.71B,$72M,$1.96B,3.28K
986,BWX Technologies,BWXT,Aerospace & Defense,Lynchburg,Virginia,United States,$2.7B,$281.9M,$2.87B,8.7K
987,Alignment Healthcare,ALHC,Health Care: Insurance and Managed Care,Orange,California,United States,$2.7B,$-128M,$782.1M,1.68K
988,Titan Machinery,TITN,Wholesalers: Diversified,West Fargo,North Dakota,United States,$2.7B,$-36.9M,$1.81B,3.49K
989,Peloton Interactive,PTON,"Toys, Sporting Goods",New York,New York,United States,$2.7B,$-551.9M,$2.19B,2.89K
990,Healthpeak Properties,DOC,Real estate,Denver,Colorado,United States,$2.7B,$243.1M,$19.94B,387
991,MasterBrand,MBC,"Building Materials, Glass",Beachwood,Ohio,United States,$2.7B,$125.9M,$2.93B,13.32K
992,Fluence Energy,FLNC,Energy,Arlington,Virginia,United States,$2.7B,$22.7M,$1.9B,1.59K
993,SM Energy,SM,"Mining, Crude-Oil Production",Denver,Colorado,United States,$2.69B,$770.3M,$8.58B,663
994,Nordson,NDSN,Industrial Machinery,Westlake,Ohio,United States,$2.69B,$467.3M,$6B,8K
995,Bright Horizons Family Solutions,BFAM,Education,Newton,Massachusetts,United States,$2.69B,$140.2M,$3.85B,32.05K
996,Datadog,DDOG,Computer Software,New York,New York,United States,$2.68B,$183.7M,$5.79B,6.5K
997,SBA Communications,SBAC,Real estate,Boca Raton,Florida,United States,$2.68B,$749.5M,$11.42B,1.72K
998,Quad/Graphics,QUAD,"Publishing, Printing",Sussex,Wisconsin,United States,$2.67B,$-50.9M,$1.3B,12.2K
999,Americold Realty Trust,COLD,Real estate,Atlanta,Georgia,United States,$2.67B,$-94.3M,$7.74B,13.76K
1000,KinderCare Learning,KLC,Education,Lake Oswego,Oregon,United States,$2.66B,$-92.8M,$3.65B,43.69K
