Name,ID,Country,Website,Groups,Aggregated subsidiaries,Region,Stage,Sector,Description,Description source,Description link,Description date,Publications: AI publications,Publications: Recent AI publication growth,Publications: AI publication percentage,Publications: AI publications in top conferences,Publications: Citations to AI research,Publications: CV publications,Publications: NLP publications,Publications: Robotics publications,Publications: AI safety publications,Publications: Large language model publications,Publications: Total publications,Patents: AI patents,Patents: AI patents: recent growth,Patents: AI patent percentage,Patents: Granted AI patents,Patents: Total patents,Patents: AI use cases: Agriculture,Patents: AI use cases: Banking and finance,Patents: AI use cases: Business,Patents: AI use cases: Computing in government,Patents: AI use cases: Document management and publishing,Patents: AI use cases: Education,Patents: AI use cases: Energy,Patents: AI use cases: Entertainment,Patents: AI use cases: Industry and manufacturing,Patents: AI use cases: Life sciences,Patents: AI use cases: Military,Patents: AI use cases: Nanotechnology,Patents: AI use cases: Networking,Patents: AI use cases: Personal devices and computing,Patents: AI use cases: Physical sciences and engineering,Patents: AI use cases: Security,Patents: AI use cases: Semiconductors,Patents: AI use cases: Telecommunications,Patents: AI use cases: Transportation,Patents: AI applications and techniques: Analytics and algorithms,Patents: AI applications and techniques: Computer vision,Patents: AI applications and techniques: Control,Patents: AI applications and techniques: Distributed AI,Patents: AI applications and techniques: Knowledge representation,Patents: AI applications and techniques: Language processing,Patents: AI applications and techniques: Measuring and testing,Patents: AI applications and techniques: Planning and scheduling,Patents: AI applications and techniques: Robotics,Patents: AI applications and techniques: Speech processing,Workforce: AI workers,Workforce: Tech Team 1 workers,City,State/province,PARAT link
Accenture,803,Ireland,https://www.accenture.com/,S&P 500,,Europe,Mature,Software & IT Services,"Accenture is a professional services company, providing services and solutions in strategy, consulting, digital, technology and operations.",crunchbase,https://www.crunchbase.com/organization/accenture,2024-05-16,454,16.82637068855463,27.9,30,7912,83,105,34,14,34,1630,502,1.7965563759322245,43.1,286,1164,3,37,153,0,0,5,5,1,12,34,0,0,5,366,3,51,1,98,9,31,71,37,8,108,32,13,126,0,23,14227,170540,Dublin,Dublin,https://parat.eto.tech/company/803-accenture
Cognizant,806,United States,https://www.cognizant.com,S&P 500,,North America,Mature,Software & IT Services,"Cognizant is a professional services company, transforming clients’ business, operating and technology models for the digital era.",crunchbase,https://www.crunchbase.com/organization/cognizant-technology-solutions,2024-05-16,179,9.112554112554111,27.5,2,11795,43,12,15,7,6,651,83,19.047619047619047,45.1,54,184,0,4,12,1,0,0,0,1,0,5,0,0,0,45,0,4,0,9,0,2,8,1,1,11,1,0,10,0,4,5554,135941,Teaneck,New Jersey,https://parat.eto.tech/company/806-cognizant
Amazon,23,United States,http://amazon.com,"S&P 500, Global Big Tech","Amazon Advertising, Amazon Web Services",North America,Mature,Retailers,"Amazon is a global tech firm with a focus on e-commerce, cloud computing, digital streaming, and artificial intelligence.",crunchbase,https://www.crunchbase.com/organization/amazon,2024-05-16,4019,6.785311734153633,57.3,1363,146538,835,1376,164,308,1078,7017,2168,23.73062329951459,17.6,1959,12306,0,66,280,1,1,13,5,15,52,29,0,0,7,1201,10,87,3,469,421,118,353,377,7,126,22,199,134,4,328,15009,134139,Seattle,Washington,https://parat.eto.tech/company/23-amazon
IBM,115,United States,http://www.ibm.com/,"S&P 500, Global Big Tech",,North America,Mature,Software & IT Services,"IBM is an IT technology and consulting firm providing computer hardware, software, infrastructure, and hosting services.",crunchbase,https://www.crunchbase.com/organization/ibm,2024-05-16,8030,-16.763501169280943,29.4,1693,340174,1248,1640,165,471,864,27329,9077,19.378012299178263,21.1,6381,43099,55,233,1179,28,2,134,72,53,139,659,0,23,204,5726,82,629,80,1505,264,480,812,395,112,1708,334,290,793,4,465,6536,120809,Armonk,New York,https://parat.eto.tech/company/115-ibm
Microsoft,163,United States,http://www.microsoft.com,"S&P 500, Global Big Tech, GenAI Contenders",,North America,Mature,Software & IT Services,"Microsoft is a software corporation that develops, manufactures, licenses, supports, and sells a range of software products and services.",crunchbase,https://www.crunchbase.com/organization/microsoft,2024-05-16,9900,-8.480979790536127,45.5,3814,902230,2672,2828,259,611,2220,21758,4281,5.524632777686087,20.6,2242,20779,5,32,722,4,0,49,22,65,23,163,0,6,235,3007,14,347,6,960,25,161,513,65,26,487,185,69,566,0,383,5598,108641,Redmond,Washington,https://parat.eto.tech/company/163-microsoft
Alphabet (including Google),796,United States,https://abc.xyz/,"S&P 500, Global Big Tech","Waymo, Google, Deepmind",North America,Mature,Software & IT Services,"Alphabet is a holding company that provides projects with resources, freedom, and focus to make their ideas happen.",crunchbase,https://www.crunchbase.com/organization/alphabet,2024-05-16,10067,-16.521175008144557,52.8,3982,1174586,2734,2151,530,763,2019,19082,4783,15.79736025891164,25.9,2401,18457,41,34,297,4,0,24,28,47,165,342,2,12,38,2209,23,173,17,819,406,325,984,423,18,158,73,360,172,12,653,5924,89655,Mountain View,California,https://parat.eto.tech/company/796-alphabet-including-google
Oracle,617,United States,https://www.oracle.com,"S&P 500, Global Big Tech",Cerner Corporation,North America,Mature,Software & IT Services,Oracle is an integrated cloud application and platform services that sells a range of enterprise information technology solutions.,crunchbase,https://www.crunchbase.com/organization/oracle,2024-05-16,280,0.7817303469477395,13.7,37,7902,36,90,5,21,35,2039,452,-9.024812990330231,23.2,241,1951,0,7,79,0,0,4,15,0,2,60,0,0,3,314,1,36,0,88,5,34,36,14,2,61,23,12,69,0,26,1241,53785,Redwood Shores,California,https://parat.eto.tech/company/617-oracle
Deloitte Touche Tohmatsu,804,United Kingdom,https://www2.deloitte.com,,,Europe,Mature,Industrial & Commercial Services,"Deloitte is a business consulting company that offers audit, consulting, financial advisory, and tax services.",crunchbase,https://www.crunchbase.com/organization/deloitte,2024-05-16,190,52.66266266266266,9.1,4,3559,25,19,7,8,9,2084,6,-75.0,23.1,5,26,0,0,1,0,0,0,0,0,0,1,0,0,0,3,0,0,0,1,0,0,1,0,0,0,0,0,1,0,0,6808,44949,London,London,https://parat.eto.tech/company/804-deloitte-touche-tohmatsu
Apple,27,United States,http://www.apple.com,"S&P 500, Global Big Tech",,North America,Mature,Technology Equipment,"Apple Inc. is an American multinational technology company headquartered in Cupertino, California, that designs, develops, and sells consumer electronics, computer software, and online services. It is considered one of the Big Five companies in the U.S. information technology industry, along with Amazon, Google, Microsoft, and Facebook. Its hardware products include the iPhone smartphone, the iPad tablet computer, the Mac personal computer, the iPod portable media player, the Apple Watch smartwatch, the Apple TV digital media player, the AirPods wireless earbuds, the AirPods Max headphones, and the HomePod smart speaker line. Apple's software includes iOS, iPadOS, macOS, watchOS, and tvOS operating systems, the iTunes media player, the Safari web browser, the Shazam music identifier, and the iLife and iWork creativity and productivity suites, as well as professional applications like Final Cut Pro X, Logic Pro, and Xcode. Its online services include the iTunes Store, the iOS App Store, Mac App Store, Apple Arcade, Apple Music, Apple TV+, Apple Fitness+, iMessage, and iCloud. Other services include Apple Store, Genius Bar, AppleCare, Apple Pay, Apple Pay Cash, and Apple Card.",wikipedia,https://en.wikipedia.org/wiki/Apple_Inc.,2021-03-18,530,4.4144377346580335,37.2,143,31040,144,153,38,34,127,1423,836,15.00829693490244,3.7,490,22731,0,8,23,1,0,2,11,16,2,78,0,0,3,417,1,44,0,270,45,107,211,45,2,41,15,67,9,0,79,3733,37701,Cupertino,California,https://parat.eto.tech/company/27-apple
Cisco Systems,383,United States,http://www.cisco.com,"S&P 500, Global Big Tech",,North America,Mature,Technology Equipment,"Cisco develops, manufactures, and sells networking hardware, telecommunications equipment, and other technology services and products.",crunchbase,https://www.crunchbase.com/organization/cisco,2024-05-16,285,26.805555555555557,12.8,26,8294,52,15,14,23,20,2218,1059,-4.686314560840386,11.3,718,9344,0,2,48,0,0,1,9,0,0,3,0,0,7,417,0,118,1,773,8,407,42,21,12,110,12,20,35,1,41,1170,36015,San Jose,California,https://parat.eto.tech/company/383-cisco-systems
EPAM Systems,6954,United States,https://www.epam.com/,S&P 500,,North America,Mature,Unknown,"EPAM Systems, Inc. is an American company that specializes in software engineering services, digital platform engineering, and digital product design, operating out of Newtown, Pennsylvania. EPAM is a founding member of the MACH Alliance.",wikipedia,https://en.wikipedia.org/wiki/EPAM_Systems,2024-06-04,20,86.1111111111111,14.3,0,235,4,3,0,0,1,140,0,,0,0,0,0,0,0,0,0,0,0,0,0,0,0,0,0,0,0,0,0,0,0,0,0,0,0,0,0,0,0,0,0,1036,34578,Newtown,Pennsylvania,https://parat.eto.tech/company/6954-epam-systems
DXC Technology,2296,United States,https://dxc.com/,,,North America,Mature,Software & IT Services,"DXC Technology is an IT and consulting services company that offers insurance software, security, and application development services.",crunchbase,https://www.crunchbase.com/organization/dxc-technology,2024-05-16,33,244.44444444444446,15.1,0,2865,9,2,0,1,3,218,5,-100.0,9.8,2,51,0,0,1,0,0,0,0,0,0,0,0,0,0,2,0,0,0,2,1,1,0,1,0,0,0,0,0,0,0,1050,31533,Ashburn,Virginia,https://parat.eto.tech/company/2296-dxc-technology
Intel,127,United States,http://www.intel.com/,"S&P 500, Global Big Tech",Habana Labs,North America,Mature,Technology Equipment,"Intel designs, manufactures, and sells integrated digital technology platforms worldwide.",crunchbase,https://www.crunchbase.com/organization/intel,2024-05-16,2363,-2.6172283509064385,19.0,303,142202,789,149,252,98,160,12418,2350,1.4631125841855352,8.5,1245,27752,4,33,71,1,1,9,14,15,42,40,0,3,8,1265,4,159,36,631,221,207,585,260,8,79,12,156,56,0,88,1240,28037,Santa Clara,California,https://parat.eto.tech/company/127-intel
Wells Fargo,807,United States,http://www.wellsfargo.com,S&P 500,,North America,Mature,Banking & Investment Services,"Wells Fargo & Company is a diversified financial services company with $1.3 trillion assets providing banking, insurance, and investments.",crunchbase,https://www.crunchbase.com/organization/wells-fargo-bank,2024-05-16,65,22.07792207792208,24.2,1,656,6,8,0,1,6,269,293,30.203559189066436,15.3,172,1916,0,98,100,3,0,6,1,0,0,5,0,0,8,160,1,48,0,74,10,18,7,10,1,42,0,4,59,0,17,3944,27392,San Francisco,California,https://parat.eto.tech/company/807-wells-fargo
Ernst & Young,808,United Kingdom,https://www.ey.com/,,,Europe,Mature,Industrial & Commercial Services,"Ernst & Young is a provider of assurance, tax, transaction, and advisory services.",crunchbase,https://www.crunchbase.com/organization/ernst-young,2024-05-16,79,30.64814814814815,6.8,7,987,13,6,8,5,1,1164,10,33.333333333333336,30.3,6,33,0,3,1,0,0,0,0,0,0,0,0,0,0,7,0,0,0,0,0,0,1,0,0,2,0,0,1,0,0,4487,27228,London,London,https://parat.eto.tech/company/808-ernst-young
AT&T,805,United States,https://www.att.com/,S&P 500,,North America,Mature,Telecommunications Services,"AT&T is a telecommunications company that provides wireless communications, internet services, digital television, and more.",crunchbase,https://www.crunchbase.com/organization/at-t,2024-05-16,162,-4.539125591757171,16.2,12,58641,19,18,2,12,3,998,586,27.047610175313977,12.7,383,4603,0,19,87,1,0,6,2,11,2,23,0,1,13,209,1,49,3,393,36,162,44,29,3,32,2,20,47,0,16,1561,26143,Dallas,Texas,https://parat.eto.tech/company/805-at-t
Nokia,949,Finland,http://www.nokia.com,,,Europe,Mature,Technology Equipment,Nokia is a Finnish multinational communications corporation engaged in the manufacturing of mobile devices and network infrastructure.,crunchbase,https://www.crunchbase.com/organization/nokia,2024-05-16,967,1.9741546520664979,12.9,66,27642,220,47,49,36,37,7471,1298,25.27160240817139,8.2,319,15904,0,0,21,0,0,2,2,3,7,40,0,0,2,256,0,46,1,984,10,439,111,24,1,14,0,79,17,0,28,482,25165,Espoo,Uusimaa,https://parat.eto.tech/company/949-nokia
SAP,812,Germany,https://www.sap.com/,,,Europe,Mature,Software & IT Services,"SAP provides enterprise application software to various industries, including consumer, discrete manufacturing, public services.",crunchbase,https://www.crunchbase.com/organization/sap,2024-05-16,287,23.08788763732443,16.5,38,12411,51,54,6,13,19,1735,1003,25.779687215857425,18.3,612,5483,1,52,226,1,0,4,1,2,6,5,0,4,11,766,1,77,0,105,2,21,73,11,5,157,19,7,169,0,14,711,23606,Walldorf,Baden-Wurttemberg,https://parat.eto.tech/company/812-sap
Citi,809,United States,https://www.citigroup.com,S&P 500,,North America,Mature,Banking & Investment Services,Citigroup is a financial services holding company that provides various financial products and services.,crunchbase,https://www.crunchbase.com/organization/citigroup,2024-05-16,56,42.142857142857146,9.4,2,528,10,4,4,3,2,596,54,-100.0,41.9,11,129,0,5,7,1,0,1,0,0,0,0,0,0,1,38,0,2,0,15,0,8,0,0,0,6,0,0,4,0,0,3314,23024,New York,New York,https://parat.eto.tech/company/809-citi
Bank of America,811,United States,http://www.bankofamerica.com,S&P 500,,North America,Mature,Banking & Investment Services,"Bank of America is a financial institution that offers credit cards, home loans, and auto loan services.",crunchbase,https://www.crunchbase.com/organization/bank-of-america,2024-05-16,26,-83.33333333333334,11.1,0,530,8,1,1,1,0,234,1605,32.428564806537274,29.2,1098,5504,0,236,222,3,1,14,5,9,6,9,0,0,26,1058,4,383,0,590,7,116,80,21,11,182,11,17,132,0,75,2659,21969,Charlotte,North Carolina,https://parat.eto.tech/company/811-bank-of-america
Siemens,789,Germany,http://www.siemens.com,,"Siemens Healthineers, Mentor Graphics",Europe,Mature,Industrial Goods,"Siemens is a technology company that offers cybersecurity, digital consulting, and business services.",crunchbase,https://www.crunchbase.com/organization/siemens,2024-05-16,2351,4.118943170911402,12.6,118,71228,840,74,287,79,65,18653,3170,15.693902879417687,10.0,1284,31707,3,21,179,1,4,9,118,1,243,1135,0,1,1,1089,60,81,13,191,93,422,1189,604,1,241,16,480,169,1,38,969,21217,Munich,Bayern,https://parat.eto.tech/company/789-siemens
Huawei,112,China,https://www.huawei.com/,Global Big Tech,,Asia,Mature,Technology Equipment,"Huawei Technologies provides infrastructure application software and devices with wireline, wireless, and IP technologies.",crunchbase,https://www.crunchbase.com/organization/huawei,2024-05-16,4891,22.01853813069755,31.3,1475,163117,1822,720,239,222,1017,15605,5535,95.95314832895185,6.1,1733,90132,7,30,187,10,0,10,28,19,52,108,0,2,11,2373,10,201,10,1605,217,592,906,147,14,139,11,202,116,2,226,991,20186,Shenzhen,Guangdong,https://parat.eto.tech/company/112-huawei
Verizon,792,United States,http://www.verizon.com/,S&P 500,,North America,Mature,Telecommunications Services,Verizon Communications is a broadband and telecommunications company that provides information and entertainment services.,crunchbase,https://www.crunchbase.com/organization/verizon,2024-05-16,42,83.33333333333333,16.9,4,970,8,3,2,0,1,248,173,-45.82704876822524,36.8,157,470,0,5,44,0,0,1,3,0,0,2,0,0,10,90,0,4,0,67,8,10,23,7,0,21,14,8,10,0,6,1494,19913,New York,New York,https://parat.eto.tech/company/792-verizon
Capital One,371,United States,http://www.capitalone.com,S&P 500,,North America,Mature,Banking & Investment Services,"Capital One is a diversified banking company that offers early and later stage venture, and debt financing investments.",crunchbase,https://www.crunchbase.com/organization/capital-one,2024-05-16,72,-4.807692307692307,37.9,7,1368,6,13,3,7,9,190,1585,403.532618252154,33.2,974,4780,0,395,431,5,2,8,5,1,2,8,1,0,19,948,2,235,0,404,21,56,110,21,6,135,17,26,183,0,87,3331,17344,Mclean,Virginia,https://parat.eto.tech/company/371-capital-one
Salesforce,219,United States,https://www.salesforce.com,S&P 500,,North America,Mature,Software & IT Services,Salesforce is a cloud-based software company that provides customer relationship management software and applications.,crunchbase,https://www.crunchbase.com/organization/salesforce,2024-05-16,494,-11.131193368035474,68.7,221,41002,107,210,5,53,209,719,775,26.29229108721823,20.7,492,3752,0,8,120,1,0,2,0,0,3,10,0,0,14,591,0,35,0,141,4,21,80,8,8,96,24,3,66,0,38,822,16623,San Francisco,California,https://parat.eto.tech/company/219-salesforce
Lockheed Martin,553,United States,http://www.lockheedmartin.com,S&P 500,,North America,Mature,Industrial Goods,"Lockheed Martin is a global security and aerospace company specialized in advanced technology systems, products and services.",crunchbase,https://www.crunchbase.com/organization/lockheed-martin,2024-05-16,290,14.131482552535184,11.7,5,4547,89,9,68,7,9,2473,29,-2.777777777777781,2.4,17,1188,0,1,1,0,0,0,1,0,2,1,0,0,0,6,2,2,0,5,14,2,4,9,0,0,0,11,1,0,0,584,14451,Bethesda,Maryland,https://parat.eto.tech/company/553-lockheed-martin
Qualcomm,209,United States,http://www.qualcomm.com,S&P 500,,North America,Mature,Technology Equipment,"Qualcomm designs, manufactures, and markets digital wireless telecommunications products and services.",crunchbase,https://www.crunchbase.com/organization/qualcomm,2024-05-16,571,14.479486687147977,20.0,125,30123,283,13,39,16,53,2853,2299,57.53534017422907,5.9,768,38889,1,9,11,0,0,2,2,8,19,36,0,0,1,557,1,47,4,1111,136,333,527,106,1,25,3,220,8,3,106,455,14177,San Diego,California,https://parat.eto.tech/company/209-qualcomm
Meta,87,United States,http://www.facebook.com,"S&P 500, Global Big Tech, GenAI Contenders",,North America,Mature,Software & IT Services,"Meta is a social technology company that enables people to connect, find communities, and grow businesses.",crunchbase,https://www.crunchbase.com/organization/facebook,2024-05-16,3283,-8.056263308838915,55.0,1350,406572,1094,880,174,250,856,5964,1081,-23.585415612724486,12.5,668,8615,0,6,237,1,0,4,1,16,6,31,0,0,224,685,1,38,7,338,12,52,312,18,1,166,31,22,71,0,75,1902,13309,Menlo Park,California,https://parat.eto.tech/company/87-meta
Adobe,6,United States,http://www.adobe.com,"S&P 500, Global Big Tech, GenAI Contenders",,North America,Mature,Software & IT Services,Adobe is a software company that provides its users with digital marketing and media solutions.,crunchbase,https://www.crunchbase.com/organization/adobe-systems,2024-05-16,2386,-0.1656784378861058,71.1,934,167501,1374,361,34,121,377,3357,1780,30.31231407716977,45.8,1271,3890,0,9,182,0,7,3,0,11,1,5,0,0,13,960,0,24,0,186,1,39,909,7,1,121,41,2,36,0,69,1041,13121,San Jose,California,https://parat.eto.tech/company/6-adobe
Fidelity National Information Services,2318,United States,https://www.fisglobal.com/,S&P 500,,North America,Mature,Financial Technology (Fintech) & Infrastructure,"FIS focuses on retail and institutional banking, payments, asset and wealth management, risk and compliance, and outsourcing solutions.",crunchbase,https://www.crunchbase.com/organization/fis,2024-05-16,0,,0.0,0,0,0,0,0,0,0,2,0,,0,0,0,0,0,0,0,0,0,0,0,0,0,0,0,0,0,0,0,0,0,0,0,0,0,0,0,0,0,0,0,0,457,12085,Jacksonville,Florida,https://parat.eto.tech/company/2318-fidelity-national-information-services
Nvidia,184,United States,https://www.nvidia.com/,"S&P 500, Global Big Tech",,North America,Mature,Technology Equipment,"NVIDIA is a computing platform company operating at the intersection of graphics, HPC, and AI.",crunchbase,https://www.crunchbase.com/organization/nvidia,2024-05-16,2297,10.40954804313583,50.4,526,217288,1134,168,330,123,373,4562,1696,56.14772272909019,32.9,679,5155,2,5,11,0,0,4,11,34,61,42,0,0,0,704,2,50,50,302,229,131,734,195,5,15,0,137,9,0,98,734,11850,Santa Clara,California,https://parat.eto.tech/company/184-nvidia
Northrop Grumman,599,United States,http://www.northropgrumman.com,S&P 500,,North America,Mature,Industrial Goods,"Northrop Grumman is a global aerospace, defense and security company.",crunchbase,https://www.crunchbase.com/organization/northrop-grumman,2024-05-16,133,-9.1130604288499,7.6,2,3735,19,1,49,7,0,1749,51,74.44444444444444,4.6,34,1113,0,2,4,0,0,1,0,0,6,2,0,1,0,25,3,6,0,9,15,5,4,18,1,3,0,10,4,0,0,329,11787,Falls Church,Virginia,https://parat.eto.tech/company/599-northrop-grumman
Morgan Stanley,585,United States,http://www.morganstanley.com,S&P 500,,North America,Mature,Banking & Investment Services,"Morgan Stanley is a financial services company that offers securities, asset management, and credit services.",crunchbase,https://www.crunchbase.com/organization/morgan-stanley,2024-05-16,25,16.66666666666667,2.4,6,634,4,2,3,2,2,1037,47,-22.5,23.6,35,199,0,9,12,0,0,2,0,0,0,0,0,0,0,31,0,5,0,15,1,9,1,2,1,9,0,0,5,0,2,1717,11462,New York,New York,https://parat.eto.tech/company/585-morgan-stanley
UnitedHealth Group,818,United States,https://www.unitedhealthgroup.com/,S&P 500,,North America,Mature,Healthcare Services & Equipment,"UnitedHealth Group is a healthcare insurance company that offers health technology, health financial, and pharmacy services.",crunchbase,https://www.crunchbase.com/organization/unitedhealth-group,2024-05-16,24,-37.5,3.9,1,177,1,12,3,0,4,622,416,662.1832358674465,54.7,195,760,0,31,47,2,0,2,0,0,0,138,0,0,0,228,1,18,0,27,3,26,27,5,0,74,0,4,32,0,17,2183,11332,Minnetonka,Minnesota,https://parat.eto.tech/company/818-unitedhealth-group
Comcast,396,United States,http://corporate.comcast.com,S&P 500,,North America,Mature,Telecommunications Services,Comcast is a media and technology company that connects millions of people to the moments and experiences that matter most.,crunchbase,https://www.crunchbase.com/organization/comcast,2024-05-16,73,4.4566544566544595,44.0,24,5509,24,14,1,4,4,166,88,71.82539682539682,4.1,52,2162,0,2,11,0,0,0,0,17,0,0,0,0,3,43,0,9,0,37,3,12,21,4,0,1,0,2,5,0,9,1006,11064,Philadelphia,Pennsylvania,https://parat.eto.tech/company/396-comcast
Boeing,784,United States,https://www.boeing.com/,S&P 500,,North America,Mature,Industrial Goods,"Boeing Company manufactures and sells aircraft, rotorcraft, rockets, and satellites and provides product leasing and support services.",crunchbase,https://www.crunchbase.com/organization/the-boeing-company,2024-05-16,229,14.730583426235599,9.6,4,6799,38,4,103,7,0,2391,564,31.915847310584155,5.5,316,10220,0,43,101,0,0,9,8,1,47,21,4,1,0,236,10,25,0,81,227,80,128,248,4,35,4,120,99,0,11,541,11025,Chicago,Illinois,https://parat.eto.tech/company/784-boeing
American Express,328,United States,http://www.americanexpress.com,S&P 500,,North America,Mature,Banking & Investment Services,"American Express is a global financial services company best known for its credit card, charge card, and traveler’s cheque businesses.",crunchbase,https://www.crunchbase.com/organization/americanexpress,2024-05-16,36,5.555555555555553,33.6,5,296,2,14,0,0,4,107,76,33.28042328042327,15.2,46,500,0,21,17,0,0,0,0,0,0,0,0,0,0,48,0,18,0,21,0,2,0,1,1,5,2,0,7,0,2,2233,10745,New York,New York,https://parat.eto.tech/company/328-american-express
Mastercard,2409,United States,https://mastercard.com/,S&P 500,,North America,Mature,Software & IT Services,MasterCard provides payment processing products and solutions and related consulting services.,crunchbase,https://www.crunchbase.com/organization/mastercard,2024-05-16,57,51.42857142857142,50.0,4,257,5,8,0,3,9,114,277,56.4484126984127,9.1,92,3056,0,164,73,0,0,0,0,0,0,2,0,0,4,108,0,34,0,57,0,3,9,2,1,35,2,1,31,0,4,796,10685,Purchase,New York,https://parat.eto.tech/company/2409-mastercard
Barclays,1230,United Kingdom,https://www.barclays.co.uk/,,,Europe,Mature,Banking & Investment Services,Barclays is a global financial services company that provides various financial products and services worldwide.,crunchbase,https://www.crunchbase.com/organization/barclays-plc,2024-05-16,21,-70.0,9.7,0,293,3,2,1,0,2,217,4,,6.3,0,63,0,0,0,0,0,0,0,0,0,0,0,0,0,4,0,0,0,0,0,0,0,0,0,0,0,0,0,0,0,1235,10527,London,England,https://parat.eto.tech/company/1230-barclays
Samsung,671,South Korea,https://www.samsung.com/,,,Asia,Mature,Technology Equipment,"Samsung Electronics is an electronics company that engages in consumer electronics, IT and mobile communications, and device solutions.",crunchbase,https://www.crunchbase.com/organization/samsung-electronics,2024-05-16,3125,-3.515899228177131,20.4,455,91731,1251,440,249,69,367,15293,8193,40.19134755296978,6.1,3167,134135,1,46,304,1,5,30,163,71,215,419,0,8,69,3658,113,286,248,2573,245,867,2486,410,6,197,59,485,101,2,833,659,10407,Seoul,Seoul-T'ukpyolsi,https://parat.eto.tech/company/671-samsung
Ford Motor Company,456,United States,http://www.forddirect.com,S&P 500,,North America,Mature,Automobiles & Auto Parts,"Ford Motor is an automotive company that develops, manufactures, and distributes vehicles, parts, and accessories.",crunchbase,https://www.crunchbase.com/organization/ford,2024-05-16,433,4.374608305571132,11.5,23,11967,96,8,169,45,5,3754,1011,15.062388591800357,4.6,636,21894,2,98,97,5,0,16,40,0,35,17,0,0,2,313,31,44,2,197,727,52,315,496,0,13,3,305,78,0,32,1212,10352,Dearborn,Michigan,https://parat.eto.tech/company/456-ford-motor-company
Fujitsu,1125,Japan,http://www.fujitsu.com,,,Asia,Mature,Software & IT Services,Fujitsu is a information & communications technology equipment and services firm providing IT & IT infrastructure and other services.,crunchbase,https://www.crunchbase.com/organization/fujitsu,2024-05-16,768,-3.452810918448275,21.8,45,12075,249,78,64,26,53,3526,2103,20.064834567948477,9.3,857,22544,1,41,150,4,0,4,19,8,31,128,0,2,10,1048,13,58,4,188,28,126,303,86,3,166,28,42,102,0,31,193,10297,Tokyo,Kantō,https://parat.eto.tech/company/1125-fujitsu
General Motors,820,United States,https://www.gm.com,S&P 500,,North America,Mature,Automobiles & Auto Parts,"General Motors manufactures, markets, and distributes vehicles and vehicle parts.",crunchbase,https://www.crunchbase.com/organization/general-motors,2024-05-16,346,1.3997778974737496,9.0,13,14853,68,4,132,40,4,3828,1118,-2.737646737646737,6.7,640,16746,1,103,78,1,0,4,43,2,19,12,0,0,3,305,20,10,2,214,823,101,239,567,2,32,4,362,57,0,31,718,10073,Detroit,Michigan,https://parat.eto.tech/company/820-general-motors
PayPal,195,United States,https://www.paypal.com/home,S&P 500,,North America,Mature,Industrial & Commercial Services,PayPal is a financial service company that provides online payment solutions to its users worldwide.,crunchbase,https://www.crunchbase.com/organization/paypal,2024-05-16,45,31.111111111111114,31.0,6,566,4,7,3,2,5,145,466,40.12288786482335,30.0,266,1554,0,165,102,3,0,1,2,0,0,0,0,0,13,278,1,76,0,111,0,10,14,1,3,46,5,0,35,0,11,1538,9519,San Jose,California,https://parat.eto.tech/company/195-paypal
Visa,2190,United States,https://visa.com,S&P 500,,North America,Mature,Industrial & Commercial Services,Visa is a multinational financial services company that facilitates electronic payment systems throughout the world.,crunchbase,https://www.crunchbase.com/organization/visa,2024-05-16,135,40.730837789661315,39.8,28,5736,17,10,0,18,20,339,385,29.109456851392338,21.9,160,1754,0,136,95,0,0,0,0,1,0,0,0,0,4,188,0,50,0,62,1,5,13,3,3,52,1,1,36,0,3,1033,9467,San Francisco,California,https://parat.eto.tech/company/2190-visa
Honeywell International,846,United States,https://www.honeywell.com/,S&P 500,,North America,Mature,Consumer Goods Conglomerates,"Honeywell International is a technology and manufacturing company that offers energy, safety, and security solutions and technologies.",crunchbase,https://www.crunchbase.com/organization/honeywell,2024-05-16,125,20.242914979757085,8.8,4,2017,29,4,21,3,2,1421,440,14.978021978021978,4.0,230,10941,0,40,73,4,0,8,35,1,30,23,1,5,1,172,36,75,4,82,69,50,69,152,1,44,5,85,63,0,9,469,9303,Charlotte,North Carolina,https://parat.eto.tech/company/846-honeywell-international
HP,833,United States,http://www.hp.com,S&P 500,,North America,Mature,Technology Equipment,"HP is a manufacturer and seller of personal computers, printers, computer hardwares, and business solutions.",crunchbase,https://www.crunchbase.com/organization/hewlett-packard,2024-05-16,215,41.28540305010893,15.2,14,12556,89,12,8,4,3,1414,291,80.67418546365914,3.1,42,9506,0,0,19,0,10,1,2,6,50,21,0,0,2,174,2,18,0,78,0,38,92,18,0,14,3,13,13,0,14,981,8871,Palo Alto,California,https://parat.eto.tech/company/833-hp
Hewlett Packard Enterprise,487,United States,https://www.hpe.com,S&P 500,,North America,Mature,Technology Equipment,Hewlett Packard Enterprise is an edge-to-cloud company that uses comprehensive solutions to accelerate business outcomes.,crunchbase,https://www.crunchbase.com/organization/hewlett-packard-enterprise,2024-05-16,106,22.820512820512818,12.3,9,1834,17,12,0,3,8,861,440,78.17460317460318,8.3,230,5323,0,3,30,0,0,1,0,0,1,3,0,0,3,308,0,33,5,177,4,78,31,24,3,32,2,5,16,0,0,981,8871,Palo Alto,California,https://parat.eto.tech/company/487-hewlett-packard-enterprise
Fiserv,2322,United States,https://www.fiserv.com/,S&P 500,,North America,Mature,Industrial & Commercial Services,Fiserv is a provider of technology solutions to the financial services industry.,crunchbase,https://www.crunchbase.com/organization/fiserv,2024-05-16,1,,5.6,0,0,0,0,0,0,0,18,5,0.0,9.1,1,55,0,2,3,0,0,0,0,0,0,0,0,0,0,1,0,0,0,0,0,0,0,0,0,0,0,0,0,0,0,340,8769,Brookfield,Wisconsin,https://parat.eto.tech/company/2322-fiserv
S&P Global,668,United States,https://www.spglobal.com/,S&P 500,,North America,Mature,Industrial & Commercial Services,S&P Global is a market intelligence company that provides financial information and data analytics services.,crunchbase,https://www.crunchbase.com/organization/s-p-global,2024-05-16,30,-16.666666666666668,21.1,2,278,3,8,0,0,2,142,30,300.0,36.1,15,83,0,8,12,0,0,0,0,0,0,1,0,0,0,19,0,0,0,2,0,1,2,1,0,7,0,2,8,0,0,3050,8695,New York,New York,https://parat.eto.tech/company/668-s-p-global
Booz Allen Hamilton,364,United States,http://www.boozallen.com,,,North America,Mature,Industrial & Commercial Services,"Booz Allen Hamilton is a consulting firm that specializes in analytics, technology, and engineering.",crunchbase,https://www.crunchbase.com/organization/booz-allen-hamilton,2024-05-16,176,-5.904183535762482,19.8,26,7986,58,14,18,13,15,888,43,23.809523809523817,32.6,29,132,0,0,1,0,0,0,0,0,3,1,0,0,0,25,0,8,0,15,6,2,11,1,1,1,0,6,1,0,2,2107,8172,Mclean,Virginia,https://parat.eto.tech/company/364-booz-allen-hamilton
Advanced Micro Devices,327,United States,http://www.amd.com,S&P 500,,North America,Mature,Technology Equipment,"Advanced Micro Devices, Inc. (AMD) is an American multinational corporation and semiconductor company based in Santa Clara, California, that develops computer processors and related technologies for business and consumer markets.",wikipedia,https://en.wikipedia.org/wiki/AMD,2024-05-24,155,54.37525437525437,14.3,14,3306,33,9,4,3,22,1083,432,13.705266353622875,8.8,276,4888,0,0,2,0,0,0,0,10,0,1,0,0,0,280,0,4,1,50,1,29,59,25,3,7,0,6,0,0,10,178,8024,Santa Clara,California,https://parat.eto.tech/company/327-advanced-micro-devices
Walmart,793,United States,http://www.walmart.com,S&P 500,,North America,Mature,Food & Drug Retailing,Walmart is a retail corporation that operates several chains of discount department and warehouse stores.,crunchbase,https://www.crunchbase.com/organization/walmart,2024-05-16,233,22.708141321044547,45.7,58,8079,41,39,2,7,35,510,552,-5.596527701790859,17.6,331,3133,1,59,364,0,0,1,15,0,50,5,1,0,3,237,10,29,0,56,81,5,80,86,1,38,8,34,170,15,26,1626,7728,Bentonville,Arkansas,https://parat.eto.tech/company/793-walmart
Goldman Sachs,471,United States,http://www.goldmansachs.com/,S&P 500,,North America,Mature,Banking & Investment Services,"Goldman Sachs is a multinational financial services firm providing securities, investment banking, and management services.",crunchbase,https://www.crunchbase.com/organization/goldman-sachs,2024-05-16,27,6.666666666666667,12.6,5,722,3,8,0,2,5,215,29,75.0,27.9,22,104,0,4,2,0,0,0,0,0,0,0,0,1,0,20,0,0,1,1,0,2,0,1,0,2,1,0,2,0,0,1499,7641,New York,New York,https://parat.eto.tech/company/471-goldman-sachs
ServiceNow,840,United States,http://www.servicenow.com/,S&P 500,,North America,Mature,Software & IT Services,"ServiceNow provides cloud-based solutions that define, structure, manage, and automate services for enterprise operations.",crunchbase,https://www.crunchbase.com/organization/service-now-com,2024-05-16,62,48.46153846153846,58.5,14,2725,15,19,1,6,18,106,305,133.12528115159694,28.0,168,1089,0,4,49,0,0,0,0,1,3,0,0,0,0,214,1,12,0,76,5,32,38,4,2,30,8,3,42,0,8,439,7620,Santa Clara,California,https://parat.eto.tech/company/840-servicenow
Bosch,800,Germany,http://www.bosch.com,,,Europe,Mature,Automobiles & Auto Parts,The Bosch Group is a supplier of technology and services.,crunchbase,https://www.crunchbase.com/organization/bosch,2024-05-16,1488,-4.382650641657828,23.7,153,52524,430,113,354,148,93,6277,3653,70.87594480658161,6.4,886,57344,21,64,111,2,0,12,302,5,241,70,0,4,4,1319,104,153,22,339,600,364,530,932,0,190,5,575,101,1,67,500,7310,Stuttgart,Baden-Wurttemberg,https://parat.eto.tech/company/800-bosch
T-Mobile,831,United States,https://www.t-mobile.com/,S&P 500,,North America,Mature,Telecommunications Services,"T-Mobile is a telecommunications company that provides wireless communication services, including mobile phone and internet services.",crunchbase,https://www.crunchbase.com/organization/t-mobile,2024-05-16,10,-25.0,22.7,0,69,1,0,0,0,0,44,266,121.26984126984127,5.9,183,4509,0,11,39,0,0,6,1,0,1,0,0,0,1,94,1,23,0,208,10,69,9,15,1,22,0,15,14,0,13,569,7306,Bellevue,Washington,https://parat.eto.tech/company/831-t-mobile
Uber,737,United States,http://www.uber.com,S&P 500,,North America,Mature,Software & IT Services,"Uber develops, markets, and operates a ride-sharing mobile application that allows consumers to submit a trip request.",crunchbase,https://www.crunchbase.com/organization/uber,2024-05-16,191,14.790764790764797,43.0,65,22922,54,19,29,19,24,444,0,,0,0,0,0,0,0,0,0,0,0,0,0,0,0,0,0,0,0,0,0,0,0,0,0,0,0,0,0,0,0,0,0,1287,7305,San Francisco,California,https://parat.eto.tech/company/737-uber
The Bank Of New York Mellon,2229,United States,https://www.bnymellon.com/,S&P 500,,North America,Mature,Banking & Investment Services,BNY Mellon delivers informed investment management and investment services in 35 countries and serves clients around the world.,crunchbase,https://www.crunchbase.com/organization/bnymellon,2024-05-16,14,38.888888888888886,18.4,1,120,2,2,0,0,0,76,40,0.0,52.6,13,76,0,7,5,0,0,0,1,0,0,1,0,0,0,26,0,4,0,7,0,3,1,0,0,3,0,0,3,0,0,921,7245,New York,New York,https://parat.eto.tech/company/2229-the-bank-of-new-york-mellon
IQVIA,516,United States,https://www.iqvia.com/,S&P 500,,North America,Mature,Pharmaceuticals & Medical Research,"IQVIA provides analytics, compliance, and management solutions to the life sciences industry.",crunchbase,https://www.crunchbase.com/organization/quintilesims,2024-05-16,144,-16.479232268705953,2.7,32,3984,13,18,2,3,14,5426,51,4.047619047619048,39.2,27,130,0,1,8,0,0,0,0,0,0,32,0,0,1,27,0,10,0,2,0,2,0,0,0,8,0,0,4,0,0,1735,7244,Danbury,Connecticut,https://parat.eto.tech/company/516-iqvia
Philips,201,Netherlands,https://www.philips.co.uk/,,,Europe,Mature,Healthcare Services & Equipment,"Philips is a technology company that operates in various fields, including healthcare, consumer electronics, lighting, and home appliances.",crunchbase,https://www.crunchbase.com/organization/koninklijke-philips,2024-05-16,1054,-5.667083593912863,12.6,34,36605,500,78,36,12,27,8371,1496,24.092799076338903,12.2,504,12268,0,6,55,0,0,13,4,4,36,1064,0,0,2,279,2,41,0,66,2,361,585,26,3,40,9,134,42,0,38,425,7213,Amsterdam,Noord-Holland,https://parat.eto.tech/company/201-philips
Automatic Data Processing,2224,United States,https://www.adp.com/,S&P 500,,North America,Mature,Software & IT Services,"ADP provides business outsourcing solutions that facilitate businesses in HR, payroll, and administration processes.",crunchbase,https://www.crunchbase.com/organization/adp,2024-05-16,5,-100.0,21.7,0,17,2,0,1,1,1,23,98,185.1851851851852,17.8,41,551,0,33,55,1,0,2,0,0,0,1,0,0,0,59,0,6,0,15,1,0,2,1,0,14,0,1,45,0,4,444,7065,Roseland,New Jersey,https://parat.eto.tech/company/2224-automatic-data-processing
Intuit,514,United States,http://www.intuit.com,S&P 500,,North America,Mature,Financial Technology (Fintech) & Infrastructure,"Intuit offers business and financial management solutions for small businesses, consumers, and self-employed individuals.",crunchbase,https://www.crunchbase.com/organization/intuit,2024-05-16,79,6.363636363636364,50.0,21,2841,7,24,0,3,12,158,632,36.81592039800995,42.3,442,1493,0,152,165,2,0,2,0,1,1,2,0,0,11,435,0,37,0,76,1,4,22,2,0,83,12,2,67,0,21,717,6606,Mountain View,California,https://parat.eto.tech/company/514-intuit
Leidos Holdings,839,United States,https://www.leidos.com/,S&P 500,,North America,Mature,Software & IT Services,"Leidos holdings is a provider of scientific, engineering, systems integration and technical services and solutions.",crunchbase,https://www.crunchbase.com/organization/leidos-holdings,2024-05-16,144,-6.24027388733271,2.7,5,10679,49,3,20,3,3,5373,19,16.666666666666668,10.4,6,183,0,0,1,0,0,1,0,0,0,1,0,0,0,11,1,3,0,2,0,0,9,0,0,1,0,2,1,0,0,340,6587,Reston,Virginia,https://parat.eto.tech/company/839-leidos-holdings
Tencent,245,China,https://www.tencent.com/,"Global Big Tech, GenAI Contenders",,Asia,Mature,Software & IT Services,"Tencent is an internet service portal offering value-added internet, mobile, telecom, and online advertising services.",crunchbase,https://www.crunchbase.com/organization/tencent,2024-05-16,4566,8.30777897058139,73.3,1972,196259,2011,1117,216,203,1232,6230,11250,121.90627657341288,23.1,5611,48625,5,269,717,21,0,32,25,464,219,356,0,8,87,5973,15,307,13,1268,534,178,1942,96,3,145,21,133,318,0,784,1010,6457,Shenzhen,Guangdong,https://parat.eto.tech/company/245-tencent
U.S. Bancorp,2175,United States,https://www.usbank.com/index.html,S&P 500,,North America,Mature,Banking & Investment Services,"U.S. Bancorp is a financial holding company, offers banking, investment, mortgage, trust, and payment services and products for its clients",crunchbase,https:// https://www.crunchbase.com/organization/u-s-bancorp,2024-05-16,3,-100.0,16.7,0,22,1,1,0,0,0,18,10,-100.0,30.3,5,33,0,5,2,0,0,0,0,0,0,0,0,0,0,3,0,1,0,5,0,0,0,0,0,0,0,0,0,0,2,587,5971,Minneapolis,Minnesota,https://parat.eto.tech/company/2175-u-s-bancorp
Expedia Group,822,United States,https://www.expediagroup.com/,S&P 500,,North America,Mature,Cyclical Consumer Services,Expedia Group is a internet providing company they help people experience the world in new ways and build lasting connections.,crunchbase,https:// https://www.crunchbase.com/organization/expedia-group,2024-05-16,43,-12.777777777777779,53.8,6,719,2,8,7,1,2,80,21,-100.0,22.6,4,93,0,0,13,0,0,0,0,0,0,0,0,0,0,16,0,0,0,3,0,2,0,0,0,0,0,0,7,0,0,912,5956,Seattle,Washington,https://parat.eto.tech/company/822-expedia-group
Charter Communications,1985,United States,https://corporate.charter.com/,S&P 500,,North America,Mature,Industrial Goods,Charter is a telecommunications and mass media company that offers its services to consumers and businesses under the branding of Spectrum.,crunchbase,https:// https://www.crunchbase.com/organization/charter-communications,2024-05-16,6,50.0,15.4,0,44,2,0,0,1,0,39,59,141.66666666666669,5.8,42,1017,0,3,10,0,0,0,0,0,0,1,0,0,0,20,0,7,0,48,0,26,8,0,0,1,0,2,3,0,0,515,5914,Stamford,Connecticut,https://parat.eto.tech/company/1985-charter-communications
Broadcom,2236,United States,https://www.broadcom.com/,S&P 500,,North America,Mature,Technology Equipment,"Broadcom is a designer, developer, and global supplier of a broad range of analog and digital semiconductor connectivity solutions.",crunchbase,https://www.crunchbase.com/organization/broadcom,2024-05-16,29,55.55555555555555,3.6,0,739,3,5,0,2,2,805,160,-7.486772486772485,5.0,87,3190,0,3,13,0,0,0,0,0,0,0,0,0,1,107,0,33,0,68,0,14,15,2,1,14,3,2,11,0,4,38,5752,San Jose,California,https://parat.eto.tech/company/2236-broadcom
GE Healthcare,462,United States,http://www.gehealthcare.com,S&P 500,,North America,Mature,Unknown,"GE HealthCare Technologies, Inc. is an American multinational medical technology company headquartered in Chicago, Illinois. It was spun-off from General Electric on January 4, 2023, with GE retaining 6.7%. As of 2017, it is a manufacturer and distributor of diagnostic imaging agents and radiopharmaceuticals for imaging modalities used in medical imaging procedures. It offers dyes used in magnetic-resonance-imaging procedures; manufactures medical diagnostic equipment, including CT image machines; MRI, X-ray; ultrasound; cath labs; mammogram; Nuclear Medicine Cameras; and develops health technology for medical imaging and information technologies, medical diagnostics, patient monitoring systems, disease research, drug discovery, and biopharmaceutical manufacturing. It was incorporated in 1994 and operates in more than 100 countries. ",wikipedia,https://en.wikipedia.org/wiki/GE_Healthcare,2024-06-18,290,11.976958525345623,9.2,0,8747,149,4,2,0,4,3140,672,59.46760841497683,19.3,386,3486,0,0,16,0,0,0,1,0,4,486,0,0,1,140,0,9,0,15,0,101,453,6,0,13,1,90,16,0,4,357,5175,Chicago,Illinois,https://parat.eto.tech/company/462-ge-healthcare
Synopsys,845,United States,http://www.synopsys.com,S&P 500,,North America,Mature,Software & IT Services,"Synopsys is a software company providing electronic design automation (EDA), semiconductor IP, software quality, and security solutions.",crunchbase,https://www.crunchbase.com/organization/synopsys,2024-05-16,118,-2.721755368814192,7.1,3,1659,10,2,0,1,3,1659,110,56.730769230769226,10.6,78,1041,0,0,0,0,0,0,0,0,3,0,0,1,0,107,0,7,10,4,0,51,2,4,0,2,0,8,0,0,0,102,5015,Mountain View,California,https://parat.eto.tech/company/845-synopsys
Motorola Solutions,2422,United States,https://www.motorolasolutions.com/,S&P 500,,North America,Mature,Technology Equipment,Motorola Solutions creates mission-critical communication solutions and services for public safety and commercial customers.,crunchbase,https://www.crunchbase.com/organization/motorola-solutions,2024-05-16,33,61.111111111111114,14.9,1,927,15,0,2,0,1,221,106,22.222222222222225,6.5,81,1629,1,6,22,15,0,0,0,0,0,3,0,0,1,55,1,28,0,50,7,6,34,11,2,6,1,6,20,0,13,88,5015,Chicago,Illinois,https://parat.eto.tech/company/2422-motorola-solutions
Charles Schwab Corporation,2255,United States,https://www.schwab.com/,S&P 500,,North America,Mature,Banking & Investment Services,"Charles Schwab offers a wide range of investment advice, products & services.",crunchbase,https://www.crunchbase.com/organization/charles-schwab,2024-05-16,0,,0.0,0,0,0,0,0,0,0,42,29,133.33333333333334,26.6,13,109,0,8,12,0,0,0,0,0,0,0,0,0,0,24,0,5,0,7,0,0,0,1,0,3,0,0,3,0,1,406,4963,Westlake,Texas,https://parat.eto.tech/company/2255-charles-schwab-corporation
Baidu,37,China,http://www.baidu.com,"Global Big Tech, GenAI Contenders",,Asia,Mature,Software & IT Services,Baidu is a search engine that enables individuals to obtain information and finds what they need.,crunchbase,https://www.crunchbase.com/organization/baidu,2024-05-16,2314,-2.2795327164557833,71.7,886,151534,1026,507,118,96,490,3226,11714,97.72138270547946,42.2,6734,27789,8,136,678,48,0,40,90,37,169,226,0,1,41,6630,44,250,28,1006,943,127,1880,574,3,336,103,468,402,0,804,608,4897,Beijing,Beijing ,https://parat.eto.tech/company/37-baidu
Tesla,247,United States,https://www.tesla.com/,S&P 500,,North America,Mature,Unknown,"Tesla Motors is an electric vehicle and clean energy company that provides electric cars, solar, and renewable energy solutions.",crunchbase,https://www.crunchbase.com/organization/tesla-motors,2024-05-16,19,-50.0,9.3,0,1138,5,0,5,0,1,204,52,-54.292929292929294,7.2,29,724,0,4,1,0,0,0,2,0,0,2,0,0,1,29,2,1,0,3,18,2,16,20,0,1,0,5,1,0,0,834,4869,Palo Alto,California,https://parat.eto.tech/company/247-tesla
Target,710,United States,https://www.target.com/,S&P 500,,North America,Mature,Retailers,"Target is an American retailing company providing access to a wide selection of products such as furniture, electronics, toys, and more.",crunchbase,https://www.crunchbase.com/organization/target,2024-05-16,25,-75.0,34.7,5,610,9,1,0,1,1,72,67,23.703703703703706,7.1,47,941,0,9,45,0,0,0,0,0,5,0,0,0,0,27,0,4,0,14,1,0,16,1,1,2,1,0,25,0,0,862,4817,Minneapolis,Minnesota,https://parat.eto.tech/company/710-target
Autodesk,345,United States,http://www.autodesk.com,S&P 500,,North America,Mature,Software & IT Services,"Autodesk develops 3D design software for use in the architecture, engineering, construction, and media industries.",crunchbase,https://www.crunchbase.com/organization/autodesk,2024-05-16,146,13.492063492063492,24.0,28,7294,43,5,31,3,14,608,161,90.0,30.5,60,528,0,1,17,0,0,1,3,0,18,0,0,0,0,128,8,0,0,1,0,81,53,16,0,9,0,5,16,0,2,328,4795,San Rafael,California,https://parat.eto.tech/company/345-autodesk
Roche,663,Switzerland,http://www.roche.com,,Genentech,Europe,Mature,Pharmaceuticals & Medical Research,Roche is a pharmaceutical and diagnostics company that focuses on improving people’s lives.,crunchbase,https://www.crunchbase.com/organization/roche,2024-05-16,482,44.68735942420153,2.1,13,11184,166,43,10,2,27,23212,346,101.05820105820105,6.4,77,5396,0,1,6,0,0,1,0,1,0,242,0,0,1,63,2,4,0,15,0,44,143,3,0,9,0,40,6,0,1,1107,4750,Basel,Basel-Stadt,https://parat.eto.tech/company/663-roche
Juniper Networks,2379,United States,https://www.juniper.net/,S&P 500,,North America,Mature,Technology Equipment,Juniper Networks is a networking company that markets and develops networking products for enterprise companies.,crunchbase,https://www.crunchbase.com/organization/juniper-networks,2024-05-16,11,137.5,5.5,0,104,1,1,0,0,0,201,174,12.53968253968254,8.9,95,1960,0,0,11,6,0,0,2,0,0,0,0,0,1,68,0,14,0,157,0,124,1,1,0,20,0,1,7,0,1,91,4700,Sunnyvale,California,https://parat.eto.tech/company/2379-juniper-networks
Vanguard,743,United States,https://www.vanguard.com/,,,North America,Mature,Banking & Investment Services,"Check is a client-owned investment company that offers low-cost mutual funds, ETFs, advice, and related services.",crunchbase,https://www.crunchbase.com/organization/vanguard,2024-05-16,0,,0,0,0,0,0,0,0,0,0,1,-100.0,10.0,0,10,0,1,0,0,0,0,0,0,0,0,0,0,0,0,0,0,0,0,0,0,0,0,0,0,0,0,0,0,0,669,4675,Valley Forge,Pennsylvania,https://parat.eto.tech/company/743-vanguard
Ebay,429,United States,http://ebay.com,S&P 500,,North America,Mature,Software & IT Services,eBay is an online marketplace that connects a global network of buyers and sellers.,crunchbase,https://www.crunchbase.com/organization/ebay,2024-05-16,221,1.9246974753092683,48.3,89,9086,29,74,0,17,31,458,234,7.244008714596951,30.3,118,772,0,17,154,0,0,0,1,0,2,1,0,0,7,187,0,16,0,25,1,2,36,3,1,23,13,1,23,0,9,603,4654,San Jose,California,https://parat.eto.tech/company/429-ebay
Palo Alto Networks,623,United States,http://www.paloaltonetworks.com,S&P 500,,North America,Mature,Software & IT Services,"Palo Alto Networks, Inc. (NYSE: PANW) is an American multinational cybersecurity company with headquarters in Santa Clara, California. Its core products are a platform that includes advanced firewalls and cloud-based offerings that extend those firewalls to cover other aspects of security. The company serves over 70,000 organizations in over 150 countries, including 85 of the Fortune 100. It is home to the Unit 42 threat research team and hosts the Ignite cybersecurity conference.",wikipedia,https://en.wikipedia.org/wiki/Palo_Alto_Networks,2021-03-16,24,30.555555555555554,23.8,2,592,1,1,0,2,3,101,135,24.252136752136753,20.3,71,665,0,0,6,0,0,0,0,0,0,1,0,0,1,78,0,50,0,92,0,24,3,0,0,20,1,0,2,0,0,159,4646,Santa Clara,California,https://parat.eto.tech/company/623-palo-alto-networks
Kaiser Permanente,533,United States,https://kaiserpermanente.org/,,,North America,Mature,Healthcare Services & Equipment,"Kaiser Permanente is a health organization that offers disease prevention, mental healthcare, and chronic disease management services.",crunchbase,https://www.crunchbase.com/organization/kaiser-permanente,2024-05-16,342,7.593795093795094,1.3,3,9790,33,79,62,1,4,25537,1,,50.0,1,2,0,0,1,0,0,0,0,0,0,1,0,0,0,0,0,1,0,0,0,0,0,0,0,0,0,0,1,0,0,899,4640,Oakland,California,https://parat.eto.tech/company/533-kaiser-permanente
Lumen Technologies,2253,United States,http://www.centurylink.com/,,,North America,Mature,Telecommunications Services,"Lumen delivers the most secure platform for applications and data to help businesses, government and communities deliver amazing experiences",crunchbase,https://www.crunchbase.com/organization/centurylink,2024-05-16,1,-100.0,11.1,0,92,0,1,0,0,0,9,52,7.5,8.0,33,652,0,1,8,0,0,1,0,0,0,0,0,0,1,18,0,4,0,42,0,28,4,0,1,2,0,0,6,0,1,216,4568,Monroe,Louisiana,https://parat.eto.tech/company/2253-lumen-technologies
Akamai Technologies,1765,United States,http://www.akamai.com,S&P 500,,North America,Mature,Software & IT Services,"Akamai is a provider of cloud services that help enterprises provide secure, high-performing user experiences on any device.",crunchbase,https://www.crunchbase.com/organization/akamai-technologies,2024-05-16,11,-100.0,5.8,0,279,0,1,0,0,0,191,31,120.0,13.8,19,224,0,0,0,0,0,0,0,0,0,1,0,0,0,12,0,7,0,23,0,6,0,0,1,1,0,1,0,0,0,102,4561,Cambridge,Massachusetts,https://parat.eto.tech/company/1765-akamai-technologies
Nike,830,United States,http://www.nike.com/,S&P 500,,North America,Mature,Cyclical Consumer Products,"Nike designs, develops, and markets footwear, apparel, equipment, and accessory products.",crunchbase,https://www.crunchbase.com/organization/nike,2024-05-16,4,-100.0,3.2,1,170,2,0,1,0,0,124,8,-50.0,0.1,5,8145,0,0,2,0,0,0,0,2,1,3,0,0,0,5,0,0,0,2,0,2,1,0,0,1,0,1,0,0,1,930,4486,Beaverton,Oregon,https://parat.eto.tech/company/830-nike
PNC Financial Services,2459,United States,https://www.pnc.com/,S&P 500,,North America,Mature,Banking & Investment Services,PNC is a financial service company providing bank deposits products and services to its community.,crunchbase,https://www.crunchbase.com/organization/pnc-financial-services-group,2024-05-16,2,0.0,5.6,0,1,0,0,0,0,0,36,23,,19.5,6,118,0,20,7,0,0,0,0,0,0,0,0,0,1,11,0,0,0,0,0,0,0,0,0,3,0,0,0,0,0,725,4443,Pittsburgh,Pennsylvania,https://parat.eto.tech/company/2459-pnc-financial-services
GE Aerospace,6960,United States,https://www.geaerospace.com,S&P 500,,North America,Mature,Unknown,"General Electric Company, doing business as GE Aerospace, is an American aircraft engine supplier that is headquartered in Evendale, Ohio, outside Cincinnati. It is the legal successor to the original General Electric Company founded in 1892, which split into three separate companies between November 2021 and April 2024, adopting the trade name GE Aerospace after divesting its healthcare and energy divisions.",wikipedia,https://en.wikipedia.org/wiki/GE_Aerospace,2024-06-04,381,-13.193046997996897,7.9,7,15686,170,6,30,12,1,4844,561,-28.164649885958564,4.4,349,12861,4,19,75,2,0,6,84,0,67,109,0,0,1,263,76,34,0,60,56,83,168,169,3,43,7,96,74,0,4,388,4376,Evendale,Ohio,https://parat.eto.tech/company/6960-ge-aerospace
McKinsey & Company,566,United States,http://www.mckinsey.com,,,North America,Mature,Industrial & Commercial Services,"McKinsey & Company is a global management consulting firm and trusted advisor by businesses, governments, and institutions.",crunchbase,https://www.crunchbase.com/organization/mckinsey-company,2024-05-16,34,13.333333333333334,7.0,2,1303,7,3,2,1,1,487,29,-100.0,59.2,17,49,0,3,7,0,0,0,0,0,0,5,0,0,0,13,0,0,0,3,0,0,0,2,0,9,0,0,4,0,0,1845,4309,San Francisco,California,https://parat.eto.tech/company/566-mckinsey-company
Deere,2037,United States,https://www.deere.com/en/index.html,S&P 500,,North America,Mature,Industrial Goods,"John Deere manufactures agricultural, construction, and forestry machinery.",crunchbase,https:// https://www.crunchbase.com/organization/john-deere,2024-05-16,28,-10.0,6.6,0,532,4,0,16,1,0,425,241,67.00730831165613,4.4,162,5500,144,15,26,0,0,0,4,0,10,1,0,0,0,81,23,9,0,39,66,8,86,85,0,10,0,43,20,0,1,487,4212,Moline,Illinois,https://parat.eto.tech/company/2037-deere
Home Depot,836,United States,https://www.homedepot.com/,S&P 500,,North America,Mature,Retailers,The Home Depot provides customers with innovative home improvement products at a great value.,crunchbase,https://www.crunchbase.com/organization/the-home-depot-corporate,2024-05-16,40,4.629629629629629,54.8,17,461,10,4,1,4,3,73,36,61.111111111111114,19.4,13,186,0,0,12,0,0,0,0,0,0,0,0,0,0,28,0,0,0,5,0,0,0,0,0,6,0,0,0,0,0,583,4204,Atlanta,Georgia,https://parat.eto.tech/company/836-home-depot
CVS Health,1796,United States,https://www.cvshealth.com/,S&P 500,Aetna,North America,Mature,Healthcare Services & Equipment,CVS Health is a health solutions company that provides an integrated healthcare services to its members.,crunchbase,https://www.crunchbase.com/organization/cvs-caremark,2024-05-16,47,368.3333333333333,6.9,0,900,7,6,2,0,1,678,43,0.0,21.7,24,198,0,5,8,0,0,0,0,0,0,24,0,0,0,20,0,4,0,5,0,1,3,0,0,4,0,1,3,0,3,953,3941,Woonsocket,Rhode Island,https://parat.eto.tech/company/1796-cvs-health
J.P. Morgan,518,United States,https://www.jpmorgan.com/,S&P 500,,North America,Mature,Banking & Investment Services,JP Morgan is a financial services company that offers investment banking and financial services for consumers and small businesses.,crunchbase,https://www.crunchbase.com/organization/jp-morgan-chase,2024-05-16,251,39.28844416649295,31.1,30,4314,29,32,5,27,26,806,525,61.521929824561404,25.0,223,2100,0,116,125,0,0,1,0,0,0,2,0,0,2,286,1,54,0,80,1,22,10,2,3,69,4,2,70,0,18,592,3917,New York,New York,https://parat.eto.tech/company/518-j-p-morgan
L3Harris Technologies,480,United States,https://www.l3harris.com/,S&P 500,,North America,Mature,Industrial Goods,"L3 Harris is a proven leader in tactical communications, geospatial systems, air traffic management, avionics, and space and intelligence.",crunchbase,https://www.crunchbase.com/organization/harris,2024-05-16,38,37.77777777777778,8.8,0,323,10,2,11,0,2,431,39,200.0,4.5,28,870,0,0,2,1,0,0,0,0,1,1,0,0,1,13,0,1,0,14,1,2,9,4,1,4,0,7,2,1,1,46,3900,Melbourne,Florida,https://parat.eto.tech/company/480-l3harris-technologies
Humana,1913,United States,https://www.humana.com/,S&P 500,,North America,Mature,Healthcare Services & Equipment,Humana is an online store that specializes in the supply of baby food.,crunchbase,https://www.crunchbase.com/organization/humana,2024-05-16,9,-100.0,2.0,0,324,0,2,1,0,1,451,15,-100.0,35.7,5,42,0,1,0,0,0,0,0,0,0,3,0,0,0,6,0,0,0,5,0,0,0,0,0,1,0,0,0,0,0,741,3887,Louisville,Kentucky,https://parat.eto.tech/company/1913-humana
Centene,1905,United States,https://www.centene.com/,S&P 500,WellCare,North America,Mature,Healthcare Services & Equipment,"Centene provides healthcare solutions to families and individuals in order for them to get well, stay well, and be well.",crunchbase,https://www.crunchbase.com/organization/centene-corporation,2024-05-16,2,,3.1,0,1,0,1,0,1,0,64,2,-100.0,40.0,0,5,0,0,1,0,0,0,0,0,0,2,0,0,0,1,0,0,0,0,0,0,1,0,0,1,0,0,1,0,0,862,3874,St Louis,Missouri,https://parat.eto.tech/company/1905-centene
Equifax,2305,United States,https://www.equifax.com/,S&P 500,,North America,Mature,Industrial & Commercial Services,"Equifax is a data, analytics, and technology company for automotive, fintech, healthcare, and insurance industries.",crunchbase,https://www.crunchbase.com/organization/equifax,2024-05-16,0,,0,0,0,0,0,0,0,0,0,0,,0,0,0,0,0,0,0,0,0,0,0,0,0,0,0,0,0,0,0,0,0,0,0,0,0,0,0,0,0,0,0,0,663,3867,Atlanta,Georgia,https://parat.eto.tech/company/2305-equifax
Johnson & Johnson,842,United States,http://www.jnj.com,S&P 500,Abiomed,North America,Mature,Pharmaceuticals & Medical Research,"Johnson & Johnson develops medical devices, pharmaceuticals, and consumer packaged goods.",crunchbase,https://www.crunchbase.com/organization/johnson-johnson,2024-05-16,121,37.5,2.9,3,8194,33,6,28,2,7,4181,300,48.24561403508772,2.9,118,10361,0,1,16,1,0,10,2,0,14,278,0,0,0,57,3,19,0,15,1,113,67,15,0,3,0,13,16,0,4,905,3851,New Brunswick,New Jersey,https://parat.eto.tech/company/842-johnson-johnson
United Parcel Service,1875,United States,https://www.ups.com/,S&P 500,,North America,Mature,Transportation,UPS is a package delivery company that offers the transportation of packages and freight and the facilitation of international trade.,crunchbase,https://www.crunchbase.com/organization/united-parcel-service,2024-05-16,6,-100.0,6.8,1,190,2,0,1,0,0,88,19,40.0,9.0,13,210,0,1,19,2,0,0,0,0,5,0,0,0,0,9,0,0,0,1,5,0,7,3,0,4,0,1,19,0,0,326,3850,Atlanta,Georgia,https://parat.eto.tech/company/1875-united-parcel-service
Electronic Arts,1671,United States,http://www.ea.com,S&P 500,,North America,Mature,Software & IT Services,"Electronic Arts delivers games, content, and online services for internet-connected consoles, PCs, mobile phones, and tablets.",crunchbase,https://www.crunchbase.com/organization/electronicarts,2024-05-16,72,25.953159041394333,53.3,5,2017,19,1,0,6,5,135,133,48.333333333333336,35.1,111,379,0,2,4,0,0,0,0,97,0,1,0,0,0,41,0,1,0,8,1,3,59,0,0,8,0,1,1,0,10,357,3818,Redwood City,California,https://parat.eto.tech/company/1671-electronic-arts
Caterpillar,1921,United States,http://www.caterpillar.com/,S&P 500,,North America,Mature,Industrial Goods,Caterpillar has been making sustainable progress possible and driving positive change on every continent.,crunchbase,https://www.crunchbase.com/organization/caterpillar-inc,2024-05-16,27,27.777777777777775,8.4,0,620,7,2,15,2,2,320,144,60.70226070226071,1.9,89,7478,1,13,38,0,0,4,6,1,7,4,0,0,1,35,62,5,0,11,66,5,22,57,0,6,0,30,38,0,3,547,3797,Deerfield,Illinois,https://parat.eto.tech/company/1921-caterpillar
Experian,440,United States,https://www.experian.com/,,,North America,Mature,Cyclical Consumer Services,Experian is a data analytics and consumer credit reporting company.,crunchbase,https://www.crunchbase.com/organization/experian,2024-05-16,15,-25.0,35.7,4,315,5,2,1,4,0,42,16,22.222222222222218,21.1,6,76,0,4,4,0,0,0,0,0,0,3,0,0,0,11,0,3,0,1,0,0,0,0,0,1,0,0,0,0,0,693,3756,Costa Mesa,California,https://parat.eto.tech/company/440-experian
Micron Technology,2107,United States,https://www.micron.com/,S&P 500,,North America,Mature,Technology Equipment,"Micron Technology is a semiconductor company that produces DRAM, SDRAM, flash memory, SSD and CMOS image sensing chips.",crunchbase,https:// https://www.crunchbase.com/organization/micron-technology,2024-05-16,21,75.0,3.3,0,170,6,2,1,0,0,646,532,117.7511961722488,5.2,308,10233,0,30,22,0,0,1,4,2,5,16,0,0,2,379,3,40,16,137,88,19,58,63,1,8,0,28,16,0,8,691,3751,Boise,Idaho,https://parat.eto.tech/company/2107-micron-technology
Bmw,783,Germany,http://www.bmwgroup.com/,,,Europe,Mature,Automobiles & Auto Parts,Bayerische Motoren Werke manufactures and sells luxury cars and motorcycles worldwide.,crunchbase,https://www.crunchbase.com/organization/bmw,2024-05-16,624,-11.98673382194952,23.8,20,11410,147,7,225,51,11,2620,438,35.86229908068989,2.3,111,18732,0,19,42,0,0,1,31,0,13,12,0,0,0,107,10,18,0,53,219,50,60,101,3,7,0,102,35,0,13,360,3682,Munich,Bayern,https://parat.eto.tech/company/783-bmw
ABB,798,Switzerland,http://www.abb.com,,,Europe,Mature,Industrial Goods,ABB provides electrification and automation solutions for various industries.,crunchbase,https://www.crunchbase.com/organization/abb,2024-05-16,431,2.529137529137529,9.6,5,9809,35,3,227,11,5,4477,247,87.87290807664321,3.7,88,6725,1,2,30,0,0,0,50,0,38,1,0,0,1,94,13,3,1,40,11,34,28,131,0,34,0,45,29,0,0,230,3584,Zürich,Zurich,https://parat.eto.tech/company/798-abb
Netapp,2427,United States,http://www.netapp.com/,S&P 500,,North America,Mature,Technology Equipment,"NetApp specializes in data storage, data infrastructure, and data management solutions.",crunchbase,https://www.crunchbase.com/organization/netapp,2024-05-16,25,55.55555555555555,14.3,2,677,6,3,0,4,4,175,46,238.0952380952381,5.0,33,919,0,0,1,0,0,0,0,0,0,0,0,0,0,41,0,7,0,23,0,8,2,0,0,4,0,0,1,0,0,129,3582,Sunnyvale,California,https://parat.eto.tech/company/2427-netapp
NXP Semiconductors,606,Netherlands,http://www.nxp.com,S&P 500,,Europe,Mature,Technology Equipment,NXP Semiconductors produces secure connectivity solutions for embedded applications,crunchbase,https://www.crunchbase.com/organization/nxp-semiconductors,2024-05-16,157,38.31168831168831,7.0,0,1412,31,1,18,4,2,2251,91,13.055555555555557,1.8,38,5164,0,4,0,0,0,0,1,1,0,2,0,0,0,43,0,24,0,42,9,16,5,6,0,3,0,23,0,0,8,107,3581,Eindhoven,Noord-Brabant,https://parat.eto.tech/company/606-nxp-semiconductors
Thermo Fisher Scientific,2509,United States,https://www.thermofisher.com/,S&P 500,,North America,Mature,Healthcare Services & Equipment,Thermo Fisher Scientific is a biotechnology and laboratory equipment company that provides a wide range of scientific products and services.,crunchbase,https://www.crunchbase.com/organization/thermo-fisher-scientific,2024-05-16,52,6.560846560846561,1.0,0,1092,27,0,4,1,0,4967,123,55.303030303030305,5.1,29,2431,0,0,4,0,0,0,0,0,0,36,0,0,0,31,51,0,4,7,0,7,49,11,0,7,0,65,4,0,0,351,3552,Waltham,Massachusetts,https://parat.eto.tech/company/2509-thermo-fisher-scientific
ExxonMobil,1385,United States,https://exxonmobil.com,S&P 500,,North America,Mature,Energy - Fossil Fuels,ExxonMobil is an international oil and gas company that provides energy that helps underpin growing economies.,crunchbase,https://www.crunchbase.com/organization/exxonmobil,2024-05-16,53,24.166666666666668,1.7,1,863,6,3,7,0,3,3154,79,65.04629629629629,2.3,48,3476,2,1,7,0,0,0,1,0,2,2,0,0,1,30,19,0,0,1,1,4,10,12,1,1,1,49,5,0,0,478,3532,Irving,Texas,https://parat.eto.tech/company/1385-exxonmobil
PepsiCo,1893,United States,https://www.pepsico.com/,S&P 500,,North America,Mature,Food & Beverages,PepsiCo is a food and beverage company that makes enjoyable foods and beverages that are loved throughout the world.,crunchbase,https:// https://www.crunchbase.com/organization/pepsico,2024-05-16,5,-25.0,0.8,0,35,0,1,2,1,0,644,14,-100.0,2.0,5,697,11,1,2,0,0,0,0,0,11,4,0,0,0,1,0,0,0,0,2,0,6,9,0,0,0,5,1,0,0,876,3494,Harrison,New York,https://parat.eto.tech/company/1893-pepsico
Spotify,844,Sweden,http://www.spotify.com,,,Europe,Mature,Software & IT Services,Spotify is a commercial music streaming service that provides restricted digital content from a range of record labels and artists.,crunchbase,https://www.crunchbase.com/organization/spotify,2024-05-16,127,11.425120772946862,41.4,66,3718,2,20,0,9,12,307,96,112.77777777777777,22.7,71,422,0,0,6,0,0,0,0,25,0,1,0,0,0,60,0,5,0,20,1,22,3,0,0,5,2,1,0,0,30,837,3441,Stockholm,Stockholms Lan,https://parat.eto.tech/company/844-spotify
Procter & Gamble,639,United States,https://pg.com,S&P 500,,North America,Mature,Personal & Household Products & Services,Procter & Gamble Company offers a variety of consumer goods products.,crunchbase,https://www.crunchbase.com/organization/procter-and-gamble,2024-05-16,35,28.888888888888886,1.8,3,385,14,1,7,1,1,1925,73,44.22799422799422,1.2,28,6026,0,1,30,0,0,1,0,0,23,42,0,0,1,30,0,4,0,5,1,14,48,3,0,1,0,6,7,0,1,923,3429,Cincinnati,Ohio,https://parat.eto.tech/company/639-procter-gamble
Abbott,1515,United States,https://www.abbott.com/,S&P 500,,North America,Mature,Healthcare Services & Equipment,Abbott is engaged in pharmaceuticals and manufacturing healthcare products.,crunchbase,https://www.crunchbase.com/organization/abbott,2024-05-16,14,5.5555555555555545,0.6,0,348,3,0,3,0,0,2429,84,63.7037037037037,3.3,33,2527,0,0,2,0,0,0,1,3,0,79,0,0,1,14,1,2,0,4,1,58,11,0,1,0,0,2,1,0,0,558,3393,Abbott Park,Illinois,https://parat.eto.tech/company/1515-abbott
Fortinet,2327,United States,https://www.fortinet.com/,S&P 500,,North America,Mature,Software & IT Services,"Fortinet is a provider of network security appliances that include firewalls, security gateways, and complementary products.",crunchbase,https://www.crunchbase.com/organization/fortinet,2024-05-16,3,-100.0,75.0,0,24,0,0,0,0,0,4,0,,0,0,0,0,0,0,0,0,0,0,0,0,0,0,0,0,0,0,0,0,0,0,0,0,0,0,0,0,0,0,0,0,30,3302,Sunnyvale,California,https://parat.eto.tech/company/2327-fortinet
Discover Financial Services,835,United States,https://www.discover.com,S&P 500,,North America,Mature,Banking & Investment Services,Discover is a digital bank and payments services company.,crunchbase,https://www.crunchbase.com/organization/discover-financial-services,2024-05-16,19,83.33333333333333,32.2,0,116,0,1,1,5,1,59,0,,0,0,0,0,0,0,0,0,0,0,0,0,0,0,0,0,0,0,0,0,0,0,0,0,0,0,0,0,0,0,0,0,925,3282,Riverwoods,Illinois,https://parat.eto.tech/company/835-discover-financial-services
Cadence Design Systems,2241,United States,https://www.cadence.com/,S&P 500,,North America,Mature,Software & IT Services,"Cadence Design Systems develops electronic design automation, software, hardware and silicon intellectual property technologies.",crunchbase,https://www.crunchbase.com/organization/cadence-design-systems,2024-05-16,84,-22.537878787878793,11.1,2,710,15,6,10,2,1,758,62,46.650326797385624,6.9,62,905,0,0,1,0,0,0,0,0,0,0,0,0,0,56,0,0,1,1,0,25,1,2,0,1,0,1,1,0,1,38,3268,San Jose,California,https://parat.eto.tech/company/2241-cadence-design-systems
AP Moller - Maersk,2010,Denmark,https://www.maersk.com/,,,Europe,Mature,Unknown,Maersk is an integrated container logistics company working to connect and simplify its customers’ supply chains.,crunchbase,https://www.crunchbase.com/organization/maersk,2024-05-16,8,-75.0,2.8,0,77,0,0,2,0,0,288,11,,6.8,3,161,0,1,7,0,0,0,0,0,0,0,0,0,0,3,0,0,0,0,1,0,0,0,0,0,0,1,7,0,0,501,3239,Copenhagen,Hovedstaden,https://parat.eto.tech/company/2010-ap-moller-maersk
State Street,2497,United States,http://www.statestreet.com/,S&P 500,,North America,Mature,Banking & Investment Services,"State Street offers a range of financial services, including investment management, research and trading, as well as asset management.",crunchbase,https://www.crunchbase.com/organization/state-street-corporation,2024-05-16,12,50.0,7.4,0,102,1,3,0,0,3,162,7,-33.333333333333336,50.0,4,14,0,3,3,0,0,0,0,0,0,0,0,0,0,6,0,0,0,1,0,0,1,0,0,1,1,0,3,0,0,423,3238,Boston,Massachusetts,https://parat.eto.tech/company/2497-state-street
Medtronic,1553,United States,http://www.medtronic.com/,S&P 500,,North America,Mature,Healthcare Services & Equipment,Medtronic develops healthcare technology solutions for various medical conditions.,crunchbase,https://www.crunchbase.com/organization/medtronic,2024-05-16,189,40.42419266557198,4.4,2,3770,76,2,35,1,4,4268,430,146.24860696966957,5.0,162,8543,0,0,0,0,0,3,2,1,6,411,0,0,0,47,1,9,0,15,0,223,94,5,0,7,1,12,0,0,0,311,3201,Minneapolis,Minnesota,https://parat.eto.tech/company/1553-medtronic
Netflix,176,United States,https://www.netflix.com,S&P 500,,North America,Mature,Software & IT Services,Netflix is an online streaming platform that enables users to watch TV shows and movies.,crunchbase,https://www.crunchbase.com/organization/netflix,2024-05-16,159,34.169180492709906,37.1,49,10039,47,8,0,9,11,428,81,9.523809523809526,20.4,28,398,0,0,6,0,0,0,0,2,0,0,0,0,0,33,0,3,0,31,0,10,24,0,0,6,0,0,0,0,7,401,3118,Los Gatos,California,https://parat.eto.tech/company/176-netflix
Allstate,2019,United States,https://www.allstate.com/,S&P 500,,North America,Mature,Insurance,"Allstate is an insurance company that offers car, home, and life insurance services.",crunchbase,https:// https://www.crunchbase.com/organization/allstate,2024-05-16,19,91.66666666666667,25.0,0,95,2,2,0,3,4,76,120,47.44588744588744,28.5,87,421,0,58,46,0,0,1,0,0,0,8,0,0,2,50,1,5,0,32,41,3,9,34,0,0,1,21,25,0,4,533,3093,Northbrook,Illinois,https://parat.eto.tech/company/2019-allstate
Lenovo,936,China,http://www.lenovo.com,,,Asia,Mature,Technology Equipment,"Lenovo Group is a computer technology company that manufactures personal computers, smartphones, televisions, and wearable devices.",crunchbase,https://www.crunchbase.com/organization/lenovo,2024-05-16,354,19.56997691630375,51.4,52,13112,189,50,9,6,64,689,339,9.77855477855478,2.6,103,12951,0,3,18,0,0,0,2,1,10,5,0,0,1,92,0,12,1,170,4,60,32,5,0,11,2,26,11,0,18,280,3023,Beijing,Beijing ,https://parat.eto.tech/company/936-lenovo
Blackrock,358,United States,http://www.blackrock.com,S&P 500,,North America,Mature,Banking & Investment Services,"BlackRock is an investment company that offers its services to institutions, intermediaries, foundations, and individual investors.",crunchbase,https://www.crunchbase.com/organization/blackrock,2024-05-16,24,190.0,5.8,0,297,3,6,2,3,5,413,11,,40.7,6,27,0,2,2,1,0,0,0,0,0,2,0,0,0,8,1,0,0,1,0,0,0,0,0,0,0,0,1,0,0,841,3004,New York,New York,https://parat.eto.tech/company/358-blackrock
Johnson Controls,2100,Ireland,http://www.johnsoncontrols.com/,S&P 500,,Europe,Mature,Industrial Goods,"Johnson Controls offers smart buildings that create safe, healthy, and sustainable environments.",crunchbase,https://www.crunchbase.com/organization/johnson-controls,2024-05-16,23,7.777777777777779,10.2,2,805,3,1,6,0,1,226,273,8.932068714677412,6.1,150,4460,0,23,44,0,0,0,68,0,7,2,0,0,7,106,63,50,0,42,3,23,30,146,3,25,4,6,37,0,7,178,2995,Cork,Cork,https://parat.eto.tech/company/2100-johnson-controls
Aptiv,336,Ireland,http://www.aptiv.com/,S&P 500,,Europe,Mature,Automobiles & Auto Parts,"Aptiv is a global technology company that develops safer, greener, and more connected solutions, which enable the future of mobility.",crunchbase,https://www.crunchbase.com/organization/aptiv,2024-05-16,112,-3.1196581196581192,27.9,1,1937,61,0,33,6,2,402,319,1.0553410553410565,9.4,169,3403,0,26,11,1,0,2,2,0,1,2,0,0,1,100,5,3,1,95,182,64,82,135,0,4,2,155,7,0,2,117,2987,Dublin,Dublin,https://parat.eto.tech/company/336-aptiv
Emerson Electric Company,2302,United States,https://www.emerson.com/,S&P 500,,North America,Mature,Industrial Goods,Emerson is an technology & engineering company providing innovative solutions for customers in industrial and residential markets.,crunchbase,https://www.crunchbase.com/organization/emerson,2024-05-16,13,16.666666666666668,4.1,0,177,3,0,1,0,0,319,58,86.1111111111111,2.1,29,2714,0,1,10,0,0,0,4,0,14,0,0,0,0,25,8,3,1,4,2,4,9,38,0,8,0,5,10,0,1,127,2930,St. Louis,Missouri,https://parat.eto.tech/company/2302-emerson-electric-company
MetLife,1883,United States,https://www.metlife.com/,S&P 500,,North America,Mature,Insurance,"MetLife is a provider of insurance, employee benefits, and financial services .",crunchbase,https://www.crunchbase.com/organization/metlife,2024-05-16,1,,3.7,0,17,0,0,0,0,0,27,0,,0,0,0,0,0,0,0,0,0,0,0,0,0,0,0,0,0,0,0,0,0,0,0,0,0,0,0,0,0,0,0,0,384,2908,New York,New York,https://parat.eto.tech/company/1883-metlife
Disney,1383,United States,https://www.thewaltdisneycompany.com/,S&P 500,,North America,Mature,Cyclical Consumer Services,The Walt Disney Company started as a cartoon studio and evolves into sports coverage and television shows.,crunchbase,https://www.crunchbase.com/organization/the-walt-disney-company,2024-05-16,458,1.8621823375643416,37.9,55,34550,208,27,132,9,16,1208,365,49.21052631578947,22.5,236,1620,0,1,22,0,0,4,1,16,11,4,0,0,2,134,0,11,0,113,11,28,189,13,2,21,7,4,8,1,20,403,2907,Burbank,California,https://parat.eto.tech/company/1383-disney
Progressive,2093,United States,https://www.progressive.com/,S&P 500,,North America,Mature,Insurance,Progressive Insurance is a property and casualty insurance provider.,crunchbase,https://www.crunchbase.com/organization/progressive-commercial,2024-05-16,0,,0.0,0,0,0,0,0,0,0,7,1,-100.0,100.0,1,1,0,1,0,0,0,0,0,0,0,0,0,0,0,1,0,0,0,1,0,0,0,0,0,1,1,0,0,0,1,434,2903,Mayfield,Ohio,https://parat.eto.tech/company/2093-progressive
Western Digital,2539,United States,https://www.westerndigital.com/,S&P 500,,North America,Mature,Technology Equipment,"Western Digital helps customers capture, preserve, access, and transform an ever-increasing diversity of data.",crunchbase,https://www.crunchbase.com/organization/western-digital,2024-05-16,56,-10.97883597883598,5.8,2,778,10,0,3,2,3,958,137,33.8468720821662,5.0,91,2746,0,0,1,0,0,0,1,0,0,2,0,0,1,114,1,3,4,22,0,5,14,5,0,2,1,2,1,0,0,188,2897,San Jose,California,https://parat.eto.tech/company/2539-western-digital
Astrazeneca,341,United Kingdom,http://www.astrazeneca.com,,Alexion Pharmaceuticals,Europe,Mature,Pharmaceuticals & Medical Research,"AstraZeneca is a pharmaceutical company that discovers, develops, manufactures, and markets prescription medicines.",crunchbase,https://www.crunchbase.com/organization/astrazeneca,2024-05-16,471,22.493961352657006,2.2,11,16151,106,24,7,5,35,21687,22,61.11111111111111,1.5,12,1455,0,0,0,0,0,0,0,0,1,13,0,0,0,6,2,0,0,0,0,3,10,0,0,1,0,3,0,0,0,844,2892,Cambridge,Cambridgeshire,https://parat.eto.tech/company/341-astrazeneca
Deutsche Telekom,1390,Germany,http://www.telekom.com,,,Europe,Mature,Telecommunications Services,Deutsche Telekom is a telecommunications company that offers a range of fixed-network services.,crunchbase,https://www.crunchbase.com/organization/deutsche-telekom,2024-05-16,41,15.185185185185185,5.8,0,2921,7,8,5,2,1,707,95,73.4920634920635,6.8,44,1403,0,3,10,0,0,2,0,0,1,1,0,0,0,44,0,17,0,54,1,16,4,2,1,3,0,2,3,0,4,210,2853,Bonn,Nordrhein-Westfalen,https://parat.eto.tech/company/1390-deutsche-telekom
Texas Instruments,714,United States,http://www.ti.com,S&P 500,,North America,Mature,Technology Equipment,"Texas Instruments is a global semiconductor company that manufactures, designs, tests, and sells embedded and analog processing chips.",crunchbase,https://www.crunchbase.com/organization/texas-instruments,2024-05-16,96,45.833333333333336,4.6,6,2337,44,1,8,0,0,2083,93,6.904761904761902,1.5,43,6301,0,0,0,0,0,0,0,0,1,0,0,0,0,60,0,2,0,12,1,11,20,5,0,1,0,6,0,0,2,73,2818,Dallas,Texas,https://parat.eto.tech/company/714-texas-instruments
Truist Financial,2514,United States,https://www.truist.com/,S&P 500,,North America,Mature,Banking & Investment Services,Truist is the sixth-largest commercial bank in the U.S.,crunchbase,https://www.crunchbase.com/organization/truist-financial,2024-05-16,2,,15.4,0,0,0,0,0,1,0,13,0,,0,0,0,0,0,0,0,0,0,0,0,0,0,0,0,0,0,0,0,0,0,0,0,0,0,0,0,0,0,0,0,0,466,2748,Charlotte,North Carolina,https://parat.eto.tech/company/2514-truist-financial
Equinix,2306,United States,https://www.equinix.com/,S&P 500,,North America,Mature,Real Estate,"Equinix is an internet company that provides data center services for companies, businesses, and organizations.",crunchbase,https://www.crunchbase.com/organization/equinix,2024-05-16,4,-100.0,18.2,0,28,0,1,0,1,0,22,11,-75.0,9.6,10,115,0,1,2,0,0,0,3,0,1,0,0,0,0,7,0,2,0,8,1,2,0,2,0,0,0,0,2,0,0,137,2739,Redwood City,California,https://parat.eto.tech/company/2306-equinix
Delta Air Lines,1981,United States,https://www.delta.com/,S&P 500,,North America,Mature,Transportation,"Delta Air Lines is a global airline with a focus on safety, innovation, reliability, and customer experience.",crunchbase,https:// https://www.crunchbase.com/organization/delta-air-lines,2024-05-16,0,,0.0,0,265,0,0,0,0,0,75,1,,6.7,0,15,0,0,1,0,0,0,0,0,0,0,0,0,0,0,0,0,0,0,1,0,0,0,0,0,0,0,1,0,0,382,2723,Atlanta,Georgia,https://parat.eto.tech/company/1981-delta-air-lines
Fedex,1891,United States,http://www.fedex.com/,S&P 500,,North America,Mature,Transportation,"FedEx provides customers and businesses worldwide with a broad portfolio of transportation, e-commerce, and business services.",crunchbase,https://www.crunchbase.com/organization/fedex,2024-05-16,3,-100.0,6.5,0,113,0,0,0,0,0,46,6,-87.5,13.6,5,44,0,1,4,0,0,0,2,0,2,1,0,0,0,3,0,2,0,2,4,0,2,3,0,0,0,3,4,0,0,453,2692,Memphis,Tennessee,https://parat.eto.tech/company/1891-fedex
Elevance Health,1831,United States,https://www.elevancehealth.com/,S&P 500,,North America,Mature,Healthcare Services & Equipment,Elevance Health is an integrated whole-health approach to help people in health journey and address their full range of needs.,crunchbase,https://www.crunchbase.com/organization/wellpoint,2024-05-16,42,268.3333333333333,9.1,0,355,4,1,1,1,0,460,21,-100.0,53.8,3,39,0,2,0,0,0,0,0,0,0,14,0,0,2,11,0,0,0,2,0,0,0,0,0,0,0,0,0,0,0,348,2688,Indianapolis,Indiana,https://parat.eto.tech/company/1831-elevance-health
Aon,2216,United Kingdom,https://www.aon.com/,S&P 500,,Europe,Mature,Insurance,"Aon is a global provider of risk management, insurance and reinsurance brokerage, human resources solutions, and outsourcing services.",crunchbase,https://www.crunchbase.com/organization/aon-corporation,2024-05-16,0,,0.0,0,0,0,0,0,0,0,16,0,,0,0,0,0,0,0,0,0,0,0,0,0,0,0,0,0,0,0,0,0,0,0,0,0,0,0,0,0,0,0,0,0,553,2687,London,London,https://parat.eto.tech/company/2216-aon
F5 Networks,2315,United States,https://www.f5.com/,S&P 500,,North America,Mature,Software & IT Services,F5 Networks provides application security and delivery tools.,crunchbase,https://www.crunchbase.com/organization/f5-networks,2024-05-16,5,0.0,20.0,0,63,1,0,2,1,0,25,23,77.77777777777777,9.6,14,239,0,0,0,0,0,0,0,0,0,0,0,0,0,14,0,5,0,17,0,5,0,0,0,1,0,0,0,0,0,52,2684,Seattle,Washington,https://parat.eto.tech/company/2315-f5-networks
Chubb,2084,Switzerland,https://www.chubb.com/,S&P 500,,Europe,Mature,Insurance,"Chubb is a mortgage firm that offers risk management, property, health, personal, business, health, home, and life insurance.",crunchbase,https:// https://www.crunchbase.com/organization/chubb-corporation,2024-05-16,0,,0.0,0,0,0,0,0,0,0,1,0,,0,0,0,0,0,0,0,0,0,0,0,0,0,0,0,0,0,0,0,0,0,0,0,0,0,0,0,0,0,0,0,0,477,2657,Zürich,Zürich,https://parat.eto.tech/company/2084-chubb
Rockwell Automation,2479,United States,https://www.rockwellautomation.com/,S&P 500,,North America,Mature,Industrial Goods,Rockwell Automation deals with industrial automation investment and helps other firms with strategies for their automation technology.,crunchbase,https://www.crunchbase.com/organization/rockwell-automation,2024-05-16,32,72.22222222222221,7.0,4,705,9,3,1,1,8,460,161,16.111111111111114,12.0,89,1340,1,2,27,0,0,1,2,0,34,0,0,0,2,66,6,8,0,27,14,15,9,133,0,7,0,8,27,0,1,91,2634,Milwaukee,Wisconsin,https://parat.eto.tech/company/2479-rockwell-automation
Travelers Companies,2111,United States,https://www.travelers.com/,S&P 500,,North America,Mature,Insurance,"Travelers Insurance is an insurance company, committed to keeping pace with the ever-changing needs of its customers.",crunchbase,https:// https://www.crunchbase.com/organization/travelers-insur,2024-05-16,0,,0,0,0,0,0,0,0,0,0,0,,0,0,0,0,0,0,0,0,0,0,0,0,0,0,0,0,0,0,0,0,0,0,0,0,0,0,0,0,0,0,0,0,611,2628,New York,New York,https://parat.eto.tech/company/2111-travelers-companies
Chevron,1617,United States,http://www.chevron.com,S&P 500,,North America,Mature,Energy - Fossil Fuels,"Chevron Corporation is an integrated energy and technology company that believes affordable, reliable, and ever-cleaner energy.",crunchbase,https://www.crunchbase.com/organization/chevron,2024-05-16,56,33.63636363636363,1.9,0,625,7,1,7,0,0,3011,73,58.333333333333336,5.9,27,1239,2,1,6,0,0,0,0,0,1,3,0,0,0,28,28,1,0,2,0,12,8,6,0,5,0,47,6,0,0,411,2626,San Ramon,California,https://parat.eto.tech/company/1617-chevron
Airbnb,314,United States,http://airbnb.com,S&P 500,,North America,Mature,Software & IT Services,"Airbnb is an online community marketplace for people to list, discover, and book accommodations through mobile phones or the internet.",crunchbase,https://www.crunchbase.com/organization/airbnb,2024-05-16,37,27.777777777777782,26.2,20,1386,4,6,0,0,1,141,67,13.888888888888886,19.9,34,337,0,1,41,0,0,1,0,0,1,1,0,0,3,49,0,0,0,11,1,0,5,1,0,4,4,0,30,0,1,436,2600,San Francisco,California,https://parat.eto.tech/company/314-airbnb
Arm,338,United Kingdom,http://www.arm.com,,,Europe,Mature,Technology Equipment,"Arm Holdings plc (formerly an acronym for Advanced RISC Machines and originally Acorn RISC Machine) is a British semiconductor and software design company based in Cambridge, England, whose primary business is the design of central processing unit (CPU) cores that implement the ARM architecture family of instruction sets. It also designs other chips, provides software development tools under the DS-5, RealView and Keil brands, and provides systems and platforms, system-on-a-chip (SoC) infrastructure and software. As a ""holding"" company, it also holds shares of other companies. Since 2016, it has been majority owned by Japanese conglomerate SoftBank Group.",wikipedia,https://en.wikipedia.org/wiki/Arm_Holdings,2024-05-24,69,-0.4166666666666667,11.6,4,3002,19,1,6,0,3,595,257,25.239234449760765,11.1,166,2324,0,2,2,0,0,0,2,1,0,2,0,0,0,170,1,11,0,30,7,7,64,16,1,11,0,6,1,0,3,60,2587,Cambridge,Cambridgeshire,https://parat.eto.tech/company/338-arm
American Airlines Group,1978,United States,https://www.aa.com/,S&P 500,,North America,Mature,Mineral Resources,"American Airlines is an airline company that operates a diverse fleet of aircraft, including narrow-body and wide-body jets.",crunchbase,https://www.crunchbase.com/organization/american-airli,2024-05-16,1,,2.6,0,32,0,0,0,0,0,39,4,-100.0,14.8,4,27,0,1,3,0,0,0,0,0,0,0,0,0,0,1,0,0,0,2,0,0,1,2,0,0,0,0,3,0,0,294,2561,Fort Worth,Texas,https://parat.eto.tech/company/1978-american-airlines-group
Jacobs Engineering Group,2376,United States,http://www.jacobs.com/,S&P 500,,North America,Mature,Industrial & Commercial Services,"Jacobs leads the global professional services sector delivering solutions for a more connected, sustainable world.",crunchbase,https://www.crunchbase.com/organization/jacobs,2024-05-16,49,2.7777777777777786,1.6,0,742,3,0,31,0,0,2978,1,,1.9,0,54,0,0,0,0,0,0,0,0,0,1,0,0,0,0,0,0,0,0,0,0,0,0,0,0,0,0,0,0,0,148,2557,Dallas,Texas,https://parat.eto.tech/company/2376-jacobs-engineering-group
Databricks,410,United States,https://databricks.com,,,North America,Mature,Software & IT Services,Databricks is an AI cloud data platform that interacts with corporate information stored in the public cloud.,crunchbase,https://www.crunchbase.com/organization/databricks,2024-05-16,15,-41.66666666666667,17.0,1,2566,3,1,0,0,1,88,11,-100.0,8.6,4,128,0,0,0,0,0,0,0,0,0,0,0,0,0,6,0,0,0,0,0,1,0,0,0,2,0,0,0,0,0,297,2551,San Francisco,California,https://parat.eto.tech/company/410-databricks
Pfizer,1928,United States,https://www.pfizer.com/,S&P 500,,North America,Mature,Pharmaceuticals & Medical Research,"Pfizer is a biopharmaceutical company that provides affordable access to safe, effective medicines and health care services.",crunchbase,https:// https://www.crunchbase.com/organization/pfizer,2024-05-16,185,46.75925925925926,1.0,3,6560,24,19,2,3,17,18787,12,-50.0,0.8,5,1514,0,0,0,0,0,0,0,0,0,11,0,0,0,0,1,0,0,0,0,5,0,0,0,0,0,0,0,0,2,724,2532,New York,New York,https://parat.eto.tech/company/1928-pfizer
Applied Materials,335,United States,http://appliedmaterials.com/,S&P 500,,North America,Mature,Technology Equipment,Applied Materials is a semiconductor and display equipment company that offers materials engineering solutions.,crunchbase,https://www.crunchbase.com/organization/applied-materials,2024-05-16,38,67.5925925925926,3.2,2,544,12,0,8,0,1,1201,422,110.18518518518518,4.5,164,9398,0,0,7,0,0,0,3,0,64,7,0,0,1,143,67,6,181,18,0,45,148,122,0,21,0,120,7,0,0,235,2483,Santa Clara,California,https://parat.eto.tech/company/335-applied-materials
Garmin,2335,United States,http://www.garmin.com/,S&P 500,,North America,Mature,Technology Equipment,"Garmin manufactures marine, aviation, and consumer technologies suitable to run on global positioning systems.",crunchbase,https://www.crunchbase.com/organization/garmin,2024-05-16,3,-100.0,8.6,0,88,0,0,1,0,0,35,7,-25.0,2.1,5,328,0,0,0,0,0,0,0,1,0,6,0,0,0,0,0,1,0,0,1,6,1,1,0,0,0,0,0,0,0,36,2472,Olathe,Kansas,https://parat.eto.tech/company/2335-garmin
Splunk,237,United States,https://www.splunk.com,,,North America,Mature,Software & IT Services,"Splunk is a software company that provides operational intelligence software that monitors, reports, and analyzes real-time machine data.",crunchbase,https://www.crunchbase.com/organization/splunk,2024-05-16,19,96.66666666666667,57.6,0,325,3,2,0,4,2,33,1,,25.0,1,4,0,0,0,0,0,0,0,0,0,0,0,0,0,1,0,0,0,1,0,0,1,0,0,1,1,0,0,0,0,112,2402,San Francisco,California,https://parat.eto.tech/company/237-splunk
FactSet,6956,United States,https://www.factset.com/,S&P 500,,North America,Mature,Unknown,"FactSet Research Systems Inc., trading as FactSet, is an American financial data and software company headquartered in Norwalk, Connecticut, United States. The company provides integrated data and software. For fiscal year 2023, FactSet's total ASV and professional services revenues were $2.09 billion. FactSet's total market value is approximately $15 billion.",wikipedia,https://en.wikipedia.org/wiki/FactSet,2024-06-04,2,,4.0,0,33,2,0,0,0,0,50,1,,50.0,1,2,0,0,0,0,0,0,0,0,0,0,0,0,0,1,0,0,0,0,0,0,0,0,0,0,0,0,0,0,0,218,2396,Norwalk,Connecticut,https://parat.eto.tech/company/6956-factset
Snap,694,United States,https://www.snap.com,,,North America,Mature,Software & IT Services,"Snap is a technology company that offers the products Snapchat, Spectacles, and Bitmoji.",crunchbase,https://www.crunchbase.com/organization/snapchat,2024-05-16,302,9.223536758838428,67.1,139,36694,197,33,7,13,56,450,514,24.42612942612942,20.3,249,2534,0,0,56,0,0,4,0,13,4,8,0,0,31,261,0,5,0,150,7,10,327,9,0,13,1,6,15,0,35,373,2376,Santa Monica,California,https://parat.eto.tech/company/694-snap
United Airlines,2009,United States,https://ir.united.com/,S&P 500,,North America,Mature,Transportation,"United Airlines and United Express operate approximately 5,000 flights each day to more than 370 destinations throughout the world.",crunchbase,https:// https://www.crunchbase.com/organization/united-airlines,2024-05-16,0,,0,0,0,0,0,0,0,0,0,0,,0,0,0,0,0,0,0,0,0,0,0,0,0,0,0,0,0,0,0,0,0,0,0,0,0,0,0,0,0,0,0,0,344,2357,Chicago,Illinois,https://parat.eto.tech/company/2009-united-airlines
Trimble,6983,United States,https://www.trimble.com/en,S&P 500,,North America,Mature,Unknown,"Trimble Inc. is an American software, hardware, and services technology company. Trimble supports global industries in building & construction, agriculture, geospatial, natural resources and utilities, governments, transportation and others. Trimble also does hardware development of global navigation satellite system (GNSS) receivers, scanners, total stations, laser rangefinders, unmanned aerial vehicles (UAVs), inertial navigation systems and software processing tools.",wikipedia,https://en.wikipedia.org/wiki/Trimble_Inc.,2024-06-04,12,16.666666666666668,12.2,0,144,5,0,4,0,0,98,25,19.444444444444446,6.8,16,365,4,0,2,0,0,0,0,0,1,0,0,0,0,19,7,0,0,9,4,6,11,4,0,0,0,11,2,0,0,79,2354,Westminster,Colorado,https://parat.eto.tech/company/6983-trimble
3M,298,United States,https://www.3m.com,S&P 500,,North America,Mature,Consumer Goods Conglomerates,3M operates as a diversified technology company.,crunchbase,https://www.crunchbase.com/organization/3m,2024-05-16,25,13.888888888888886,2.2,4,443,6,9,2,0,1,1112,128,77.39156268568034,1.8,35,7122,0,4,18,0,0,2,2,0,15,54,0,0,0,49,8,9,2,11,6,21,33,13,1,5,3,15,17,0,5,333,2313,Saint Paul,Minnesota,https://parat.eto.tech/company/298-3m
PTC,6977,United States,https://www.ptc.com/en,S&P 500,,North America,Mature,Unknown,"PTC Inc. (formerly Parametric Technology Corporation) is a computer software and services company founded in 1985 and headquartered in Boston, Massachusetts. The company was a pioneer in parametric, associative feature-based, solid computer-aided design (CAD) modeling software in 1988, including an Internet-based product for Product Lifecycle Management (PLM) in 1998. PTC (NASDAQ: PTC) markets products and services and an Internet of Things (IoT) and augmented reality (AR) platform for partners and developers.",wikipedia,https://en.wikipedia.org/wiki/PTC_(software_company),2024-06-04,18,1.6666666666666667,17.0,0,348,4,0,9,0,0,106,6,-50.0,12.0,2,50,0,0,2,0,0,0,0,0,0,1,0,0,0,6,0,1,0,1,0,0,2,1,0,1,0,1,1,0,0,64,2277,Boston,Massachusetts,https://parat.eto.tech/company/6977-ptc
Lowe's,1876,United States,https://www.lowes.com/,S&P 500,,North America,Mature,Retailers,"Lowe’s provides the skills you need to manage your home, and offer the best customer services.",crunchbase,https://www.crunchbase.com/organization/lowes,2024-05-16,15,50.0,44.1,8,118,3,3,2,0,2,34,3,-50.0,6.1,2,49,0,1,0,0,0,0,0,0,0,0,0,0,0,3,0,1,0,0,0,0,2,0,0,0,0,0,0,0,0,279,2273,Mooresville,North Carolina,https://parat.eto.tech/company/1876-lowes
Willis Towers Watson,2545,United Kingdom,https://www.wtwco.com/,S&P 500,,Europe,Mature,Insurance,Willis Towers Watson is a global advisory and solutions company that helps clients around the world turn risk into a path for growth.,crunchbase,https://www.crunchbase.com/organization/willis-towers-watson,2024-05-16,3,-50.0,1.8,0,87,1,0,0,0,0,163,0,,0,0,0,0,0,0,0,0,0,0,0,0,0,0,0,0,0,0,0,0,0,0,0,0,0,0,0,0,0,0,0,0,416,2259,London,London,https://parat.eto.tech/company/2545-willis-towers-watson
JD.com,133,China,http://corporate.jd.com/,"Global Big Tech, GenAI Contenders",Jingdong AI,Asia,Mature,Retailers,JD.com is an internet company and online consumer electronics retailer in China.,crunchbase,https://www.crunchbase.com/organization/jd-com,2024-05-16,740,-1.901822049574547,68.5,265,51668,279,121,35,35,144,1080,793,7.0886075949367084,12.2,274,6512,3,12,207,2,1,1,3,0,49,4,0,0,2,391,2,14,0,37,53,15,105,28,0,24,1,20,135,1,59,439,2249,Beijing,Beijing ,https://parat.eto.tech/company/133-jd-com
Gartner,2336,United States,https://www.gartner.com/,S&P 500,,North America,Mature,Software & IT Services,"Gartner provides fact-based consulting services, helping clients use and manage IT to enhance business performance.",crunchbase,https://www.crunchbase.com/organization/gartner,2024-05-16,4,-100.0,6.2,0,12,0,0,0,0,0,64,1,,25.0,1,4,0,0,0,0,0,0,0,0,0,0,0,0,0,1,0,0,0,0,0,0,0,0,0,1,1,0,0,0,0,547,2246,Stamford,Connecticut,https://parat.eto.tech/company/2336-gartner
Ameriprise Financial,2212,United States,https://www.ameriprise.com/,S&P 500,H&R Block,North America,Mature,Banking & Investment Services,"Ameriprise Financial is a financial services company that provides financial planning, products, and services.",crunchbase,https://www.crunchbase.com/organization/ameriprise-financial,2024-05-16,0,,0.0,0,0,0,0,0,0,0,8,0,,0.0,0,5,0,0,0,0,0,0,0,0,0,0,0,0,0,0,0,0,0,0,0,0,0,0,0,0,0,0,0,0,0,209,2109,Minneapolis,Minnesota,https://parat.eto.tech/company/2212-ameriprise-financial
Eli Lilly And Company,434,United States,http://www.lilly.com/,S&P 500,,North America,Mature,Pharmaceuticals & Medical Research,"Eli Lilly engages in the discovery, development, manufacture, and sale of products in pharmaceutical products business segment.",crunchbase,https://www.crunchbase.com/organization/eli-lilly,2024-05-16,132,61.95558827137774,1.2,3,2517,31,4,3,1,5,11250,9,,0.7,1,1233,0,0,0,0,0,0,0,0,1,5,0,0,0,1,0,0,0,1,0,3,3,1,0,0,0,2,0,0,0,618,2107,Indianapolis,Indiana,https://parat.eto.tech/company/434-eli-lilly-and-company
Alibaba,21,China,http://alibabagroup.com,"Global Big Tech, GenAI Contenders",,Asia,Mature,Software & IT Services,"Alibaba Group enables businesses to transform the way they market, sell, operate, and improve their efficiencies.",crunchbase,https://www.crunchbase.com/organization/alibaba,2024-05-16,4233,2.2556030416374733,65.3,1738,157365,1562,988,92,142,1160,6485,2406,38.971318636185906,8.3,1194,28930,2,134,430,14,0,7,14,7,45,32,0,0,11,1408,3,88,2,204,56,39,422,25,3,92,22,38,209,0,111,409,2103,Hangzhou,Zhejiang,https://parat.eto.tech/company/21-alibaba
Sanofi,989,France,https://www.sanofi.com/,,,Europe,Mature,Pharmaceuticals & Medical Research,Sanofi is a healthcare company that provides treatments and the protection of life-saving vaccines.,crunchbase,https://www.crunchbase.com/organization/sanofi,2024-05-16,125,45.96153846153846,1.0,2,2585,12,10,3,1,7,12021,51,161.11111111111111,2.3,16,2245,0,0,0,0,0,0,0,0,0,38,0,0,0,6,3,0,0,0,0,4,9,0,0,1,0,3,0,0,0,677,2102,Paris,Île-De-France,https://parat.eto.tech/company/989-sanofi
Warner Bros. Discovery,3162,United States,https://wbd.com/,S&P 500,,North America,Mature,Cyclical Consumer Services,Warner Bros. Discovery is an media conglomerate formed from the 2022 merger of WarnerMedia and Discovery.,crunchbase,https://www.crunchbase.com/organization/discovery-inc,2024-05-16,2,,4.3,1,10,0,0,0,0,0,47,12,2.777777777777781,25.0,8,48,0,0,4,0,0,2,0,3,1,2,0,0,1,7,0,0,0,7,0,3,2,0,0,1,0,0,2,0,2,262,2088,New York,New York,https://parat.eto.tech/company/3162-warner-bros-discovery
Baker Hughes,1564,United States,http://www.bakerhughes.com,S&P 500,,North America,Mature,Industrial & Commercial Services,Baker Hughes is an energy technology company that provides solutions for energy and industrial customers worldwide.,crunchbase,https://www.crunchbase.com/organization/baker-hughes,2024-05-16,76,8.45117845117845,2.1,0,657,11,1,13,0,1,3609,94,68.51851851851852,2.3,50,4170,1,0,10,0,0,1,4,0,19,3,0,0,0,39,43,3,0,6,1,11,22,32,0,5,2,30,10,0,0,301,2073,Houston,Texas,https://parat.eto.tech/company/1564-baker-hughes
Xerox,787,United States,https://www.xerox.com/,,,North America,Mature,Software & IT Services,"Xerox is a document management technology and services enterprise, producing printing and publishing systems, copiers and fax machines.",crunchbase,https://www.crunchbase.com/organization/xerox,2024-05-16,162,-83.33333333333334,35.7,44,25974,46,60,5,1,4,454,177,-16.11239637555427,12.4,123,1423,2,1,18,0,2,2,3,0,14,16,0,3,3,99,4,5,3,32,11,33,53,25,0,17,11,24,13,0,6,98,2067,Norwalk,Connecticut,https://parat.eto.tech/company/787-xerox
Keysight Technologies,2383,United States,https://www.keysight.com/,S&P 500,,North America,Mature,Technology Equipment,Keysight Technologies is an electronic measurement company.,crunchbase,https://www.crunchbase.com/organization/keysight-technologies,2024-05-16,28,-30.555555555555557,3.5,0,348,7,0,4,0,0,795,20,-16.666666666666668,3.2,11,633,0,0,0,0,0,0,0,0,1,0,0,0,0,9,1,0,0,9,0,5,0,1,0,3,0,1,0,0,0,50,2024,Santa Rosa,California,https://parat.eto.tech/company/2383-keysight-technologies
Boston Consulting Group,718,United States,https://www.bcg.com/,,,North America,Mature,Industrial & Commercial Services,The Boston Consulting Group is a global management consulting firm and an advisor on business strategy.,crunchbase,https://www.crunchbase.com/organization/boston-consulting-group,2024-05-16,40,93.33333333333333,6.6,3,1135,5,4,5,2,3,609,28,116.66666666666667,54.9,11,51,1,4,20,0,0,0,0,0,2,2,0,0,0,13,2,0,0,3,0,1,0,0,0,0,0,0,8,0,2,857,2021,Boston,Massachusetts,https://parat.eto.tech/company/718-boston-consulting-group
Northern Trust,2437,United States,https://www.northerntrust.com/,S&P 500,,North America,Mature,Banking & Investment Services,"Northern Trust is a global leader in delivering innovative investment management, asset and fund administration, fiduciary and banking.",crunchbase,https://www.crunchbase.com/organization/northern-trust,2024-05-16,0,,0.0,0,0,0,0,0,0,0,8,2,,18.2,1,11,0,0,2,0,0,0,0,0,0,0,0,0,0,0,0,0,0,0,0,0,0,0,0,0,0,0,1,0,0,264,2018,Chicago,Illinois,https://parat.eto.tech/company/2437-northern-trust
Arista Networks,2220,United States,https://www.arista.com/,S&P 500,,North America,Mature,Technology Equipment,Arista Networks is a computer networking firm delivering cloud networking solutions for large data center and computer environments.,crunchbase,https://www.crunchbase.com/organization/arista-networks,2024-05-16,5,0.0,9.1,0,12,1,1,0,1,1,55,19,-50.0,2.4,10,785,0,0,0,0,0,0,0,0,0,0,0,0,0,9,0,9,0,19,0,15,0,0,0,10,0,0,0,0,0,20,2014,Santa Clara,California,https://parat.eto.tech/company/2220-arista-networks
ZTE,289,China,http://zte.com.cn,,,Asia,Mature,Technology Equipment,ZTE provides telecommunications equipment and network solutions.,crunchbase,https://www.crunchbase.com/organization/zte-corporation,2024-05-16,151,4.969866734572617,8.2,9,2927,72,11,9,3,13,1832,720,28.659611992945326,1.9,139,37753,0,0,33,2,0,4,5,0,10,5,0,0,0,264,7,28,0,354,14,148,101,9,0,17,1,21,29,0,9,36,2011,Shenzhen,Guangdong,https://parat.eto.tech/company/289-zte
Global Payments,2341,United States,https://www.globalpaymentsinc.com/,S&P 500,,North America,Mature,Industrial & Commercial Services,"Global Payments offers transaction processing services through their high-speed, robust electronic information networks.",crunchbase,https://www.crunchbase.com/organization/global-payments,2024-05-16,1,,33.3,0,0,0,1,0,0,0,3,4,-50.0,13.3,2,30,0,3,3,0,0,0,0,0,0,0,0,0,0,3,0,0,0,2,0,0,0,0,0,1,0,0,0,0,2,98,2009,Atlanta,Georgia,https://parat.eto.tech/company/2341-global-payments
KPMG,539,United States,http://www.kpmg.com/,,,North America,Mature,Industrial & Commercial Services,"KPMG is a network of independent member firms offering audit, tax, and advisory services.",crunchbase,https://www.crunchbase.com/organization/kpmg,2024-05-16,48,-5.026455026455025,5.2,1,765,6,7,2,1,0,920,48,-72.22222222222223,39.0,18,123,0,7,13,1,0,0,0,0,0,2,0,0,0,30,0,6,0,5,0,0,2,0,0,14,1,0,12,0,0,406,2006,Montvale,New Jersey,https://parat.eto.tech/company/539-kpmg
Cardinal Health,1807,United States,https://www.cardinalhealth.com/,S&P 500,,North America,Mature,Pharmaceuticals & Medical Research,Cardinal Health is a manufacturer and distributor of medical and laboratory products.,crunchbase,https://www.crunchbase.com/organization/cardinal-health,2024-05-16,13,216.66666666666666,2.1,0,114,0,3,0,0,0,628,2,-50.0,2.2,1,89,0,0,1,0,0,0,0,0,0,2,0,0,0,1,0,0,0,0,0,0,0,0,0,0,0,0,1,0,0,324,2005,Dublin,Ohio,https://parat.eto.tech/company/1807-cardinal-health
Eaton Corporation,427,Ireland,http://www.eaton.com,S&P 500,,Europe,Mature,Industrial Goods,"Eaton Corporation is a diversified power management company for electrical, hydraulic, and mechanical applications.",crunchbase,https://www.crunchbase.com/organization/eaton,2024-05-16,22,33.333333333333336,2.7,0,551,4,0,1,0,0,825,40,100.0,1.1,5,3657,0,0,5,0,0,1,9,1,2,3,0,0,0,12,3,2,0,3,3,2,1,7,0,8,0,10,4,0,0,198,2000,Dublin,Dublin,https://parat.eto.tech/company/427-eaton-corporation
Nasdaq,2425,United States,https://www.nasdaq.com/,S&P 500,,North America,Mature,Banking & Investment Services,"Nasdaq is a global provider of trading, clearing, exchange technology, listing, information, and public company services.",crunchbase,https://www.crunchbase.com/organization/nasdaq,2024-05-16,2,-100.0,6.1,0,0,0,0,0,0,0,33,24,55.55555555555555,12.6,12,190,0,2,4,0,0,0,0,0,0,0,0,0,0,12,0,0,0,1,0,1,2,0,0,2,0,0,4,0,0,135,1994,New York,New York,https://parat.eto.tech/company/2425-nasdaq
Dominion Energy,2290,United States,https://www.dominionenergy.com/,S&P 500,,North America,Mature,Utilities,Dominion is an electric power and natural gas company.,crunchbase,https://www.crunchbase.com/organization/dominion-resources-inc,2024-05-16,0,,0.0,0,0,0,0,0,0,0,5,0,,0,0,0,0,0,0,0,0,0,0,0,0,0,0,0,0,0,0,0,0,0,0,0,0,0,0,0,0,0,0,0,0,119,1994,Richmond,Virginia,https://parat.eto.tech/company/2290-dominion-energy
Best Buy,1995,United States,https://www.bestbuy.com/,S&P 500,,North America,Mature,Retailers,Best Buy is a multinational retailer of technology and entertainment products and services offering consumer electronics and more.,crunchbase,https:// https://www.crunchbase.com/organization/bestbuy,2024-05-16,1,,5.9,0,1,0,0,0,0,1,17,3,-100.0,3.6,3,84,0,0,1,0,0,0,0,0,0,1,0,0,0,0,0,1,0,1,0,0,0,1,0,0,0,1,0,0,0,206,1977,Richfield,Minnesota,https://parat.eto.tech/company/1995-best-buy
CBRE Group,2249,United States,https://www.cbre.us,S&P 500,,North America,Mature,Real Estate,CBRE Group provides commercial real estate services and investments.,crunchbase,https://www.crunchbase.com/organization/cbre-group,2024-05-16,0,,0.0,0,0,0,0,0,0,0,66,4,0.0,40.0,1,10,0,0,2,0,0,0,0,0,0,0,0,0,0,2,0,0,0,0,0,0,0,1,0,0,0,0,1,0,0,401,1947,Dallas,Texas,https://parat.eto.tech/company/2249-cbre-group
AbbVie,2083,United States,https://www.abbvie.com/,S&P 500,Allergan,North America,Mature,Pharmaceuticals & Medical Research,"AbbVie is a pharmaceutical company that discovers, develops, and markets medicines.",crunchbase,https:// https://www.crunchbase.com/organization/abbvie,2024-05-16,62,73.01587301587301,0.6,0,827,12,3,1,1,3,10363,3,,0.3,2,899,0,0,0,0,0,0,0,0,0,1,0,0,0,1,0,0,0,0,0,1,3,0,0,0,0,1,0,0,0,685,1915,North Chicago,Illinois,https://parat.eto.tech/company/2083-abbvie
Prudential Financial,1895,United States,https://www.prudential.com/,S&P 500,,North America,Mature,Insurance,"Prudential Financial specializes in the fields of investment management, life insurance, and retirement benefits.",crunchbase,https:// https://www.crunchbase.com/organization/prudential-financial,2024-05-16,2,-100.0,3.2,0,9,1,0,0,0,0,63,1,,50.0,0,2,0,0,0,0,0,0,0,0,0,0,0,0,0,1,0,0,0,0,0,0,0,0,0,0,0,0,0,0,0,243,1911,Newark,New Jersey,https://parat.eto.tech/company/1895-prudential-financial
Principal Financial Group,2462,United States,https://www.principal.com/,S&P 500,,North America,Mature,Insurance,"Principal Financial Group provides retirement savings, investment, and insurance products and services worldwide.",crunchbase,https://www.crunchbase.com/organization/principal-financial-group,2024-05-16,2,-100.0,7.7,0,1,0,0,0,0,0,26,1,,20.0,0,5,0,0,1,0,0,0,0,0,0,0,0,0,0,1,0,0,0,0,0,0,0,0,0,0,0,0,0,0,0,231,1908,Des Moines,Iowa,https://parat.eto.tech/company/2462-principal-financial-group
McKesson,1794,United States,https://www.mckesson.com/,S&P 500,,North America,Mature,Pharmaceuticals & Medical Research,"McKesson distributes medical supplies, information technology, and care management products and services.",crunchbase,https://www.crunchbase.com/organization/mckesson,2024-05-16,20,-12.5,7.5,0,65,7,1,0,1,0,265,13,0.0,9.6,8,136,0,2,7,0,0,0,0,0,0,4,0,0,0,6,0,0,0,3,0,0,3,0,0,2,0,2,7,0,0,307,1894,Irving,Texas,https://parat.eto.tech/company/1794-mckesson
American International Group,3105,United States,https://www.aig.com/,S&P 500,,North America,Mature,Insurance,"American International Group provides property insurance, life insurance, and financial services.",crunchbase,https:// https://www.crunchbase.com/organization/american-international-group ,2024-05-16,9,-75.0,12.2,2,105,1,4,0,0,3,74,5,-50.0,35.7,5,14,0,4,4,0,0,0,0,0,0,0,0,0,0,3,0,1,0,2,0,0,4,0,0,1,0,0,3,0,0,267,1870,New York,New York,https://parat.eto.tech/company/3105-american-international-group
Analog Devices,331,United States,http://www.analog.com,S&P 500,,North America,Mature,Technology Equipment,"Analog Devices (NYSE: ADI) defines innovation and excellence in signal processing. ADI's analog, mixed-signal, and digital signal",crunchbase,https://www.crunchbase.com/organization/analog-devices,2024-05-16,43,23.333333333333332,4.4,1,778,11,0,10,1,0,980,81,156.19047619047618,2.8,33,2854,0,0,0,0,0,0,3,0,1,17,0,0,0,47,0,2,0,17,6,19,5,6,0,0,0,13,0,0,7,98,1867,Wilmington,Massachusetts,https://parat.eto.tech/company/331-analog-devices
Microchip Technology,2415,United States,http://www.microchip.com/,S&P 500,,North America,Mature,Technology Equipment,Microchip Technology develops and manufactures semiconductor products for various embedded control applications worldwide.,crunchbase,https://www.crunchbase.com/organization/microchip-technology,2024-05-16,13,55.55555555555555,4.4,0,186,3,1,3,0,1,298,153,82.63888888888889,10.4,82,1465,0,0,1,0,0,0,0,0,0,0,0,0,0,124,0,3,7,12,0,3,1,2,0,1,0,1,1,0,0,19,1828,Chandler,Arizona,https://parat.eto.tech/company/2415-microchip-technology
Zebra Technologies,2551,United States,https://www.zebra.com/,S&P 500,,North America,Mature,Technology Equipment,"Zebra Technologies is a provider of solutions such as barcode printers, scanners, RFID technology, handheld computers, and more.",crunchbase,https://www.crunchbase.com/organization/zebra-technologies,2024-05-16,21,4.761904761904764,32.8,0,411,11,1,2,0,0,64,100,273.2492997198879,6.6,54,1522,0,11,26,0,2,0,0,0,4,1,0,0,0,52,0,3,0,14,12,1,32,13,0,1,9,11,22,2,0,102,1827,Lincolnshire,Illinois,https://parat.eto.tech/company/2551-zebra-technologies
Dish Network,2288,United States,https://www.dish.com/,,,North America,Mature,Cyclical Consumer Services,DISH Network provides television entertainment and technology to customers with its satellite DISH TV and streaming SLING TV services.,crunchbase,https://www.crunchbase.com/organization/dish-network,2024-05-16,2,-100.0,20.0,0,78,0,1,0,0,0,10,63,57.43145743145743,10.6,41,594,0,3,14,0,0,1,0,1,0,2,0,0,1,22,0,2,0,43,8,13,3,8,0,4,1,4,2,0,4,221,1750,Englewood,Colorado,https://parat.eto.tech/company/2288-dish-network
Southwest Airlines,2494,United States,https://www.southwest.com/,S&P 500,,North America,Mature,Transportation,Southwest Airlines (NYSE: LUV) continues to differentiate itself from other carriers with exemplary Customer Service delivered .,crunchbase,https://www.crunchbase.com/organization/southwest-airlines,2024-05-16,3,-100.0,23.1,0,28,0,0,0,0,0,13,0,,0,0,0,0,0,0,0,0,0,0,0,0,0,0,0,0,0,0,0,0,0,0,0,0,0,0,0,0,0,0,0,0,163,1746,Dallas,Texas,https://parat.eto.tech/company/2494-southwest-airlines
CDW,2250,United States,http://cdw.com/,S&P 500,,North America,Mature,Technology Equipment,"CDW is a provider of IT solutions for business, government, education, and healthcare.",crunchbase,https://www.crunchbase.com/organization/cdw-corporation,2024-05-16,0,,0.0,0,0,0,0,0,0,0,3,22,50.0,47.8,13,46,0,0,15,0,0,2,0,0,0,2,0,0,0,17,0,5,0,12,0,6,2,2,0,2,0,0,14,0,5,95,1734,Vernon Hills,Illinois,https://parat.eto.tech/company/2250-cdw
Pinterest,635,United States,https://pinterest.com,,,North America,Mature,Software & IT Services,Pinterest is a visual bookmarking tool for saving and discovering creative ideas.,crunchbase,https://www.crunchbase.com/organization/pinterest,2024-05-16,92,-1.723113487819371,55.4,38,8144,22,11,1,4,17,166,40,15.740740740740742,48.8,24,82,0,0,16,0,0,0,0,0,0,0,0,0,6,30,0,2,0,7,0,0,9,0,0,5,0,0,4,0,0,361,1723,San Francisco,California,https://parat.eto.tech/company/635-pinterest
Tyler Technologies,3093,United States,https://www.tylertech.com/,S&P 500,,North America,Mature,Software & IT Services,Tyler Technologies is a software company providing integrated software and technology services to the public sector.,crunchbase,https:// https://www.crunchbase.com/organization/tyler-technologies,2024-05-16,0,,0.0,0,0,0,0,0,0,0,7,1,,50.0,1,2,0,0,1,0,0,1,0,0,0,0,0,0,0,1,0,0,0,0,0,0,0,0,0,0,0,0,1,0,0,38,1721,Plano,Texas,https://parat.eto.tech/company/3093-tyler-technologies
Intercontinental Exchange,2368,United States,https://www.ice.com/,S&P 500,,North America,Mature,Banking & Investment Services,Intercontinental Exchange is an operator of regulated exchanges and clearing houses serving the risk management needs of global markets.,crunchbase,https://www.crunchbase.com/organization/intercontinentalexchange,2024-05-16,3,,18.8,0,27,0,0,0,1,0,16,1,,6.2,1,16,0,0,0,0,0,0,0,0,0,0,0,0,0,0,0,0,0,1,0,1,0,0,0,0,0,0,0,0,0,272,1687,Atlanta,Georgia,https://parat.eto.tech/company/2368-intercontinental-exchange
Fair Isaac,6957,United States,https://www.fico.com/,S&P 500,,North America,Mature,Unknown,"FICO (legal name: Fair Isaac Corporation), originally Fair, Isaac and Company, is a data analytics company based in Bozeman, Montana, focused on credit scoring services. It was founded by Bill Fair and Earl Isaac in 1956. Its FICO score, a measure of consumer credit risk, has become a fixture of consumer lending in the United States.",wikipedia,https://en.wikipedia.org/wiki/FICO,2024-06-04,9,-33.333333333333336,15.5,1,66,0,1,0,0,0,58,60,19.70899470899471,61.2,35,98,0,16,15,2,0,0,0,0,0,2,0,0,0,31,0,7,0,7,0,0,5,0,1,12,1,0,9,0,0,168,1687,Bozeman,Montana,https://parat.eto.tech/company/6957-fair-isaac
Agilent Technologies,313,United States,http://www.agilent.com,S&P 500,,North America,Mature,Healthcare Services & Equipment,"Agilent Technologies, Inc. is a global company headquartered in Santa Clara, California, that provides instruments, software, services, and consumables for laboratories. Agilent was established in 1999 as a spin-off from Hewlett-Packard. The resulting IPO of Agilent stock was the largest in the history of Silicon Valley at the time. From 1999 to 2014, the company produced optics (LED, laser), semiconductors, EDA software and test and measurement equipment for electronics; that division was spun off to form Keysight. Since then, the company has continued to expand into pharmaceutical, diagnostics & clinical, and academia & government (research) markets.",wikipedia,https://en.wikipedia.org/wiki/Agilent_Technologies,2024-05-24,33,11.111111111111112,1.7,0,1003,15,0,2,0,0,1910,13,400.0,2.2,5,602,0,0,0,0,0,0,0,0,0,5,0,0,0,3,0,0,0,1,0,1,5,1,0,0,0,7,0,0,0,88,1673,Santa Clara,California,https://parat.eto.tech/company/313-agilent-technologies
Marsh & Mclennan,2406,United States,https://www.marshmclennan.com/,S&P 500,,North America,Mature,Insurance,Marsh & McLennan Companies is a global professional services firm providing advice and solutions in the areas of risk.,crunchbase,https://www.crunchbase.com/organization/marsh-mclennan-companies-inc,2024-05-16,0,,0.0,0,0,0,0,0,0,0,20,0,,0,0,0,0,0,0,0,0,0,0,0,0,0,0,0,0,0,0,0,0,0,0,0,0,0,0,0,0,0,0,0,0,275,1645,New York,New York,https://parat.eto.tech/company/2406-marsh-mclennan
Merck,1492,United States,http://www.merck.com,S&P 500,,North America,Mature,Pharmaceuticals & Medical Research,Merck is a biopharmaceutical company that offers medicines and vaccines for various diseases.,crunchbase,https://www.crunchbase.com/organization/merck-co-inc,2024-05-16,223,23.830409356725145,1.1,2,9720,49,24,3,3,6,20280,55,233.33333333333334,1.2,13,4408,5,0,10,1,0,0,0,0,8,25,0,0,0,15,0,2,1,5,0,8,11,6,0,1,0,6,10,0,0,445,1626,Township,New Jersey,https://parat.eto.tech/company/1492-merck
Cummins,2277,United States,http://www.cummins.com/,S&P 500,,North America,Mature,Automobiles & Auto Parts,"Cummins develops, sells, and services diesel and natural gas engines, power generation systems, and engine-related component products.",crunchbase,https://www.crunchbase.com/organization/cummins,2024-05-16,27,66.66666666666667,3.7,0,240,1,0,1,1,0,721,38,36.111111111111114,1.5,10,2589,0,7,4,0,0,0,10,0,0,2,0,0,0,6,10,0,0,0,23,1,0,28,0,0,0,8,4,0,0,244,1612,Columbus,Indiana,https://parat.eto.tech/company/2277-cummins
Twitter,734,United States,http://www.twitter.com/,,,North America,Mature,Software & IT Services,X is a social networking platform that allows its users to send and read microblogs.,crunchbase,https://www.crunchbase.com/organization/twitter,2024-05-16,123,-26.803751803751805,42.9,50,23106,24,30,0,10,19,287,50,-20.238095238095237,23.4,37,214,0,1,9,0,0,0,0,0,0,1,0,0,10,27,0,1,0,27,0,0,17,0,0,6,0,0,3,0,0,210,1592,San Francisco,California,https://parat.eto.tech/company/734-twitter
Becton Dickinson,2231,United States,http://www.bd.com/,S&P 500,,North America,Mature,Healthcare Services & Equipment,BD is a global medical technology company that is advancing the world of health by improving medical discovery.,crunchbase,https://www.crunchbase.com/organization/becton-dickinson,2024-05-16,6,-100.0,0.9,0,47,2,0,2,0,0,704,110,17.777777777777775,2.4,27,4566,0,5,7,0,0,0,0,0,6,98,0,0,0,17,1,3,0,2,0,38,24,1,0,2,0,20,6,0,0,153,1585,Franklin Lakes,New Jersey,https://parat.eto.tech/company/2231-becton-dickinson
Hartford Financial Services,2347,United States,https://www.thehartford.com/,S&P 500,,North America,Mature,Insurance,"The Hartford is an industry leading provider of property and casualty insurance, group benefits and mutual funds.",crunchbase,https://www.crunchbase.com/organization/the-hartford,2024-05-16,0,,0.0,0,0,0,0,0,0,0,1,0,,0,0,0,0,0,0,0,0,0,0,0,0,0,0,0,0,0,0,0,0,0,0,0,0,0,0,0,0,0,0,0,0,383,1581,Hartford,Connecticut,https://parat.eto.tech/company/2347-hartford-financial-services
Didi Chuxing,76,China,https://www.didiglobal.com/,,,Asia,Mature,Transportation,"Didi is a mobility technology platform that offers ride hailing, taxi hailing, food delivery, and financial services.",crunchbase,https://www.crunchbase.com/organization/didi-dache,2024-05-16,317,-9.993228522640287,66.3,88,11859,108,31,16,13,33,478,546,56.1112132540704,15.5,304,3522,0,23,197,9,0,1,2,1,5,5,0,0,1,250,0,10,0,65,93,6,61,51,1,10,2,65,137,0,53,556,1567,Beijing,Beijing ,https://parat.eto.tech/company/76-didi-chuxing
Starbucks,2496,United States,https://www.starbucks.com/,S&P 500,,North America,Mature,Cyclical Consumer Services,"Starbucks is an international restaurant chain that retails handcrafted coffee, tea, and fresh food items.",crunchbase,https://www.crunchbase.com/organization/starbucks,2024-05-16,3,,7.5,0,29,0,1,0,0,0,40,9,,4.0,6,225,0,0,8,0,0,0,0,0,0,0,0,0,0,1,0,0,0,1,0,1,0,6,0,0,0,0,4,0,0,185,1555,Seattle,Washington,https://parat.eto.tech/company/2496-starbucks
HCA Healthcare,1963,United States,https://hcahealthcare.com/,S&P 500,,North America,Mature,Healthcare Services & Equipment,"HCA Healthcare is a healthcare network that provides surgery centers, freestanding ERs, urgent care centers, and physician clinics services.",crunchbase,https:// https://www.crunchbase.com/organization/hca-midamerica-division,2024-05-16,20,77.77777777777779,1.0,0,392,3,0,10,0,0,2011,0,,0,0,0,0,0,0,0,0,0,0,0,0,0,0,0,0,0,0,0,0,0,0,0,0,0,0,0,0,0,0,0,0,212,1548,Nashville,Tennessee,https://parat.eto.tech/company/1963-hca-healthcare
Sony,1132,Japan,http://www.sony.net/,,,Asia,Mature,Technology Equipment,"Sony develops and manufactures audio, video, communications, and information technology products for the consumer and professional markets.",crunchbase,https://www.crunchbase.com/organization/sony,2024-05-16,682,21.59780939289675,28.8,102,23056,165,89,129,38,86,2368,1860,52.17763887488658,7.1,685,26103,10,25,91,1,0,18,12,391,77,156,0,0,7,666,8,65,4,560,97,182,652,130,5,39,4,142,53,1,180,118,1543,Tokyo,Kantō,https://parat.eto.tech/company/1132-sony
Elsevier,436,Netherlands,http://www.elsevier.com,,,Europe,Mature,Cyclical Consumer Services,"Elsevier is a world-leading provider of information solutions that enhance the performance of science, health, and technology.",crunchbase,https://www.crunchbase.com/organization/elsevier,2024-05-16,121,-21.111111111111107,5.2,19,1657,2,61,2,4,12,2322,28,44.047619047619044,23.7,19,118,0,3,1,0,0,0,0,0,0,0,0,0,0,21,0,3,0,3,0,3,8,2,0,3,1,3,0,0,0,213,1537,Amsterdam,Noord-Holland,https://parat.eto.tech/company/436-elsevier
Stryker,2499,United States,https://www.stryker.com/,S&P 500,,North America,Mature,Healthcare Services & Equipment,Stryker is a medical technology company that offers products and services in orthopaedics.,crunchbase,https://www.crunchbase.com/organization/stryker,2024-05-16,87,56.34920634920635,13.9,0,1173,10,1,73,0,1,626,89,88.8888888888889,4.1,18,2166,0,0,3,0,0,3,3,0,1,77,0,0,0,12,2,1,0,8,2,15,54,4,0,0,0,4,3,1,1,180,1523,Kalamazoo,Michigan,https://parat.eto.tech/company/2499-stryker
Citadel,384,United States,http://www.citadel.com/,,Citadel Securities,North America,Mature,Banking & Investment Services,"Citadel is one of the world's leading alternative investment firms,pursuing long-term returns for preeminent public and private institutions",crunchbase,https://www.crunchbase.com/organization/citadel,2024-05-16,43,-22.857142857142858,3.7,9,1202,7,9,4,0,5,1161,0,,0,0,0,0,0,0,0,0,0,0,0,0,0,0,0,0,0,0,0,0,0,0,0,0,0,0,0,0,0,0,0,0,307,1513,Chicago,Illinois,https://parat.eto.tech/company/384-citadel
Duke Energy,2294,United States,https://www.duke-energy.com/,S&P 500,,North America,Mature,Utilities,Duke Energy makes life better for every day by providing electric and gas services in a sustainable way.,crunchbase,https://www.crunchbase.com/organization/duke-energy-corporation,2024-05-16,6,16.666666666666668,3.7,0,109,1,0,1,0,0,163,2,,7.4,2,27,0,0,0,0,0,0,0,0,0,0,0,0,0,0,2,0,0,0,0,0,2,0,0,0,0,2,0,0,0,189,1510,Charlotte,North Carolina,https://parat.eto.tech/company/2294-duke-energy
T. Rowe Price Group,2502,United States,https://www.troweprice.com/,S&P 500,,North America,Mature,Banking & Investment Services,T. Rowe Price is an investment management firm that focuses on funding technology startups.,crunchbase,https://www.crunchbase.com/organization/t-rowe-price,2024-05-16,0,,0.0,0,0,0,0,0,0,0,45,0,,0,0,0,0,0,0,0,0,0,0,0,0,0,0,0,0,0,0,0,0,0,0,0,0,0,0,0,0,0,0,0,0,128,1510,Baltimore,Maryland,https://parat.eto.tech/company/2502-t-rowe-price-group
KLA-Tencor,1707,United States,https://www.kla.com/,S&P 500,,North America,Mature,Technology Equipment,KLA Tencor is a distributor of process control and yield management solutions that offers learning and knowledge services for its users.,crunchbase,https://www.crunchbase.com/organization/kla-tencor,2024-05-16,25,35.55555555555556,4.4,3,306,9,2,1,2,0,563,227,4.413702239789196,13.4,133,1689,0,0,1,0,0,0,0,0,8,1,0,0,0,99,15,0,109,18,0,22,142,13,0,6,0,114,1,0,0,91,1503,Milpitas,California,https://parat.eto.tech/company/1707-kla-tencor
Macy's,2176,United States,https://www.macys.com/,,,North America,Mature,Retailers,"Macy’s is an omnichannel retailer of beauty, fashion, home decor, and more products.",crunchbase,https://www.crunchbase.com/organization/macys,2024-05-16,1,,20.0,0,1,0,0,0,0,0,5,1,-100.0,100.0,1,1,0,0,1,0,0,0,0,0,0,0,0,0,0,1,0,0,0,0,0,0,0,0,0,0,0,0,0,0,0,174,1491,New York,New York,https://parat.eto.tech/company/2176-macys
Western Union,2540,United States,https://corporate.westernunion.com/,,,North America,Mature,Industrial & Commercial Services,"Western Union provides consumers and businesses with fast, reliable and convenient ways to send and receive money around the world.",crunchbase,https://www.crunchbase.com/organization/western-union,2024-05-16,0,,0.0,0,0,0,0,0,0,0,6,1,-100.0,11.1,1,9,0,0,0,0,0,0,0,0,0,0,0,0,0,0,0,0,0,1,0,0,0,0,0,0,0,0,0,0,0,171,1474,Denver,Colorado,https://parat.eto.tech/company/2540-western-union
Dropbox,423,United States,http://www.dropbox.com,,,North America,Mature,Software & IT Services,"Dropbox is a smart workspace company that provides secure file sharing, collaboration, and storage solutions.",crunchbase,https://www.crunchbase.com/organization/dropbox,2024-05-16,2,,5.9,1,37,2,1,0,0,1,34,77,111.1111111111111,15.8,39,486,0,0,8,0,0,4,0,0,0,0,0,0,0,67,0,3,0,28,0,6,6,0,0,8,2,0,6,0,6,158,1472,San Francisco,California,https://parat.eto.tech/company/423-dropbox
Seagate Technology,2485,United States,https://www.seagate.com/,S&P 500,,North America,Mature,Technology Equipment,"Seagate is a data storage and hardware company that offers hard disk drives (HDDs), solid-state drives (SSDs), and other storage solutions.",crunchbase,https://www.crunchbase.com/organization/seagate,2024-05-16,33,454.76190476190476,6.8,1,290,9,0,0,0,1,482,38,14.126984126984127,2.2,29,1762,0,0,0,0,0,0,1,0,0,3,0,0,0,27,2,6,1,7,1,2,6,1,0,1,0,6,0,0,0,107,1472,Cupertino,California,https://parat.eto.tech/company/2485-seagate-technology
Lyft,557,United States,http://lyft.com,,,North America,Mature,Software & IT Services,"Lyft designs, markets, and operates a mobile application that matches drivers with passengers who request rides.",crunchbase,https://www.crunchbase.com/organization/lyft,2024-05-16,42,161.11111111111111,44.7,9,4296,14,2,8,1,0,94,107,35.009258387471355,20.9,64,511,0,13,38,2,0,0,0,0,0,1,0,0,0,31,2,0,0,32,60,5,20,51,1,7,0,33,34,0,1,286,1468,San Francisco,California,https://parat.eto.tech/company/557-lyft
Synchrony Financial,2501,United States,https://www.synchronyfinancial.com/,S&P 500,,North America,Mature,Banking & Investment Services,Synchrony is a consumer financial services company.,crunchbase,https://www.crunchbase.com/organization/synchrony-financial,2024-05-16,1,-100.0,20.0,0,97,0,0,0,0,0,5,3,,21.4,1,14,0,0,3,0,0,0,0,0,0,0,0,0,0,2,0,0,0,0,0,0,0,0,0,0,0,0,0,0,0,423,1460,Stamford,Connecticut,https://parat.eto.tech/company/2501-synchrony-financial
Zillow,780,United States,http://www.zillow.com,,,North America,Mature,Real Estate,"Zillow is an online real estate marketplace for finding and sharing information about homes, real estate, and mortgages.",crunchbase,https://www.crunchbase.com/organization/zillow,2024-05-16,50,14.880952380952381,50.5,12,1670,26,0,0,2,1,99,15,-100.0,48.4,5,31,0,0,6,0,0,0,0,0,0,0,0,0,0,11,2,0,0,6,5,3,12,2,0,0,0,5,3,0,0,229,1459,Seattle,Washington,https://parat.eto.tech/company/780-zillow
Fifth Third Bancorp,2319,United States,https://www.53.com/,S&P 500,,North America,Mature,Banking & Investment Services,"Fifth Third Bancorp is a diversified financial services company, that specializes in small business, retail banking, investments.",crunchbase,https://www.crunchbase.com/organization/fifth-third-bancorp,2024-05-16,4,-100.0,25.0,0,481,0,0,0,1,0,16,1,,20.0,1,5,0,1,1,0,0,0,0,0,0,0,0,0,0,0,0,0,0,0,0,0,0,0,0,0,0,0,0,0,0,271,1453,Cincinnati,Ohio,https://parat.eto.tech/company/2319-fifth-third-bancorp
Paycom,2452,United States,http://www.paycom.com/,S&P 500,,North America,Mature,Software & IT Services,"Paycom specializes in Human Capital Management, providing software that simplifies things and reduces costs.",crunchbase,https://www.crunchbase.com/organization/paycom,2024-05-16,0,,0.0,0,0,0,0,0,0,0,1,0,,0,0,0,0,0,0,0,0,0,0,0,0,0,0,0,0,0,0,0,0,0,0,0,0,0,0,0,0,0,0,0,0,47,1442,Oklahoma,Oklahoma,https://parat.eto.tech/company/2452-paycom
M&T Bank,2402,United States,https://www3.mtb.com/,S&P 500,,North America,Mature,Banking & Investment Services,"M&T Bank provides banking, investment, insurance, and mortgage financial services.",crunchbase,https://www.crunchbase.com/organization/m-t-bank,2024-05-16,0,,0.0,0,0,0,0,0,0,0,8,0,,0,0,0,0,0,0,0,0,0,0,0,0,0,0,0,0,0,0,0,0,0,0,0,0,0,0,0,0,0,0,0,0,122,1437,Buffalo,New York,https://parat.eto.tech/company/2402-m-t-bank
Philip Morris International,2118,United States,https://www.pmi.com/,S&P 500,,North America,Mature,Food & Beverages,Philip Morris International is a tobacco company that sells and manufactures cigarettes.,crunchbase,https:// https://www.crunchbase.com/organization/philip-morris-international,2024-05-16,9,16.666666666666668,1.5,0,106,0,4,0,0,0,605,4,,0.1,0,2706,4,0,0,0,0,0,0,0,4,1,0,0,0,1,0,1,0,0,0,0,0,2,0,0,0,0,0,0,0,359,1404,New York,New York,https://parat.eto.tech/company/2118-philip-morris-international
Coca-Cola,2096,United States,https://www.coca-colacompany.com/,S&P 500,,North America,Mature,Food & Beverages,"The Coca-Cola Company distributes coke, diet coke, and other soft drinks.",crunchbase,https:// https://www.crunchbase.com/organization/the-coca-cola-company,2024-05-16,5,-50.0,2.6,0,126,0,0,2,1,0,189,1,-100.0,0.2,1,417,0,0,0,0,0,0,0,0,0,0,0,0,0,1,0,0,0,0,0,0,1,0,0,0,0,0,0,0,0,322,1392,Atlanta,Georgia,https://parat.eto.tech/company/2096-coca-cola
Coupang,400,South Korea,http://www.coupang.com/,,,Asia,Mature,Software & IT Services,"Coupang sells apparel, electronics, and footwear products.",crunchbase,https://www.crunchbase.com/organization/coupang,2024-05-16,15,137.5,46.9,8,95,6,2,0,1,4,32,122,5.882352941176471,6.9,81,1776,0,9,105,0,0,0,0,0,1,4,0,0,1,74,0,4,0,17,1,5,7,0,0,3,0,1,56,0,5,216,1392,Seoul,Seoul-T'ukpyolsi,https://parat.eto.tech/company/400-coupang
Align Technology,2201,United States,http://www.aligntech.com/,S&P 500,,North America,Mature,Healthcare Services & Equipment,"Align Technology, Inc. designs, manufactures, and markets the invisalign system for treating malocclusion or the misalignment of teeth.",crunchbase,https://www.crunchbase.com/organization/align-technology,2024-05-16,6,-100.0,11.1,0,107,3,0,0,0,0,54,85,21.666666666666668,14.7,37,580,0,0,0,0,0,1,0,0,11,75,0,0,0,15,0,0,0,9,0,20,71,4,0,0,0,5,0,0,0,130,1358,San Jose,California,https://parat.eto.tech/company/2201-align-technology
Assurant,2222,United States,https://www.assurant.com/,S&P 500,,North America,Mature,Insurance,Assurant provides protection products and related services to safeguard companies against risks.,crunchbase,https://www.crunchbase.com/organization/assurant,2024-05-16,0,,0,0,0,0,0,0,0,0,0,18,33.333333333333336,35.3,9,51,0,2,9,0,0,0,0,0,0,0,0,0,0,15,0,4,0,8,0,4,5,1,0,0,0,0,6,0,0,252,1354,New York,New York,https://parat.eto.tech/company/2222-assurant
Verisk Analytics,2528,United States,https://www.verisk.com/,S&P 500,,North America,Mature,Unknown,Verisk Analytics enables risk-bearing businesses for better understand and manage their risks.,crunchbase,https://www.crunchbase.com/organization/verisk-analytics,2024-05-16,30,-15.555555555555557,27.3,14,3558,16,5,0,3,3,110,0,,0,0,0,0,0,0,0,0,0,0,0,0,0,0,0,0,0,0,0,0,0,0,0,0,0,0,0,0,0,0,0,0,298,1353,Jersey City,New Jersey,https://parat.eto.tech/company/2528-verisk-analytics
Msci,2423,United States,https://www.msci.com/,S&P 500,,North America,Mature,Industrial & Commercial Services,MSCI is a provider of investment decision support tools to investment institutions worldwide.,crunchbase,https://www.crunchbase.com/organization/msci,2024-05-16,2,-100.0,2.3,0,45,1,0,0,0,0,87,0,,0,0,0,0,0,0,0,0,0,0,0,0,0,0,0,0,0,0,0,0,0,0,0,0,0,0,0,0,0,0,0,0,441,1347,New York,New York,https://parat.eto.tech/company/2423-msci
Bristol-Myers Squibb,1395,United States,http://www.bms.com,S&P 500,,North America,Mature,Pharmaceuticals & Medical Research,"Bristol-Myers Squibb engages in the discovery, development, licensing, manufacturing, marketing, distribution and sale of pharmaceuticals.",crunchbase,https://www.crunchbase.com/organization/bristol-myers-squibb,2024-05-16,100,40.15873015873016,0.9,1,5040,27,3,1,1,3,11105,19,0.0,1.2,3,1635,0,0,0,0,0,0,0,0,0,13,0,0,0,13,0,0,0,0,0,2,4,0,0,5,0,1,0,0,0,418,1328,Lawrenceville,New Jersey,https://parat.eto.tech/company/1395-bristol-myers-squibb
General Dynamics,2048,United States,https://www.gd.com/,S&P 500,,North America,Mature,Industrial Goods,"General Dynamics is a defense industry contractor for shipbuilding, marine, combat and defense systems and, munitions.",crunchbase,https://www.crunchbase.com/organization/general-dynamics,2024-05-16,56,48.88888888888889,6.6,1,761,10,1,32,4,1,845,13,-27.777777777777782,4.6,10,282,0,3,1,0,0,0,0,0,0,0,0,0,0,12,0,0,0,4,5,0,4,4,0,0,0,4,1,0,3,36,1328,Reston,Virginia,https://parat.eto.tech/company/2048-general-dynamics
Boston Scientific,2235,United States,https://www.bostonscientific.com/,S&P 500,,North America,Mature,Healthcare Services & Equipment,Boston Scientific is an innovator of medical solutions that improve patient health.,crunchbase,https://www.crunchbase.com/organization/boston-scientific,2024-05-16,13,-75.0,0.7,0,127,3,0,2,0,0,1789,132,-2.8138528138528134,2.9,54,4614,0,0,0,0,0,0,0,0,1,119,0,0,0,2,1,3,0,2,0,75,41,0,0,1,0,7,0,0,0,187,1322,Natick,Massachusetts,https://parat.eto.tech/company/2235-boston-scientific
Baxter International,2230,United States,https://www.baxter.com/,S&P 500,,North America,Mature,Healthcare Services & Equipment,"Baxter International Inc., through its subsidiaries, develops, manufactures and markets products that save and sustain the lives of people.",crunchbase,https://www.crunchbase.com/organization/baxter-international,2024-05-16,14,50.0,1.4,1,555,3,0,7,0,0,974,84,63.492063492063494,5.0,26,1681,0,0,4,0,0,0,3,0,0,80,0,0,0,9,1,8,0,7,0,50,20,0,0,2,0,4,4,0,1,116,1292,Deerfield,Illinois,https://parat.eto.tech/company/2230-baxter-international
Nordstrom,2435,United States,https://www.nordstrom.com/,,,North America,Mature,Retailers,Nordstrom is an online fashion retailer that offers a selection of brand names and private label merchandise.,crunchbase,https://www.crunchbase.com/organization/nordstrom,2024-05-16,2,,33.3,0,36,0,1,0,1,0,6,0,,0,0,0,0,0,0,0,0,0,0,0,0,0,0,0,0,0,0,0,0,0,0,0,0,0,0,0,0,0,0,0,0,173,1274,Seattle,Washington,https://parat.eto.tech/company/2435-nordstrom
Huntington Bancshares,2360,United States,https://www.huntington.com/,S&P 500,,North America,Mature,Banking & Investment Services,Huntington National Bank is a public bank that serves both individuals and businesses.,crunchbase,https://www.crunchbase.com/organization/huntington-national-bank,2024-05-16,3,-100.0,15.0,0,144,0,0,0,0,0,20,1,,33.3,0,3,0,1,0,0,0,0,0,0,0,0,0,0,0,0,0,0,0,0,0,0,0,0,0,0,0,0,0,0,0,130,1250,Columbus,Ohio,https://parat.eto.tech/company/2360-huntington-bancshares
Paychex,2451,United States,http://www.paychex.com,S&P 500,,North America,Mature,Industrial & Commercial Services,"Paychex together with its subsidiaries, provides payroll, human resource, and benefits outsourcing solutions for all businesses.",crunchbase,https://www.crunchbase.com/organization/paychex,2024-05-16,0,,0.0,0,0,0,0,0,0,0,1,0,,0,0,0,0,0,0,0,0,0,0,0,0,0,0,0,0,0,0,0,0,0,0,0,0,0,0,0,0,0,0,0,0,65,1248,Rochester,New York,https://parat.eto.tech/company/2451-paychex
Molina Healthcare,6972,United States,https://www.molinahealthcare.com/,S&P 500,,North America,Mature,Unknown,"Molina Healthcare, Inc. is a managed care company headquartered in Long Beach, California, United States. The company provides health insurance to individuals through government programs such as Medicaid and Medicare.",wikipedia,https://en.wikipedia.org/wiki/Molina_Healthcare,2024-06-04,0,,0.0,0,0,0,0,0,0,0,17,0,,0,0,0,0,0,0,0,0,0,0,0,0,0,0,0,0,0,0,0,0,0,0,0,0,0,0,0,0,0,0,0,0,375,1244,Long Beach,California,https://parat.eto.tech/company/6972-molina-healthcare
Amgen,1570,United States,http://www.amgen.com/,S&P 500,,North America,Mature,Pharmaceuticals & Medical Research,Amgen is a biotechnology company that develops and manufactures human therapeutics for various illnesses and diseases.,crunchbase,https://www.crunchbase.com/organization/amgen-2,2024-05-16,84,13.83838383838384,1.0,1,4516,11,4,1,1,2,8075,33,10.0,2.6,8,1277,0,0,1,0,0,0,0,0,2,16,0,0,0,5,3,0,0,8,0,7,8,5,0,0,0,14,1,0,1,475,1240,Thousand Oaks,California,https://parat.eto.tech/company/1570-amgen
Swiss Re,705,Switzerland,http://www.swissre.com,,,Europe,Mature,Insurance,"Swiss Re Group is a wholesale provider of reinsurance, insurance, and other insurance-based forms of risk transfer.",crunchbase,https://www.crunchbase.com/organization/swiss-re,2024-05-16,29,-13.095238095238095,16.0,2,1184,2,3,2,0,2,181,20,-100.0,29.0,11,69,0,17,10,1,0,0,0,0,0,1,0,0,1,4,2,1,0,5,5,0,2,5,0,4,0,3,9,0,0,331,1236,Zürich,Zurich,https://parat.eto.tech/company/705-swiss-re
Kroger,1813,United States,https://www.kroger.com/,S&P 500,,North America,Mature,Food & Drug Retailing,Kroger is a retail company that operates supermarkets and multi-department stores offering consumer goods.,crunchbase,https:// https://www.crunchbase.com/organization/kroger,2024-05-16,0,,0,0,0,0,0,0,0,0,0,0,,0,0,0,0,0,0,0,0,0,0,0,0,0,0,0,0,0,0,0,0,0,0,0,0,0,0,0,0,0,0,0,0,147,1235,Cincinnati,Ohio,https://parat.eto.tech/company/1813-kroger
Marriott International,2405,United States,https://www.marriott.com/,S&P 500,,North America,Mature,Cyclical Consumer Services,"Marriott International is a leading hospitality company with more than 3,900 properties around the world.",crunchbase,https://www.crunchbase.com/organization/marriott-international,2024-05-16,1,,3.7,0,4,0,0,0,0,0,27,0,,0,0,0,0,0,0,0,0,0,0,0,0,0,0,0,0,0,0,0,0,0,0,0,0,0,0,0,0,0,0,0,0,109,1233,Bethesda,Maryland,https://parat.eto.tech/company/2405-marriott-international
SVB Financial,2500,United States,https://www.svb.com/,,,North America,Mature,Banking & Investment Services,"SVB Financial Group offers banking, asset management, wealth management, investment services, and funds management services.",crunchbase,https://www.crunchbase.com/organization/svb-financial-group,2024-05-16,1,,7.7,1,0,0,0,1,0,0,13,1,-100.0,5.3,1,19,0,0,0,0,0,0,0,0,0,0,0,0,0,0,0,0,0,1,0,0,0,0,0,0,0,0,0,0,0,251,1215,Santa Clara,California,https://parat.eto.tech/company/2500-svb-financial
Ansys,2215,United States,https://www.ansys.com/,S&P 500,,North America,Mature,Software & IT Services,ANSYS develops engineering simulation software used to predict how product designs will behave and how manufacturing processes will operate.,crunchbase,https://www.crunchbase.com/organization/ansys,2024-05-16,65,12.962962962962962,4.6,0,935,9,0,6,4,2,1423,37,47.77777777777778,18.8,26,197,0,0,0,0,0,0,0,0,0,0,0,0,0,33,0,2,0,4,1,23,1,1,0,0,0,0,0,0,0,32,1206,Canonsburg,Pennsylvania,https://parat.eto.tech/company/2215-ansys
CME Group,2263,United States,https://www.cmegroup.com/,S&P 500,,North America,Mature,Banking & Investment Services,CME Group is a diverse derivatives marketplace that manages risk and capture opportunities.,crunchbase,https://www.crunchbase.com/organization/cme-group,2024-05-16,6,-50.0,17.6,0,315,0,0,0,1,1,34,8,16.666666666666668,3.3,6,243,0,8,3,0,0,0,0,0,0,0,0,0,0,4,0,1,0,0,0,0,0,0,0,1,0,0,1,0,0,79,1197,Chicago,Illinois,https://parat.eto.tech/company/2263-cme-group
Gap,2334,United States,https://www.gapinc.com/,,,North America,Mature,Retailers,"Gap is a retail company that offers accessories, merchandise apparel, and personal care products for women, men, and children.",crunchbase,https://www.crunchbase.com/organization/gap,2024-05-16,0,,0,0,0,0,0,0,0,0,0,0,,0,0,0,0,0,0,0,0,0,0,0,0,0,0,0,0,0,0,0,0,0,0,0,0,0,0,0,0,0,0,0,0,121,1188,San Francisco,California,https://parat.eto.tech/company/2334-gap
J. B. Hunt Transport Services,2377,United States,http://www.jbhunt.com,S&P 500,,North America,Mature,Transportation,J.B. hunt transport is a logistics management services and integrated transportation solutions to major corporations.,crunchbase,https://www.crunchbase.com/organization/j-b-hunt-transport,2024-05-16,1,,33.3,0,0,0,0,0,0,0,3,0,,0,0,0,0,0,0,0,0,0,0,0,0,0,0,0,0,0,0,0,0,0,0,0,0,0,0,0,0,0,0,0,0,49,1129,Lowell,Arkansas,https://parat.eto.tech/company/2377-j-b-hunt-transport-services
PG&E Corporation,6976,United States,https://www.pge.com/en.html,S&P 500,,North America,Mature,Unknown,"The Pacific Gas and Electric Company (PG&E) is an American investor-owned utility (IOU). The company is headquartered at 300 Lakeside Drive, in Oakland, California. PG&E provides natural gas and electricity to 5.2 million households in the northern two-thirds of California, from Bakersfield and northern Santa Barbara County, almost to the Oregon and Nevada state lines.",wikipedia,https://en.wikipedia.org/wiki/Pacific_Gas_and_Electric_Company,2024-06-04,6,-100.0,2.2,0,94,0,0,2,0,0,267,3,-100.0,9.7,1,31,0,0,1,0,0,0,2,0,0,0,0,0,0,0,0,0,0,0,0,0,0,1,0,0,0,1,1,0,0,183,1120,San Francisco,California,https://parat.eto.tech/company/6976-pg-e-corporation
Laboratory Corporation of America,2390,United States,https://www.labcorp.com,S&P 500,,North America,Mature,Healthcare Services & Equipment,Labcorp specializes in providing physicians with laboratory tests.,crunchbase,https://www.crunchbase.com/organization/laboratory-corporation-of-america,2024-05-16,9,-100.0,0.7,0,116,1,0,0,1,0,1307,27,-30.555555555555557,13.5,7,200,0,1,2,0,0,0,0,0,0,27,0,0,0,5,1,1,0,1,0,2,0,0,0,1,0,2,2,0,0,154,1102,Burlington,North Carolina,https://parat.eto.tech/company/2390-laboratory-corporation-of-america
Foxconn,1393,Taiwan,http://www.foxconn.com,,,Asia,Mature,Technology Equipment,Foxconn Technology Group is an electronics contract manufacturing company.,crunchbase,https://www.crunchbase.com/organization/foxconn-technology-group,2024-05-16,39,51.19047619047618,14.9,1,1464,7,1,6,2,0,262,403,82.2000843348092,1.5,214,26701,0,4,10,2,0,0,4,0,26,12,0,0,0,110,3,8,2,126,44,27,174,33,0,7,1,21,8,1,5,56,1098,Taipei City,Taipei,https://parat.eto.tech/company/1393-foxconn
Costco Wholesale,1805,United States,https://www.costco.com/,S&P 500,,North America,Mature,Retailers,Costco Wholesale is a membership warehouse club that provides a wide selection of merchandise and exclusive member services.,crunchbase,https:// https://www.crunchbase.com/organization/costco-wholesale,2024-05-16,0,,0.0,0,0,0,0,0,0,0,11,0,,0,0,0,0,0,0,0,0,0,0,0,0,0,0,0,0,0,0,0,0,0,0,0,0,0,0,0,0,0,0,0,0,79,1084,Issaquah,Washington,https://parat.eto.tech/company/1805-costco-wholesale
Lululemon Athletica,6970,United States,https://shop.lululemon.com/,S&P 500,,North America,Mature,Unknown,"Lululemon athletica inc., commonly known as lululemon, is a Canadian multinational athletic apparel retailer headquartered in British Columbia and incorporated in Delaware, United States. It was founded in 1998 as a retailer of yoga pants and other yoga wear, and has expanded to also sell athletic wear, lifestyle apparel, accessories, and personal care products. The company has 711 stores internationally and sells online.",wikipedia,https://en.wikipedia.org/wiki/Lululemon_Athletica,2024-06-04,0,,0.0,0,0,0,0,0,0,0,33,6,0.0,1.9,1,318,0,0,3,0,0,3,0,2,2,4,0,0,1,4,0,0,0,1,0,4,2,0,0,0,0,0,1,0,0,134,1083,Vancouver,Canada,https://parat.eto.tech/company/6970-lululemon-athletica
Jabil,3123,United States,https://www.jabil.com/,S&P 500,,North America,Mature,Technology Equipment,"Jabil Inc. is an American worldwide manufacturing company. Headquartered in the Gateway area of St. Petersburg, Florida, it is one of the largest companies in the Tampa Bay area. Jabil has about 100 plants in 30 countries, and 260,000 employees worldwide.",wikipedia,https://en.wikipedia.org/wiki/Jabil,2023-11-05,2,-100.0,1.9,0,2,0,1,0,0,0,105,10,-50.0,2.7,2,364,0,0,3,0,0,0,0,0,4,3,0,0,0,3,0,0,0,1,1,2,1,3,0,0,0,0,3,0,0,45,1071,St. Petersburg,Florida,https://parat.eto.tech/company/3123-jabil
Halliburton,2344,United States,https://www.halliburton.com/,S&P 500,,North America,Mature,Energy - Fossil Fuels,Halliburton is one of the world's largest providers of products and services to the energy industry.,crunchbase,https://www.crunchbase.com/organization/halliburton,2024-05-16,49,4.761904761904762,1.6,0,440,6,2,3,0,0,3150,407,55.59916274201989,6.1,198,6694,22,0,35,2,0,0,7,0,5,8,0,0,1,124,297,13,0,15,1,53,40,51,0,16,1,212,33,0,0,230,1064,Houston,Texas,https://parat.eto.tech/company/2344-halliburton
Ingersoll Rand,2367,United States,https://www.irco.com/,S&P 500,,North America,Mature,Industrial Goods,"Trane manufactures and supplies heating, ventilation, and air conditioning systems.",crunchbase,https://www.crunchbase.com/organization/ingersoll-rand,2024-05-16,2,-100.0,1.6,0,79,0,0,0,0,0,125,11,,0.9,5,1290,0,0,5,0,0,0,9,0,0,2,0,0,0,2,9,0,0,0,2,1,0,8,0,0,0,1,5,0,0,100,1064,Davidson,North Carolina,https://parat.eto.tech/company/2367-ingersoll-rand
Kuaishou,143,China,http://www.kuaishou.com/,,,Asia,Mature,Software & IT Services,"Kuaishou is an online video platform that allows its users to broadcast daily activities, habits, and more online.",crunchbase,https://www.crunchbase.com/organization/kuaishou,2024-05-16,432,37.61458890672374,70.6,194,19820,232,28,6,17,101,612,197,336.7647058823529,10.4,97,1890,0,1,13,0,0,0,0,3,1,0,0,0,1,100,0,0,0,42,5,6,61,0,0,1,0,0,5,0,13,374,1054,Beijing,Beijing ,https://parat.eto.tech/company/143-kuaishou
Keycorp,2382,United States,https://www.key.com,S&P 500,,North America,Mature,Banking & Investment Services,KeyBank is a bank holding company. It is a bank-based financial services company.,crunchbase,https://www.crunchbase.com/organization/keycorp,2024-05-16,2,,18.2,0,10,2,0,0,0,0,11,0,,0,0,0,0,0,0,0,0,0,0,0,0,0,0,0,0,0,0,0,0,0,0,0,0,0,0,0,0,0,0,0,0,209,1039,Cleveland,Ohio,https://parat.eto.tech/company/2382-keycorp
Sherwin-Williams,2488,United States,https://www.sherwin-williams.com/,S&P 500,,North America,Mature,Chemicals,"The Sherwin-Williams Company engages in the development, manufacture, distribution, and sale of paints, coatings, and related products.",crunchbase,https://www.crunchbase.com/organization/sherwin-williams,2024-05-16,1,-100.0,2.0,0,5,0,0,0,0,0,49,3,,0.8,1,362,0,0,0,0,0,0,0,0,1,1,0,0,0,0,1,0,0,1,0,1,0,1,0,0,0,1,0,0,0,63,1033,Cleveland,Ohio,https://parat.eto.tech/company/2488-sherwin-williams
McDonald's,2412,United States,https://www.mcdonalds.com/,S&P 500,,North America,Mature,Cyclical Consumer Services,McDonald's is a food company that offers management of hamburger restaurant chains.,crunchbase,https://www.crunchbase.com/organization/mcdonalds,2024-05-16,3,-50.0,10.7,1,22,0,1,0,0,0,28,0,,0,0,0,0,0,0,0,0,0,0,0,0,0,0,0,0,0,0,0,0,0,0,0,0,0,0,0,0,0,0,0,0,99,1004,Chicago,Illinois,https://parat.eto.tech/company/2412-mcdonalds
Southern Company,2493,United States,https://www.southerncompany.com/,S&P 500,,North America,Mature,Utilities,"Southern Company Services, Inc., headquartered in Birmingham, Alabama, is the shared services division of Southern Company.",crunchbase,https://www.crunchbase.com/organization/southern-company,2024-05-16,12,0.0,5.2,0,335,0,0,3,0,0,229,0,,0.0,0,8,0,0,0,0,0,0,0,0,0,0,0,0,0,0,0,0,0,0,0,0,0,0,0,0,0,0,0,0,0,62,1002,Atlanta,Georgia,https://parat.eto.tech/company/2493-southern-company
Wabtec Corporation,2534,United States,https://www.wabteccorp.com/,S&P 500,,North America,Mature,Industrial Goods,"Wabtec Corporation is a global provider of value-added, technology-based products and services primarily for the rail and transit industry.",crunchbase,https://www.crunchbase.com/organization/wabtec-corporation,2024-05-16,1,,2.9,0,2,0,0,0,0,0,35,29,25.0,2.3,11,1260,1,6,7,0,0,0,0,0,0,0,0,0,0,7,0,0,0,3,23,3,4,16,0,0,0,10,7,0,1,46,984,Pittsburgh,Pennsylvania,https://parat.eto.tech/company/2534-wabtec-corporation
Iron Mountain,2374,United States,http://www.ironmountain.com/,S&P 500,,North America,Mature,Real Estate,"Iron Mountain offers storage, asset lifecycle management and information management services to companies.",crunchbase,https://www.crunchbase.com/organization/iron-mountain,2024-05-16,0,,0.0,0,0,0,0,0,0,0,9,3,-100.0,12.0,2,25,0,0,0,0,0,0,0,0,0,0,0,0,0,3,0,0,0,0,0,0,0,0,0,1,0,0,0,0,0,84,969,Boston,Massachusetts,https://parat.eto.tech/company/2374-iron-mountain
NEC,1126,Japan,http://www.nec.com,,,Asia,Mature,Software & IT Services,NEC Corporation integrates IT and network technologies that benefit businesses and people around the world.,crunchbase,https://www.crunchbase.com/organization/nec,2024-05-16,1255,1.5857464607464606,28.1,261,75510,494,79,111,65,90,4464,2510,19.2615123834636,10.4,1269,24104,11,49,205,6,0,15,30,8,52,318,2,0,11,876,23,134,3,321,95,192,483,182,6,227,13,192,140,1,48,47,958,Tokyo,Kantō,https://parat.eto.tech/company/1126-nec
Robert Half International,2478,United States,http://www.roberthalf.com/,S&P 500,,North America,Mature,Industrial & Commercial Services,Robert Half is a professional services company and is the world's first and largest accounting and finance staffing firm.,crunchbase,https://www.crunchbase.com/organization/robert-half-international,2024-05-16,0,,0.0,0,0,0,0,0,0,0,4,0,,0,0,0,0,0,0,0,0,0,0,0,0,0,0,0,0,0,0,0,0,0,0,0,0,0,0,0,0,0,0,0,0,90,944,Menlo Park,California,https://parat.eto.tech/company/2478-robert-half-international
Exelon,2049,United States,https://www.exeloncorp.com/,S&P 500,,North America,Mature,Utilities,Exelon Corporation is a utility services holding company that provides services for energy generation businesses in the United States.,crunchbase,https:// https://www.crunchbase.com/organization/exelon-corporation,2024-05-16,0,,0.0,0,4,0,0,0,0,0,5,2,,100.0,0,2,0,0,1,0,0,0,0,0,0,0,0,0,0,0,0,0,0,0,0,0,0,0,0,2,0,0,1,0,0,60,913,Chicago,Illinois,https://parat.eto.tech/company/2049-exelon
Illumina,501,United States,http://www.illumina.com,S&P 500,,North America,Mature,Healthcare Services & Equipment,Illumina is an innovative technology and revolutionary assays aiming the analyze genetic variation and function.,crunchbase,https://www.crunchbase.com/organization/illumina,2024-05-16,18,-37.5,1.3,0,2611,8,1,0,0,1,1380,147,3.888888888888889,10.7,51,1377,0,0,0,0,0,0,0,0,0,139,0,1,1,37,2,1,0,2,0,0,18,1,0,5,0,9,0,0,1,97,892,San Diego,California,https://parat.eto.tech/company/501-illumina
Etsy,3090,United States,https://www.etsy.com/,S&P 500,,North America,Mature,Retailers,Etsy is an e-commerce site and a smartphone application for buying and selling handmade and vintage items.,crunchbase,https:// https://www.crunchbase.com/organization/etsy,2024-05-16,35,44.44444444444445,59.3,12,828,4,5,0,4,3,59,18,50.0,66.7,3,27,0,0,11,0,0,0,0,0,1,0,0,0,1,13,0,0,0,1,0,0,1,1,0,5,0,0,2,0,0,141,870,New York,New York,https://parat.eto.tech/company/3090-etsy
TE Connectivity,2505,Switzerland,https://www.te.com/,S&P 500,,Europe,Mature,Technology Equipment,"TE Connectivity is a company provides engineered electronic components, network solutions, specialty products, undersea telecommunication.",crunchbase,https://www.crunchbase.com/organization/tyco-electronics,2024-05-16,3,-100.0,1.5,0,29,1,0,0,0,0,198,26,116.66666666666667,0.4,10,5988,0,0,1,0,0,0,2,0,9,0,0,0,0,7,3,1,1,5,1,1,19,8,0,0,0,8,0,0,0,119,868,Schaffhausen,Schaffhausen,https://parat.eto.tech/company/2505-te-connectivity
Lincoln National,2396,United States,https://www.lfg.com/,,,North America,Mature,Insurance,Lincoln Financial Group is a Fortune 500 company offering a diverse range of financial services and solutions.,crunchbase,https://www.crunchbase.com/organization/lincoln-financial-group,2024-05-16,0,,0.0,0,0,0,0,0,0,0,2,0,,0,0,0,0,0,0,0,0,0,0,0,0,0,0,0,0,0,0,0,0,0,0,0,0,0,0,0,0,0,0,0,0,93,857,Radnor,Pennsylvania,https://parat.eto.tech/company/2396-lincoln-national
Maxar Technologies,802,United States,http://www.maxar.com/,,,North America,Mature,Industrial Goods,Maxar Technologies provides integrated space infrastructure and Earth intelligence.,crunchbase,https://www.crunchbase.com/organization/macdonald-dettwiler-and-associates,2024-05-16,19,-2.2222222222222214,14.8,2,373,12,0,3,1,0,128,30,-16.666666666666668,9.7,12,309,0,0,0,0,0,0,0,0,0,0,0,0,0,14,0,0,0,2,4,1,23,1,0,0,0,2,0,0,0,91,855,Westminster,Colorado,https://parat.eto.tech/company/802-maxar-technologies
C. H. Robinson Worldwide,2239,United States,https://www.chrobinson.com/,S&P 500,,North America,Mature,Transportation,C.H. Robinson helps companies simplify their global supply chains and understand their landed costs.,crunchbase,https://www.crunchbase.com/organization/c-h-robinson,2024-05-16,0,,0.0,0,0,0,0,0,0,0,2,0,,0,0,0,0,0,0,0,0,0,0,0,0,0,0,0,0,0,0,0,0,0,0,0,0,0,0,0,0,0,0,0,0,111,852,Eden Prairie,Minnesota,https://parat.eto.tech/company/2239-c-h-robinson-worldwide
Borgwarner,2233,United States,https://www.borgwarner.com/,S&P 500,,North America,Mature,Automobiles & Auto Parts,BorgWarner is an automotive supplier of mobility solutions for the vehicle market.,crunchbase,https://www.crunchbase.com/organization/borg-warner-corporation,2024-05-16,0,,0.0,0,0,0,0,0,0,0,337,70,-72.22222222222223,2.3,43,3020,0,1,3,0,0,0,6,0,0,0,0,0,2,16,7,1,0,10,59,2,23,55,0,0,1,30,2,0,0,13,847,Auburn Hills,Michigan,https://parat.eto.tech/company/2233-borgwarner
Franklin Templeton,6959,United States,https://www.franklintempleton.com/,S&P 500,,North America,Mature,Unknown,"Franklin Resources, Inc. is an American multinational holding company that, together with its subsidiaries, is referred to as Franklin Templeton; it is a global investment firm founded in New York City in 1947 as Franklin Distributors, Inc. It is listed on the New York Stock Exchange under the ticker symbol BEN, in honor of Benjamin Franklin, for whom the company is named, and who was admired by founder Rupert Johnson Sr. In 1973, the company's headquarters moved from New York to San Mateo, California.",wikipedia,https://en.wikipedia.org/wiki/Franklin_Templeton_Investments,2024-06-04,1,,2.7,0,1,0,0,0,0,0,37,0,,0,0,0,0,0,0,0,0,0,0,0,0,0,0,0,0,0,0,0,0,0,0,0,0,0,0,0,0,0,0,0,0,138,841,San Mateo,California,https://parat.eto.tech/company/6959-franklin-templeton
Franklin Resources,2332,United States,http://www.franklinresources.com/,,,North America,Mature,Banking & Investment Services,Franklin Templeton is a global investment management organization known as Franklin Templeton Investments.,crunchbase,https://www.crunchbase.com/organization/franklin-resources,2024-05-16,1,,2.7,0,1,0,0,0,0,0,37,0,,0,0,0,0,0,0,0,0,0,0,0,0,0,0,0,0,0,0,0,0,0,0,0,0,0,0,0,0,0,0,0,0,138,841,San Mateo,California,https://parat.eto.tech/company/2332-franklin-resources
Regions Financial,2475,United States,https://www.regions.com/,S&P 500,,North America,Mature,Banking & Investment Services,Regions Financial is a finance company and it has launched regions mobile deposit for their customer,crunchbase,https://www.crunchbase.com/organization/regions-financial,2024-05-16,1,-100.0,6.7,0,5,0,0,0,1,0,15,1,-100.0,100.0,1,1,0,0,0,0,0,0,0,0,0,0,0,0,0,0,0,0,0,1,0,0,0,0,0,0,0,0,0,0,0,134,839,Birmingham,Alabama,https://parat.eto.tech/company/2475-regions-financial
Whirlpool,2543,United States,https://www.whirlpoolcorp.com/,,,North America,Mature,Cyclical Consumer Products,Whirlpool manufactures and markets major home appliances.,crunchbase,https://www.crunchbase.com/organization/whirlpool,2024-05-16,20,58.333333333333336,15.2,0,411,4,2,4,0,1,132,9,-100.0,0.4,2,2208,1,0,0,0,0,0,2,0,3,0,0,0,1,4,2,0,0,1,0,0,3,1,0,1,0,0,0,0,0,88,836,Benton Harbor,Michigan,https://parat.eto.tech/company/2543-whirlpool
Axon Enterprise,6939,United States,https://www.axon.com/,S&P 500,,North America,Mature,Unknown,"Axon Enterprise, Inc. (formerly TASER International) is an American company based in Scottsdale, Arizona that develops technology and weapons products for military, law enforcement, and civilians.",wikipedia,https://en.wikipedia.org/wiki/Axon_Enterprise,2024-06-04,9,-100.0,39.1,1,167,6,1,1,1,1,23,7,50.0,2.9,3,244,0,0,1,1,0,1,0,1,0,0,1,0,1,5,0,2,0,3,0,1,4,1,0,0,0,1,1,0,2,36,821,Scottsdale,Arizona,https://parat.eto.tech/company/6939-axon-enterprise
CoStar Group,6951,United States,https://www.costargroup.com/,S&P 500,,North America,Mature,Unknown,"CoStar Group, Inc. is a Washington, DC-based provider of information, analytics, and marketing services to the commercial property industry in the United States, Canada, the United Kingdom, France, Germany, and Spain. Founded in 1987 by Andrew C. Florance, the company has grown to include the online database CoStar and many online marketplaces, including Apartments.com, Homes.com, LoopNet, Lands of America, and BizBuySell.",wikipedia,https://en.wikipedia.org/wiki/CoStar_Group,2024-06-04,1,-100.0,12.5,0,30,0,0,0,0,0,8,0,,0,0,0,0,0,0,0,0,0,0,0,0,0,0,0,0,0,0,0,0,0,0,0,0,0,0,0,0,0,0,0,0,58,815,Washington,D.C.,https://parat.eto.tech/company/6951-costar-group
Hilton Worldwide Holdings,2354,United States,https://www.hilton.com/,S&P 500,,North America,Mature,Cyclical Consumer Services,"Hilton Worldwide is a hospitality company, owns luxury and full-service hotels and resorts, and focused-service hotels.",crunchbase,https://www.crunchbase.com/organization/hilton-worldwide,2024-05-16,0,,0.0,0,0,0,0,0,0,0,28,0,,0,0,0,0,0,0,0,0,0,0,0,0,0,0,0,0,0,0,0,0,0,0,0,0,0,0,0,0,0,0,0,0,131,803,Mclean,Virginia,https://parat.eto.tech/company/2354-hilton-worldwide-holdings
Quest Diagnostics,2470,United States,https://www.questdiagnostics.com/,S&P 500,,North America,Mature,Healthcare Services & Equipment,"Quest Diagnostics is a clinical laboratory that offers diagnostic testing, services, and information.",crunchbase,https://www.crunchbase.com/organization/quest-diagnostics,2024-05-16,13,500.0,1.5,0,144,6,0,0,1,1,882,2,,3.3,2,61,0,0,0,0,0,0,0,0,0,2,0,0,0,1,0,0,0,0,0,0,0,0,0,0,0,0,0,0,0,62,802,Secaucus,New Jersey,https://parat.eto.tech/company/2470-quest-diagnostics
Intuitive Surgical,1516,United States,https://www.intuitive.com/,S&P 500,,North America,Mature,Healthcare Services & Equipment,Intuitive designs and manufactures robotic-assisted surgical systems.,crunchbase,https://www.crunchbase.com/organization/intuitive-surgical,2024-05-16,235,38.53615520282187,49.4,2,4935,47,2,182,1,2,476,53,95.0,5.0,7,1066,0,0,1,0,0,0,0,0,1,39,0,0,0,9,1,1,0,1,0,1,26,0,0,0,0,0,1,0,0,114,792,Sunnyvale,California,https://parat.eto.tech/company/1516-intuitive-surgical
GE Vernova,6962,United States,https://www.gevernova.com/,S&P 500,,North America,Mature,Unknown,"GE Vernova Inc. is an energy equipment manufacturing and services company headquartered in Cambridge, Massachusetts. GE Vernova was formed from the merger and subsequent spin-off of General Electric's energy businesses in 2024: GE Power, GE Renewable Energy, and GE Digital.",wikipedia,https://en.wikipedia.org/wiki/GE_Vernova,2024-06-04,5,,4.8,1,16,1,1,0,1,0,105,67,36.111111111111114,1.5,31,4465,1,0,7,0,0,0,44,0,11,1,0,0,0,19,7,7,0,8,0,5,11,29,0,1,0,23,7,0,0,50,791,Cambridge,Massachusetts,https://parat.eto.tech/company/6962-ge-vernova
Unum Group,2523,United States,https://www.unum.com/,,,North America,Mature,Insurance,"Since their founding in 1848, Unum has been known for breaking new ground in the business of benefits.",crunchbase,https://www.crunchbase.com/organization/unum-corporation,2024-05-16,0,,0.0,0,0,0,0,0,0,0,12,1,,100.0,1,1,0,0,0,0,0,0,0,0,0,0,0,0,0,1,0,1,0,0,0,0,0,0,0,0,0,0,0,0,0,115,785,Chattanooga,Tennessee,https://parat.eto.tech/company/2523-unum-group
Gen Digital,6963,United States,https://www.gendigital.com,S&P 500,,North America,Mature,Unknown,"Gen Digital Inc. (formerly Symantec Corporation and NortonLifeLock) is a multinational software company co-headquartered in Tempe, Arizona and Prague, Czech Republic. The company provides cybersecurity software and services. Gen is a Fortune 500 company and a member of the S&P 500 stock-market index. The company also has development centers in Pune, Chennai and Bangalore. Its portfolio includes Norton, Avast, LifeLock, Avira, AVG, ReputationDefender, and CCleaner.",wikipedia,https://en.wikipedia.org/wiki/Gen_Digital,2024-06-04,1,,100.0,0,2,0,0,0,1,0,1,0,,0,0,0,0,0,0,0,0,0,0,0,0,0,0,0,0,0,0,0,0,0,0,0,0,0,0,0,0,0,0,0,0,44,784,Tempe,Arizona,https://parat.eto.tech/company/6963-gen-digital
ECS,6926,United States,https://ecstech.com/,,,North America,Unknown,Unknown,"Headquartered in Fairfax, Virginia, ECS has nearly 4,000 employees throughout the U.S. We are proud to build successful customer relationships with some of the world’s leading agencies in both the public and private sectors. Inspired by the ability to create, innovate, and serve, our highly skilled teams work together to solve complex challenges and provide advanced technology, science, and engineering solutions.",company,https://ecstech.com/about/our-company/,2024-05-20,0,,0,0,0,0,0,0,0,0,0,0,,0,0,0,0,0,0,0,0,0,0,0,0,0,0,0,0,0,0,0,0,0,0,0,0,0,0,0,0,0,0,0,0,76,769,fairfax,virginia,https://parat.eto.tech/company/6926-ecs
General Mills,2337,United States,http://www.generalmills.com/,S&P 500,,North America,Mature,Food & Beverages,General Mills is a food company that manufactures and markets branded consumer foods.,crunchbase,https://www.crunchbase.com/organization/generalmills,2024-05-16,10,171.42857142857144,3.3,0,474,6,0,0,0,0,304,1,,0.3,0,315,1,0,0,0,0,0,0,0,1,0,0,0,0,0,0,0,0,0,0,0,0,0,0,0,0,0,0,0,0,237,766,Minneapolis,Minnesota,https://parat.eto.tech/company/2337-general-mills
American Electric Power,2209,United States,http://www.aep.com/,S&P 500,,North America,Mature,Utilities,"American Electric Power generates, transmits, and distributes electricity, serving residential, commercial, and industrial customers.",crunchbase,https://www.crunchbase.com/organization/american-electric-power,2024-05-16,3,,1.9,0,106,0,0,1,0,0,156,0,,0,0,0,0,0,0,0,0,0,0,0,0,0,0,0,0,0,0,0,0,0,0,0,0,0,0,0,0,0,0,0,0,65,766,Columbus,Ohio,https://parat.eto.tech/company/2209-american-electric-power
Ecolab,2299,United States,https://www.ecolab.com/,S&P 500,,North America,Mature,Chemicals,"Ecolab is a global leader in water, hygiene, and energy technologies and services.",crunchbase,https://www.crunchbase.com/organization/ecolab,2024-05-16,1,,0.5,0,54,0,0,0,0,0,188,3,,0.3,1,1038,0,0,1,1,0,0,0,0,1,0,0,0,0,0,1,0,0,0,0,0,0,0,0,0,0,0,1,0,0,149,761,Saint Paul,Minnesota,https://parat.eto.tech/company/2299-ecolab
Nissan Motor Corporation,597,Japan,https://www.nissan-global.com/,,,Asia,Mature,Automobiles & Auto Parts,"Nissan is a multinational automobile manufacturer that sells its cars under the Nissan, Infiniti, and Datsun brands.",crunchbase,https://www.crunchbase.com/organization/nissan-motor,2024-05-16,74,1.4285714285714282,7.5,3,1664,10,2,28,9,0,988,145,-15.03267973856209,1.3,116,10832,0,9,7,0,0,0,9,1,5,1,0,0,0,10,4,1,0,11,110,3,22,105,0,0,0,49,7,0,2,131,753,Kanagawa,Fukushima,https://parat.eto.tech/company/597-nissan-motor-corporation
Aecom,2763,United States,https://aecom.com/,,,North America,Mature,Industrial & Commercial Services,AECOM is a global provider of professional technical and management support services to a broad range of markets.,crunchbase,https://www.crunchbase.com/organization/aecom,2024-05-16,31,138.88888888888889,1.4,0,239,8,1,1,0,1,2205,4,-100.0,0.6,1,656,0,0,2,0,0,0,1,0,0,0,0,0,0,3,3,0,0,0,0,1,1,0,0,1,0,0,2,0,0,98,753,Dallas,Texas,https://parat.eto.tech/company/2763-aecom
Cencora,1803,United States,https://www.amerisourcebergen.com/,S&P 500,,North America,Mature,Unknown,Cencora is a global healthcare company that advances the development and delivery of pharmaceuticals and healthcare products.,crunchbase,https://www.crunchbase.com/organization/amerisourcebergen-corporation,2024-05-16,0,,0.0,0,0,0,0,0,0,0,94,0,,0,0,0,0,0,0,0,0,0,0,0,0,0,0,0,0,0,0,0,0,0,0,0,0,0,0,0,0,0,0,0,0,96,753,Conshohocken,Pennsylvania,https://parat.eto.tech/company/1803-cencora
Arthur J. Gallagher & Co.,2221,United States,https://www.ajg.com/,S&P 500,,North America,Mature,Insurance,Gallagher is an international insurance brokerage and risk management services firm.,crunchbase,https://www.crunchbase.com/organization/arthur-j-gallagher-co,2024-05-16,0,,0.0,0,0,0,0,0,0,0,50,0,,0,0,0,0,0,0,0,0,0,0,0,0,0,0,0,0,0,0,0,0,0,0,0,0,0,0,0,0,0,0,0,0,109,750,Rolling Meadows,Illinois,https://parat.eto.tech/company/2221-arthur-j-gallagher-co
Kohl's,2387,United States,https://corporate.kohls.com/,,,North America,Mature,Retailers,"Kohl’s Corporation (Kohl’s) operate family-oriented department stores that sell apparel, footwear and accessories",crunchbase,https://www.crunchbase.com/organization/kohl-s,2024-05-16,0,,0.0,0,0,0,0,0,0,0,1,0,,0,0,0,0,0,0,0,0,0,0,0,0,0,0,0,0,0,0,0,0,0,0,0,0,0,0,0,0,0,0,0,0,84,747,Menomonee Falls,Wisconsin,https://parat.eto.tech/company/2387-kohls
Cigna,1953,United States,http://www.cigna.com/,S&P 500,,North America,Mature,Healthcare Services & Equipment,"CIGNA Corporation operates as a health service company that helps people to improve the health, well-being, and peace of mind.",crunchbase,https://www.crunchbase.com/organization/cigna,2024-05-16,7,,6.7,0,85,2,0,0,0,0,105,85,107.23905723905723,26.7,53,318,0,17,25,2,0,0,0,1,1,53,0,0,1,44,0,3,0,11,1,3,3,1,0,2,0,0,19,0,10,115,739,Bloomfield,Connecticut,https://parat.eto.tech/company/1953-cigna
Scale AI,220,United States,https://scale.com/,,,North America,Mature,Industrial & Commercial Services,"Scale AI is the data platform for AI, providing training data for leading machine learning teams.",crunchbase,https://www.crunchbase.com/organization/scale-2,2024-05-16,7,150.0,70.0,2,627,5,3,1,1,3,10,9,0.0,69.2,8,13,0,0,0,0,0,0,0,0,0,1,0,0,0,7,0,0,0,0,0,0,2,0,0,0,0,0,0,0,0,181,738,San Francisco,California,https://parat.eto.tech/company/220-scale-ai
Davita,2281,United States,https://www.davita.com/,S&P 500,,North America,Mature,Healthcare Services & Equipment,DaVita is a provider focused on transforming care delivery to improve quality of life for patients globally.,crunchbase,https://www.crunchbase.com/organization/davita,2024-05-16,1,,0.8,0,2,0,0,0,0,0,123,0,,0,0,0,0,0,0,0,0,0,0,0,0,0,0,0,0,0,0,0,0,0,0,0,0,0,0,0,0,0,0,0,0,103,735,Denver,Colorado,https://parat.eto.tech/company/2281-davita
Expeditors,2313,United States,http://www.expeditors.com/,S&P 500,,North America,Mature,Transportation,"Expeditors is a global logistics company headquartered in Seattle, Washington. As a Fortune 500 company, they employ over 13,000 trained",crunchbase,https://www.crunchbase.com/organization/expeditors-international,2024-05-16,0,,0.0,0,0,0,0,0,0,0,2,0,,0,0,0,0,0,0,0,0,0,0,0,0,0,0,0,0,0,0,0,0,0,0,0,0,0,0,0,0,0,0,0,0,35,735,Seattle,Washington,https://parat.eto.tech/company/2313-expeditors
DexCom,3088,United States,https://www.dexcom.com/,S&P 500,,North America,Mature,Healthcare Services & Equipment,"Dexcom develops, manufactures, and distributes continuous glucose monitoring systems for diabetes management.",crunchbase,https:// https://www.crunchbase.com/organization/dexcom,2024-05-16,3,,1.9,0,69,0,1,0,0,0,159,62,168.33333333333334,21.4,16,290,0,0,3,0,0,0,0,4,0,61,0,0,0,13,0,6,0,5,0,47,1,0,1,1,0,2,2,0,0,69,731,San Diego,California,https://parat.eto.tech/company/3088-dexcom
Carmax,2245,United States,https://www.carmax.com/,S&P 500,,North America,Mature,Retailers,"CarMax provides an online platform to search for new and used cars, research models, and compare cars.",crunchbase,https://www.crunchbase.com/organization/carmax,2024-05-16,0,,0.0,0,0,0,0,0,0,0,1,0,,0,0,0,0,0,0,0,0,0,0,0,0,0,0,0,0,0,0,0,0,0,0,0,0,0,0,0,0,0,0,0,0,113,726,Richmond,Virginia,https://parat.eto.tech/company/2245-carmax
Gilead Sciences,2339,United States,https://www.gilead.com/,S&P 500,,North America,Mature,Pharmaceuticals & Medical Research,"Gilead Sciences is a biopharmaceutical company that discovers, develops, manufactures and commercializes therapies for critical diseases.",crunchbase,https://www.crunchbase.com/organization/gilead-sciences,2024-05-16,31,94.44444444444444,0.7,1,434,3,0,0,0,0,4528,0,,0.0,0,740,0,0,0,0,0,0,0,0,0,0,0,0,0,0,0,0,0,0,0,0,0,0,0,0,0,0,0,0,0,246,725,Foster City,California,https://parat.eto.tech/company/2339-gilead-sciences
Lam Research,2391,United States,http://www.lamresearch.com,S&P 500,,North America,Mature,Technology Equipment,Lam Research supplies wafer fabrication equipment and services to the worldwide semiconductor industry.,crunchbase,https://www.crunchbase.com/organization/lam-research,2024-05-16,20,13.888888888888888,3.6,0,447,4,2,2,0,1,561,43,15.833333333333334,1.9,23,2246,0,0,0,0,0,0,0,0,6,0,0,1,0,16,19,0,36,3,0,6,8,10,0,0,0,13,0,0,0,72,721,Fremont,California,https://parat.eto.tech/company/2391-lam-research
Toyota,790,Japan,https://global.toyota/,,,Asia,Mature,Automobiles & Auto Parts,Toyota is an automotive company that manufactures and markets vehicles to over 170 countries and regions.,crunchbase,https://www.crunchbase.com/organization/toyota,2024-05-16,2143,1.3647804429573693,16.8,340,145444,569,264,718,176,177,12740,2491,39.23383276324453,2.7,1500,93732,5,206,245,10,0,13,204,9,120,99,0,1,9,576,84,49,1,309,1222,106,489,986,4,52,6,415,192,2,50,60,706,Tokyo,Kantō,https://parat.eto.tech/company/790-toyota
Raymond James Financial,2472,United States,https://www.raymondjames.com/,S&P 500,,North America,Mature,Banking & Investment Services,Raymond James provides a range of investment banking services focused on the telecommunications and communications sectors.,crunchbase,https://www.crunchbase.com/organization/raymond-james,2024-05-16,0,,0.0,0,0,0,0,0,0,0,12,0,,0,0,0,0,0,0,0,0,0,0,0,0,0,0,0,0,0,0,0,0,0,0,0,0,0,0,0,0,0,0,0,0,74,703,St.Petersburg,Florida,https://parat.eto.tech/company/2472-raymond-james-financial
Kimberly-Clark,2384,United States,https://www.kimberly-clark.com,S&P 500,,North America,Mature,Personal & Household Products & Services,American personal care corporation.,crunchbase,https://www.crunchbase.com/organization/kimberly-clark-corporation,2024-05-16,4,,3.9,0,6,2,0,1,0,0,102,10,-100.0,0.8,6,1260,0,0,3,1,0,0,0,0,2,4,0,0,0,5,1,0,0,4,0,1,5,0,0,0,0,0,3,0,1,157,694,Irving,Texas,https://parat.eto.tech/company/2384-kimberly-clark
Corning Incorporated,399,United States,http://www.corning.com/,S&P 500,,North America,Mature,Technology Equipment,"Corning is a manufacturer of building materials including glass, ceramic, related materials and technologies, and more.",crunchbase,https://www.crunchbase.com/organization/corning,2024-05-16,14,16.666666666666668,0.7,0,434,5,2,2,0,2,2080,17,-80.0,0.3,5,4903,0,0,0,0,0,0,0,0,1,5,0,0,0,4,2,0,1,3,0,2,6,2,0,0,0,2,0,0,0,65,692,Corning,New York,https://parat.eto.tech/company/399-corning-incorporated
ON Semiconductor,6975,United States,https://www.onsemi.com/,S&P 500,,North America,Mature,Unknown,"ON Semiconductor Corporation (stylized and doing business as onsemi) is an American semiconductor supplier company, based in Scottsdale, Arizona. Products include power and signal management, logic, discrete, and custom devices for automotive, communications, computing, consumer, industrial, LED lighting, medical, military/aerospace and power applications. onsemi runs a network of manufacturing facilities, sales offices and design centers in North America, Europe, and the Asia Pacific regions. Based on its 2016 revenues of $3.907 billion, onsemi ranked among the worldwide top 20 semiconductor sales leaders, and was ranked No. 483 on the 2022 Fortune 500 based on its 2021 sales.",wikipedia,https://en.wikipedia.org/wiki/Onsemi,2024-06-04,25,16.666666666666668,3.0,0,127,10,0,1,0,0,844,17,170.0,0.8,12,2253,0,0,0,0,0,0,3,1,0,0,0,0,0,9,0,0,1,8,1,2,1,3,0,0,0,0,0,0,1,39,691,Phoenix,Arizona,https://parat.eto.tech/company/6975-on-semiconductor
Resmed,2477,United States,https://www.resmed.com/,S&P 500,,North America,Mature,Healthcare Services & Equipment,"A global leader in digital health and connected medical devices, plus software solutions that support out-of-hospital care providers.",crunchbase,https://www.crunchbase.com/organization/resmed,2024-05-16,12,200.0,2.6,0,334,5,1,0,0,0,453,114,87.62626262626263,14.3,31,795,0,3,5,0,0,0,0,0,1,104,0,0,0,19,1,5,0,6,1,55,9,0,0,2,0,5,4,0,6,74,690,San Diego,California,https://parat.eto.tech/company/2477-resmed
Estée Lauder,2309,United States,https://www.elcompanies.com/,S&P 500,,North America,Mature,Personal & Household Products & Services,"Estee Lauder is a manufacturer and marketer of skincare products, makeup, perfumes, and hair care products.",crunchbase,https://www.crunchbase.com/organization/estee-lauder-companies,2024-05-16,0,,0.0,0,0,0,0,0,0,0,123,3,-100.0,0.8,1,373,0,0,2,0,0,0,0,0,1,0,0,0,0,1,0,0,0,0,0,0,0,1,0,0,0,0,0,0,0,146,679,New York,New York,https://parat.eto.tech/company/2309-estee-lauder
OpenAI,6900,United States,https://openai.com,GenAI Contenders,,North America,Unknown,Unknown,"OpenAI is an American artificial intelligence (AI) research organization founded in December 2015, researching artificial intelligence with the goal of developing ""safe and beneficial"" artificial general intelligence, which it defines as ""highly autonomous systems that outperform humans at most economically valuable work"". As one of the leading organizations of the AI boom, it has developed several large language models, advanced image generation models, and previously, released open-source models. Its release of ChatGPT has been credited with starting the AI boom.",wikipedia,https://en.wikipedia.org/wiki/OpenAI,2024-05-20,166,-10.975274725274724,72.2,56,220191,34,27,18,20,40,230,28,,56.0,13,50,0,0,1,0,0,0,0,0,0,0,0,0,1,17,0,1,0,0,0,0,6,0,0,5,0,0,0,0,0,171,672,San Francisco,California,https://parat.eto.tech/company/6900-openai
Comerica,2266,United States,https://www.comerica.com/,S&P 500,,North America,Mature,Banking & Investment Services,"Comerica Incorporated is a Texas-based financial services corporation that specializes in business & retail banking, & wealth management.",crunchbase,https://www.crunchbase.com/organization/comerica-incorporated,2024-05-16,0,,0,0,0,0,0,0,0,0,0,0,,0,0,0,0,0,0,0,0,0,0,0,0,0,0,0,0,0,0,0,0,0,0,0,0,0,0,0,0,0,0,0,0,83,671,Dallas,Texas,https://parat.eto.tech/company/2266-comerica
TJX,2027,United States,https://www.tjx.com/,S&P 500,,North America,Mature,Retailers,"TJX Companies, Inc. is the leading off-price retailer of apparel and home fashions in the U.S. and worldwide, ranking No. 115.",crunchbase,https:// https://www.crunchbase.com/organization/the-tjx-companies-inc,2024-05-16,0,,0.0,0,0,0,0,0,0,0,1,0,,0,0,0,0,0,0,0,0,0,0,0,0,0,0,0,0,0,0,0,0,0,0,0,0,0,0,0,0,0,0,0,0,41,669,Framingham,Massachusetts,https://parat.eto.tech/company/2027-tjx
Bloomberg,359,United States,http://www.bloomberg.com,,,North America,Mature,Industrial & Commercial Services,"Bloomberg provides news, data, analytics, and communication services for the global business and financial world.",crunchbase,https://www.crunchbase.com/organization/bloomberg,2024-05-16,173,-13.60829389226955,30.0,79,5650,11,101,1,10,31,577,4,,22.2,4,18,0,0,0,0,0,0,0,0,0,0,0,0,0,1,0,0,0,0,0,0,1,0,0,0,0,0,0,0,1,144,662,New York,New York,https://parat.eto.tech/company/359-bloomberg
Mondelez International,2169,United States,https://www.mondelezinternational.com/,S&P 500,,North America,Mature,Food & Beverages,"Mondelez International is a food and beverage company that sells biscuits, chocolates, gums, and candies.",crunchbase,https:// https://www.crunchbase.com/organization/mondelez-international,2024-05-16,1,-100.0,0.5,0,5,0,0,0,0,0,219,2,,0.7,0,283,0,0,0,0,0,0,0,0,0,0,0,0,0,0,0,0,0,0,0,0,0,0,0,2,0,0,0,0,0,198,657,Chicago,Illinois,https://parat.eto.tech/company/2169-mondelez-international
Dow,2292,United States,https://www.dow.com/,S&P 500,,North America,Mature,Chemicals,"Dow is a materials science company that offers packaging, infrastructure, and consumer care solutions.",crunchbase,https://www.crunchbase.com/organization/the-dow-chemical-company,2024-05-16,27,33.333333333333336,1.1,1,506,0,0,2,0,0,2548,22,-25.0,0.4,6,5120,0,0,9,0,0,0,0,0,8,8,0,0,0,3,2,0,0,0,0,1,1,4,0,1,0,1,9,0,0,96,652,Midland,Michigan,https://parat.eto.tech/company/2292-dow
ConocoPhillips,2029,United States,https://www.conocophillips.com/,S&P 500,,North America,Mature,Energy - Fossil Fuels,ConocoPhillips is an oil and gas exploration and production company in the energy industry that promotes health and environmental safety.,crunchbase,https:// https://www.crunchbase.com/organization/conocophillips,2024-05-16,19,-50.0,2.4,0,159,0,0,1,0,0,806,19,-25.0,5.2,7,363,2,0,2,0,0,0,0,0,0,0,0,0,0,9,12,0,0,1,0,5,0,0,0,1,0,8,2,0,0,108,647,Houston,Texas,https://parat.eto.tech/company/2029-conocophillips
Yum! Brands,2550,United States,https://www.yum.com/,S&P 500,,North America,Mature,Cyclical Consumer Services,"Yum! is a quick-service restaurant brand that primarily operates the likes of KFC, Pizza Hut, and Taco Bell.",crunchbase,https://www.crunchbase.com/organization/yum-brands-inc,2024-05-16,1,-100.0,16.7,0,7,0,0,0,0,0,6,0,,0,0,0,0,0,0,0,0,0,0,0,0,0,0,0,0,0,0,0,0,0,0,0,0,0,0,0,0,0,0,0,0,94,639,Louisville,Kentucky,https://parat.eto.tech/company/2550-yum-brands
Corteva,2273,United States,https://www.corteva.com,S&P 500,,North America,Mature,Chemicals,Corteva Agriscience provides agronomic support and services to help increase farmer productivity and profitability.,crunchbase,https://www.crunchbase.com/organization/corteva-agriscience,2024-05-16,21,72.22222222222221,1.6,0,200,11,0,2,0,0,1340,14,-66.66666666666667,0.4,2,3327,5,0,2,0,0,0,0,0,0,9,0,0,0,2,0,0,0,0,0,0,2,0,0,0,0,0,2,0,0,149,626,Indianapolis,Indiana,https://parat.eto.tech/company/2273-corteva
PPG Industries,2460,United States,https://www.ppg.com/,S&P 500,,North America,Mature,Chemicals,"PPG Industries is an American global supplier of paints, coatings, optical products, specialty materials, chemicals, glass, and fiberglass.",crunchbase,https://www.crunchbase.com/organization/ppg-industries,2024-05-16,1,,0.6,0,81,0,0,0,0,0,162,13,-100.0,1.5,4,890,0,0,1,0,0,0,0,0,0,2,0,0,0,4,2,0,0,0,0,1,5,0,0,0,0,8,1,0,0,92,614,Pittsburgh,Pennsylvania,https://parat.eto.tech/company/2460-ppg-industries
IFlyTek,122,China,https://www.iflytek.com/,GenAI Contenders,,Asia,Mature,Software & IT Services,"USTC iFLYTEK Science & Technology focuses on research and development of speech technology, software, and chip products and services.",crunchbase,https://www.crunchbase.com/organization/anhui-ustc-iflytek-science-and-technology-co-ltd,2024-05-16,424,21.917552588834997,66.7,102,13916,106,180,5,9,150,636,953,105.1201671891327,21.0,294,4543,1,6,46,1,0,45,2,4,41,33,0,0,0,504,0,10,0,21,44,14,95,3,0,72,0,19,27,0,243,67,613,Hefei,Anhui,https://parat.eto.tech/company/122-iflytek
Colgate-Palmolive,2265,United States,https://www.colgate.com/,S&P 500,,North America,Mature,Personal & Household Products & Services,"Colgate-Palmolive is a consumer products company that produces, distributes, and provides household, healthcare, and personal products.",crunchbase,https://www.crunchbase.com/organization/colgate-palmolive,2024-05-16,12,50.0,3.3,0,31,10,0,0,0,0,360,10,0.0,0.8,4,1283,2,0,1,0,0,0,0,0,1,7,0,0,0,0,0,0,0,1,0,3,3,0,0,0,0,3,1,0,0,148,607,New York,New York,https://parat.eto.tech/company/2265-colgate-palmolive
NOV,2426,United States,http://nov.com/,,,North America,Mature,Energy - Fossil Fuels,"NOV offers industrial equipment, components, and solutions such as artificial lifts, pole structures, hydrogen solutions, and composites.",crunchbase,https://www.crunchbase.com/organization/national-oilwell-varco,2024-05-16,9,-50.0,3.3,0,199,0,0,2,0,0,275,2,-100.0,0.3,1,590,0,0,0,0,0,0,0,0,1,0,0,0,0,1,2,1,0,0,0,0,0,0,0,0,0,1,0,0,0,38,607,Houston,Texas,https://parat.eto.tech/company/2426-nov
Ameren,2208,United States,https://www.ameren.com/,S&P 500,,North America,Mature,Utilities,"Ameren is a delivery company that specializes in natural gas and electric distribution, as well as electric transmission services.",crunchbase,https://www.crunchbase.com/organization/ameren,2024-05-16,2,,8.3,0,2,0,0,0,0,0,24,0,,0,0,0,0,0,0,0,0,0,0,0,0,0,0,0,0,0,0,0,0,0,0,0,0,0,0,0,0,0,0,0,0,49,599,St Louis,Zurich,https://parat.eto.tech/company/2208-ameren
DTE Energy,2293,United States,https://www.dteenergy.com,S&P 500,,North America,Mature,Utilities,DTE Energy provides gas & electric utility services to MI homes and businesses.,crunchbase,https://www.crunchbase.com/organization/dte-energy,2024-05-16,6,-100.0,12.8,0,79,1,0,0,0,0,47,0,,0,0,0,0,0,0,0,0,0,0,0,0,0,0,0,0,0,0,0,0,0,0,0,0,0,0,0,0,0,0,0,0,142,590,Detroit,Michigan,https://parat.eto.tech/company/2293-dte-energy
Walgreens Boots Alliance,1809,United States,https://www.walgreensbootsalliance.com/,S&P 500,,North America,Mature,Food & Drug Retailing,"Walgreens Boots Alliance is the first global pharmacy-led, health and wellbeing enterprise in the world.",crunchbase,https:// https://www.crunchbase.com/organization/walgreens-boots-alliance,2024-05-16,4,-100.0,2.0,0,40,2,0,2,0,0,205,0,,0,0,0,0,0,0,0,0,0,0,0,0,0,0,0,0,0,0,0,0,0,0,0,0,0,0,0,0,0,0,0,0,89,588,Deerfield,Illinois,https://parat.eto.tech/company/1809-walgreens-boots-alliance
Xcel Energy,2547,United States,https://xcelenergy.com/,S&P 500,,North America,Mature,Utilities,Xcel Energy is an electric and natural gas energy company that offers a portfolio of energy-related products and services to customers.,crunchbase,https://www.crunchbase.com/organization/xcel-energy-2,2024-05-16,1,,1.4,0,5,0,0,0,0,0,69,0,,0,0,0,0,0,0,0,0,0,0,0,0,0,0,0,0,0,0,0,0,0,0,0,0,0,0,0,0,0,0,0,0,70,570,Minneapolis,Minnesota,https://parat.eto.tech/company/2547-xcel-energy
Digital Realty Trust,2285,United States,https://www.digitalrealty.com,S&P 500,,North America,Mature,Real Estate,"Digital Realty is a data center platform, delivering customized data analysis solutions to businesses.",crunchbase,https://www.crunchbase.com/organization/digital-realty-trust,2024-05-16,0,,0,0,0,0,0,0,0,0,0,1,,50.0,1,2,0,0,0,0,0,0,0,0,0,0,0,0,0,1,0,0,0,0,0,0,0,0,0,1,0,0,0,0,0,27,568,San Francisco,California,https://parat.eto.tech/company/2285-digital-realty-trust
Marathon Petroleum,1826,United States,https://www.marathonpetroleum.com/,S&P 500,,North America,Mature,Energy - Fossil Fuels,"Marathon Petroleum Corporation is an American petroleum refining, marketing, and transportation company headquartered in Findlay, Ohio. The company was a wholly owned subsidiary of Marathon Oil until a corporate spin-off in 2011.",wikipedia,https://en.wikipedia.org/wiki/Marathon_Petroleum,2024-05-24,1,-100.0,2.0,0,3,0,0,0,0,0,51,2,,2.0,0,102,1,0,0,0,0,0,0,0,0,0,0,0,0,0,0,0,0,0,0,0,2,0,0,0,0,0,0,0,0,63,567,Findlay,Ohio,https://parat.eto.tech/company/1826-marathon-petroleum
Teradyne,3092,United States,https://www.teradyne.com/,S&P 500,,North America,Mature,Technology Equipment,Teradyne is a supplier of automatic test equipment used to test complex electronics used in consumer electronics.,crunchbase,https:// https://www.crunchbase.com/organization/teradyne,2024-05-16,4,,3.8,0,12,0,0,1,0,0,104,16,0.0,5.7,6,283,0,0,1,0,0,0,0,0,6,0,0,0,0,2,0,0,0,2,10,0,1,13,0,0,0,6,1,0,0,5,565,North Reading,Massachusetts,https://parat.eto.tech/company/3092-teradyne
Jane Street,519,United States,https://www.janestreet.com/,,,North America,Mature,Banking & Investment Services,Jane Street is a quantitative trading firm with a unique focus on technology and collaborative problem solving.,company,https://www.janestreet.com,2021-03-15,3,-100.0,4.8,0,4,0,0,0,0,0,62,0,,0,0,0,0,0,0,0,0,0,0,0,0,0,0,0,0,0,0,0,0,0,0,0,0,0,0,0,0,0,0,0,0,60,561,New York,New York,https://parat.eto.tech/company/519-jane-street
Stanley Black & Decker,2495,United States,https://www.stanleyblackanddecker.com/,S&P 500,,North America,Mature,Industrial Goods,Stanley Black & Decker is a tool and industrial equipment manufacturing company.,crunchbase,https://www.crunchbase.com/organization/stanley-black-decker,2024-05-16,6,0.0,14.0,0,532,2,0,1,0,0,43,9,16.666666666666664,0.4,4,2068,3,0,0,0,0,0,0,0,4,1,0,0,0,1,2,0,0,1,5,0,3,7,0,1,0,4,0,0,0,101,550,New Britain,Connecticut,https://parat.eto.tech/company/2495-stanley-black-decker
AutoZone,2225,United States,http://www.autozone.com/,S&P 500,,North America,Mature,Retailers,"AutoZone is a distributor of auto parts, spares and car accessories in Southern Africa.",crunchbase,https://www.crunchbase.com/organization/autozone,2024-05-16,0,,0,0,0,0,0,0,0,0,0,0,,0,0,0,0,0,0,0,0,0,0,0,0,0,0,0,0,0,0,0,0,0,0,0,0,0,0,0,0,0,0,0,0,41,550,Memphis,Tennessee,https://parat.eto.tech/company/2225-autozone
Biogen,1536,United States,https://www.biogen.com/,S&P 500,,North America,Mature,Pharmaceuticals & Medical Research,"Biogen is an American biotechnology company that provides therapeutics for neurological, autoimmune, and rare diseases.",crunchbase,https://www.crunchbase.com/organization/biogen-idec,2024-05-16,36,133.33333333333334,0.9,0,1283,4,0,2,0,2,3842,6,,2.1,0,282,0,0,0,0,0,0,0,0,0,4,0,0,0,0,0,0,0,0,0,4,3,0,0,0,0,0,0,0,0,143,535,Cambridge,Massachusetts,https://parat.eto.tech/company/1536-biogen
DuPont,1780,United States,https://www.dupont.com/,S&P 500,,North America,Mature,Food & Beverages,"DuPont offers construction materials, fabrics, packaging materials, and solutions.",crunchbase,https:// https://www.crunchbase.com/organization/dupont,2024-05-16,5,-50.0,0.3,0,19,0,0,0,0,0,1594,2,,0.1,1,2002,0,0,0,0,0,0,1,0,1,0,0,0,0,0,1,0,0,0,0,0,1,0,0,0,0,0,0,0,0,60,532,Wilmington,Delaware,https://parat.eto.tech/company/1780-dupont
Panasonic,1129,Japan,https://www.panasonic.com,,,Asia,Mature,Technology Equipment,Panasonic manufactures and sells various electronic and electric products around the world.,crunchbase,https://www.crunchbase.com/organization/panasonic,2024-05-16,353,8.903914445902908,14.1,29,8427,131,9,137,7,10,2508,791,1.3956610840223316,1.5,398,53419,6,27,105,2,0,10,48,1,73,64,0,0,5,226,14,21,6,133,112,53,236,161,1,15,16,105,81,3,45,42,531,Kadoma,Osaka,https://parat.eto.tech/company/1129-panasonic
Enphase Energy,3161,United States,https://enphase.com/,S&P 500,,North America,Mature,Renewable Energy,"Enphase Energy, Inc. is an American energy technology company headquartered in Fremont, California, that develops and manufactures solar micro-inverters, battery energy storage, and EV charging stations primarily for residential customers. Enphase was established in 2006 and is the first company to successfully commercialize the solar micro-inverter, which converts the direct current (DC) power generated by a solar panel into grid-compatible alternating current (AC) for use or export. The company has shipped more than 48 million microinverters to 2.5 million solar systems in more than 140 countries.",wikipedia,https://en.wikipedia.org/wiki/Enphase_Energy,2023-11-10,3,,7.5,0,6,0,0,0,0,0,40,0,,0,0,0,0,0,0,0,0,0,0,0,0,0,0,0,0,0,0,0,0,0,0,0,0,0,0,0,0,0,0,0,0,23,531,Fremont,California,https://parat.eto.tech/company/3161-enphase-energy
Carrier Global,2247,United States,https://www.carrier.com/,S&P 500,,North America,Mature,Industrial Goods,"Carrier is a provider of innovative heating, ventilating and air conditioning (HVAC), refrigeration, and fire & security technologies.",crunchbase,https://www.crunchbase.com/organization/carrier-corporation,2024-05-16,4,,4.5,0,58,1,0,0,0,0,88,56,69.12393162393163,1.5,23,3692,3,8,11,0,0,1,12,0,7,3,0,0,1,25,4,24,0,16,4,5,5,18,0,4,2,13,10,0,1,35,530,Palm Beach Garden,Florida,https://parat.eto.tech/company/2247-carrier-global
Nio,596,China,http://www.nio.io/,,,Asia,Mature,Unknown,NIO is an automotive company that designs and develops electric autonomous vehicles.,crunchbase,https://www.crunchbase.com/organization/nextev,2024-05-16,2,,50.0,0,15,0,0,1,0,0,4,13,50.0,1.4,5,955,0,0,0,0,0,0,3,0,0,0,0,0,0,4,1,2,0,0,1,0,3,4,0,0,0,3,0,0,3,59,526,Shanghai,Shanghai,https://parat.eto.tech/company/596-nio
Mettler Toledo,2413,United States,https://www.mt.com/,S&P 500,,North America,Mature,Technology Equipment,"Mettler Toledo is a manufacturer of industrial equipment like scales, X-ray machines, instruments and laboratory items.",crunchbase,https://www.crunchbase.com/organization/mettler-toledo,2024-05-16,3,,2.2,0,41,2,0,0,0,0,136,12,-100.0,1.3,0,891,0,0,1,0,0,0,0,0,0,0,0,0,0,7,0,0,0,0,0,1,2,2,0,2,0,7,1,0,0,44,518,Columbus,Ohio,https://parat.eto.tech/company/2413-mettler-toledo
Xylem,2549,United States,https://www.xylem.com/,S&P 500,,North America,Mature,Industrial Goods,"Xylem is a large global water technology provider, enabling customers to transport, treat, test, and efficiently use water.",crunchbase,https://www.crunchbase.com/organization/xylem-inc,2024-05-16,17,2.5,9.1,0,147,5,0,3,0,0,186,5,-50.0,0.6,3,830,0,0,1,0,0,0,1,0,0,0,0,0,0,1,5,0,0,1,0,0,0,1,0,0,0,1,1,0,0,56,509,White Plains,New York,https://parat.eto.tech/company/2549-xylem
Qihoo 360,208,China,https://www.360totalsecurity.com,,,Asia,Mature,Software & IT Services,"Qihoo 360 Technology offers internet and mobile security products, online advertising and internet value-added services in China.",crunchbase,https://www.crunchbase.com/organization/qihoo-360-technology,2024-05-16,84,-4.4444444444444455,51.5,14,5749,40,13,1,2,11,163,259,-58.93876848985209,3.5,82,7349,0,6,15,0,0,0,0,1,5,0,0,0,0,143,2,31,0,44,9,3,36,4,0,6,0,4,5,0,11,47,509,Beijing,Beijing ,https://parat.eto.tech/company/208-qihoo-360
Crown Castle International,2275,United States,http://www.crowncastle.com/,S&P 500,,North America,Mature,Real Estate,"Crown Castle Provides communications infrastructure--connecting people & businesses to essential data, technology & wireless service.",crunchbase,https://www.crunchbase.com/organization/crown-castle,2024-05-16,0,,0.0,0,0,0,0,0,0,0,5,0,,0,0,0,0,0,0,0,0,0,0,0,0,0,0,0,0,0,0,0,0,0,0,0,0,0,0,0,0,0,0,0,0,37,509,Houston,Texas,https://parat.eto.tech/company/2275-crown-castle-international
International Paper,2369,United States,https://www.internationalpaper.com/,S&P 500,,North America,Mature,Applied Resources,International Paper manufactures paper and paper-packaging products.,crunchbase,https://www.crunchbase.com/organization/international-paper,2024-05-16,0,,0.0,0,0,0,0,0,0,0,66,0,,0.0,0,227,0,0,0,0,0,0,0,0,0,0,0,0,0,0,0,0,0,0,0,0,0,0,0,0,0,0,0,0,0,31,509,Memphis,Tennessee,https://parat.eto.tech/company/2369-international-paper
Regeneron Pharmaceuticals,1577,United States,http://www.regeneron.com/,S&P 500,,North America,Mature,Pharmaceuticals & Medical Research,"Regeneron Pharmaceuticals specializes in the discovery, development, and commercialization of innovative medicines.",crunchbase,https://www.crunchbase.com/organization/regeneron-pharmaceuticals,2024-05-16,31,301.6666666666667,0.7,1,411,9,3,0,0,3,4205,19,0.0,1.4,2,1336,0,0,0,0,0,0,0,0,0,14,0,0,0,3,1,1,0,0,0,5,1,0,0,0,0,0,0,0,0,156,508,Tarrytown,New York,https://parat.eto.tech/company/1577-regeneron-pharmaceuticals
MGM Resorts International,2414,United States,https://www.mgmresorts.com/,S&P 500,,North America,Mature,Cyclical Consumer Services,"MGM Resorts International is a hospitality firm that operates casinos, restaurants, and recreational resorts.",crunchbase,https://www.crunchbase.com/organization/mgm-resorts-international,2024-05-16,0,,0.0,0,0,0,0,0,0,0,15,0,,0,0,0,0,0,0,0,0,0,0,0,0,0,0,0,0,0,0,0,0,0,0,0,0,0,0,0,0,0,0,0,0,62,507,Las Vegas,Nevada,https://parat.eto.tech/company/2414-mgm-resorts-international
Waters Corporation,2536,United States,https://www.waters.com/,S&P 500,,North America,Mature,Healthcare Services & Equipment,Waters Corporation creates business advantages for laboratory-dependent organizations by delivering ultra performance liquid chromatography.,crunchbase,https://www.crunchbase.com/organization/waters-corporation,2024-05-16,6,-100.0,0.4,0,46,2,0,1,0,0,1337,11,50.0,1.4,5,759,0,0,0,0,0,0,0,0,1,5,0,0,0,1,6,0,0,0,0,1,3,0,0,0,0,9,0,0,0,16,507,Milford,Massachusetts,https://parat.eto.tech/company/2536-waters-corporation
Parker-Hannifin,2450,United States,http://www.parker.com/,S&P 500,,North America,Mature,Industrial Goods,Parker Hannifin is a diversified manufacturer of motion.,crunchbase,https://www.crunchbase.com/organization/parker-hannifin,2024-05-16,12,-75.0,9.1,0,269,1,0,8,1,0,132,2,-100.0,0.3,1,795,0,0,0,0,0,0,2,0,1,0,0,0,0,0,0,0,0,0,1,0,0,1,0,0,0,0,0,0,0,29,506,Cleveland,Ohio,https://parat.eto.tech/company/2450-parker-hannifin
Consolidated Edison,2269,United States,https://www.conedison.com/,S&P 500,,North America,Mature,Utilities,ConEdison is a leading energy services company.,crunchbase,https://www.crunchbase.com/organization/conedison-solutions,2024-05-16,4,,7.4,0,311,0,0,0,0,0,54,0,,0.0,0,18,0,0,0,0,0,0,0,0,0,0,0,0,0,0,0,0,0,0,0,0,0,0,0,0,0,0,0,0,0,65,492,New York,New York,https://parat.eto.tech/company/2269-consolidated-edison
Supermicro,6981,United States,https://www.supermicro.com/en/,S&P 500,,North America,Mature,Unknown,"Super Micro Computer, Inc., dba Supermicro, is an American information technology company based in San Jose, California. It has manufacturing operations in the Silicon Valley, the Netherlands and at its Science and Technology Park in Taiwan. Founded on November 1, 1993, Supermicro is one of the largest producers of high-performance and high-efficiency servers. It also provides server management software, and storage systems for various markets, including enterprise data centers, cloud computing, artificial intelligence, 5G and edge computing.",wikipedia,https://en.wikipedia.org/wiki/Supermicro,2024-06-04,4,25.0,36.4,0,129,2,0,0,0,0,11,4,-100.0,14.8,1,27,0,0,0,0,0,0,1,0,2,0,0,0,0,0,1,0,0,2,0,0,0,0,0,0,0,0,0,0,0,9,489,San Jose,California,https://parat.eto.tech/company/6981-supermicro
Otis Worldwide,2447,United States,https://www.otis.com/,S&P 500,,North America,Mature,Industrial Goods,"OTIS is a manufacturer and service provider of elevators, escalators, and moving walkways.",crunchbase,https://www.crunchbase.com/organization/otis,2024-05-16,0,,0,0,0,0,0,0,0,0,0,16,104.16666666666667,1.2,10,1370,0,0,1,0,0,1,0,0,16,0,0,0,0,7,2,1,0,3,1,1,2,4,0,1,0,3,1,0,0,28,487,Farmington,Connecticut,https://parat.eto.tech/company/2447-otis-worldwide
Qorvo,2468,United States,https://www.qorvo.com/,S&P 500,,North America,Mature,Technology Equipment,Qorvo (''kor-vo'') enables customers to launch next-generation designs even faster.,crunchbase,https://www.crunchbase.com/organization/qorvo,2024-05-16,3,-100.0,0.7,0,24,0,0,0,0,0,448,2,,0.1,0,1347,0,0,0,0,0,0,0,0,0,0,0,0,0,1,0,0,0,1,0,0,0,0,0,0,0,0,0,0,0,24,484,Greensboro,North Carolina,https://parat.eto.tech/company/2468-qorvo
Zions Bancorp,2553,United States,https://www.zionsbank.com/,,,North America,Mature,Banking & Investment Services,"Zions Bancorporation is a financial services company involved in SBA lending, public finance advisory services, and agricultural finance.",crunchbase,https://www.crunchbase.com/organization/zions-bancorporation,2024-05-16,0,,0.0,0,0,0,0,0,0,0,3,0,,0,0,0,0,0,0,0,0,0,0,0,0,0,0,0,0,0,0,0,0,0,0,0,0,0,0,0,0,0,0,0,0,75,482,Salt Lake City,Utah,https://parat.eto.tech/company/2553-zions-bancorp
NRG Energy,2440,United States,http://www.nrg.com/,S&P 500,,North America,Mature,Utilities,"NRG Energy is an integrated power generation and supply firm that offers offsite solar, wind power, and smart grid retail services.",crunchbase,https://www.crunchbase.com/organization/nrg-energy,2024-05-16,2,0.0,2.5,0,22,0,0,0,0,0,79,6,-100.0,4.7,5,129,0,0,2,0,0,0,0,0,0,0,0,0,2,1,0,5,0,4,0,0,0,3,0,0,0,0,2,0,0,98,481,Houston,Texas,https://parat.eto.tech/company/2440-nrg-energy
Centerpoint Energy,2252,United States,https://www.centerpointenergy.com/,S&P 500,,North America,Mature,Utilities,"CenterPoint Energy is an energy delivery company with electric transmission and distribution, power generation and natural gas distribution.",crunchbase,https://www.crunchbase.com/organization/centerpoint-energy,2024-05-16,1,,4.8,0,73,0,1,0,0,0,21,0,,0,0,0,0,0,0,0,0,0,0,0,0,0,0,0,0,0,0,0,0,0,0,0,0,0,0,0,0,0,0,0,0,68,481,Houston,Texas,https://parat.eto.tech/company/2252-centerpoint-energy
Union Pacific,2519,United States,http://www.up.com/,S&P 500,,North America,Mature,Transportation,"Union Pacific Railroad is the principal operating company of Union Pacific Corporation both are headquartered in Omaha, Nebraska",crunchbase,https://www.crunchbase.com/organization/union-pacific-corporation,2024-05-16,0,,0.0,0,0,0,0,0,0,0,18,0,,0,0,0,0,0,0,0,0,0,0,0,0,0,0,0,0,0,0,0,0,0,0,0,0,0,0,0,0,0,0,0,0,23,479,Omaha,Nebraska,https://parat.eto.tech/company/2519-union-pacific
Archer Daniels Midland,1894,United States,https://www.adm.com/,S&P 500,,North America,Mature,Food & Beverages,"Archer Daniels Midland Company offers food ingredients, animal feeds and feed ingredients, biofuels, and other products.",crunchbase,https:// https://www.crunchbase.com/organization/archer-daniels-midland-company,2024-05-16,5,-50.0,2.1,0,31,3,0,2,0,0,234,0,,0.0,0,182,0,0,0,0,0,0,0,0,0,0,0,0,0,0,0,0,0,0,0,0,0,0,0,0,0,0,0,0,0,91,477,Chicago,Illinois,https://parat.eto.tech/company/1894-archer-daniels-midland
Idexx Laboratories,2363,United States,https://www.idexx.com/,S&P 500,,North America,Mature,Healthcare Services & Equipment,"IDEXX Laboratories, Inc. is a leader in pet healthcare innovation, serving practicing veterinarians around the world with a broad range of",crunchbase,https://www.crunchbase.com/organization/idexx-laboratories,2024-05-16,11,75.0,1.1,0,140,10,0,0,0,0,1023,17,,11.0,2,154,0,0,1,0,0,0,0,0,0,12,0,0,0,4,0,0,0,0,0,1,7,0,0,0,0,4,1,0,0,75,468,Westbrook,Maine,https://parat.eto.tech/company/2363-idexx-laboratories
Norfolk Southern,2436,United States,http://www.nscorp.com/,S&P 500,,North America,Mature,Transportation,Norfolk Southern Corporation is one of the nation's premier transportation companies.,crunchbase,https://www.crunchbase.com/organization/norfolk-southern-corporation,2024-05-16,3,0.0,8.8,0,32,0,0,0,2,0,34,2,,14.3,2,14,0,0,0,0,0,0,0,0,0,0,0,0,0,2,0,0,0,0,1,0,1,0,0,0,0,0,0,0,0,59,468,Atlanta,Georgia,https://parat.eto.tech/company/2436-norfolk-southern
Copart,2272,United States,https://www.copart.com/,S&P 500,,North America,Mature,Software & IT Services,Copart is a Vehicle auctioning company traded on NASDAQ with ticket CPRT. It owns it's own yards and maintenance personel.,crunchbase,https://www.crunchbase.com/organization/copart,2024-05-16,0,,0,0,0,0,0,0,0,0,0,0,,0,0,0,0,0,0,0,0,0,0,0,0,0,0,0,0,0,0,0,0,0,0,0,0,0,0,0,0,0,0,0,0,35,464,Dallas,Texas,https://parat.eto.tech/company/2272-copart
V.F. Corporation,2524,United States,https://www.vfc.com/,,,North America,Mature,Cyclical Consumer Products,VF offers outdoor and activity-based lifestyle and work-wear brands.,crunchbase,https://www.crunchbase.com/organization/vf-corporation,2024-05-16,0,,0.0,0,0,0,0,0,0,0,2,1,,0.5,0,183,0,0,0,0,0,0,0,0,1,0,0,0,0,0,0,0,0,0,0,0,1,0,0,0,0,0,0,0,0,72,463,Denver,Colorado,https://parat.eto.tech/company/2524-v-f-corporation
Verisign,2527,United States,http://www.verisigninc.com/,S&P 500,,North America,Mature,Software & IT Services,Verisign operates as a global provider of domain name registry services and internet infrastructure.,crunchbase,https://www.crunchbase.com/organization/verisign-2,2024-05-16,1,,4.3,1,220,0,0,0,0,0,23,10,-25.0,7.5,9,134,0,0,1,0,0,0,0,0,0,0,0,0,0,7,0,1,0,9,0,0,0,0,0,0,1,0,0,0,1,10,459,Reston,Virignia,https://parat.eto.tech/company/2527-verisign
Sysco,1908,United States,http://sysco.com/,S&P 500,,North America,Mature,Food & Drug Retailing,"Sysco sells, markets, and distributes food products to restaurants, hotels, and other hospitality businesses.",crunchbase,https://www.crunchbase.com/organization/sysco,2024-05-16,0,,0.0,0,0,0,0,0,0,0,4,0,,0.0,0,3,0,0,0,0,0,0,0,0,0,0,0,0,0,0,0,0,0,0,0,0,0,0,0,0,0,0,0,0,0,75,453,Houston,Texas,https://parat.eto.tech/company/1908-sysco
PVH,2467,United States,https://www.pvh.com/,,,North America,Mature,Cyclical Consumer Products,"A company transformed, focused on global growth and brand building, while staying true to our core values.",crunchbase,https://www.crunchbase.com/organization/pvh,2024-05-16,0,,0.0,0,0,0,0,0,0,0,3,0,,0,0,0,0,0,0,0,0,0,0,0,0,0,0,0,0,0,0,0,0,0,0,0,0,0,0,0,0,0,0,0,0,82,446,New York,New York,https://parat.eto.tech/company/2467-pvh
Avery Dennison,2227,United States,http://www.averydennison.com/,S&P 500,,North America,Mature,Applied Resources,Avery Dennison is a company focusing on labeling and packaging materials and solutions.,crunchbase,https://www.crunchbase.com/organization/avery-dennison,2024-05-16,1,,3.0,0,3,0,1,0,0,1,33,1,-100.0,0.2,1,620,0,0,0,0,0,0,0,0,0,0,0,0,0,1,0,0,0,1,0,0,0,0,0,0,0,1,0,0,0,53,446,Mentor,Ohio,https://parat.eto.tech/company/2227-avery-dennison
Anduril Industries,24,United States,http://www.anduril.com,,,North America,Mature,Industrial Goods,Anduril Industries is a defense product company that builds technology for military agencies and border surveillance.,crunchbase,https://www.crunchbase.com/organization/anduril-industries,2024-05-16,2,-100.0,16.7,0,169,0,0,0,0,0,12,14,,17.9,6,78,0,0,1,0,0,0,0,0,0,0,0,0,0,1,0,0,2,10,0,1,1,1,0,1,0,8,1,0,0,23,444,Irvine,California,https://parat.eto.tech/company/24-anduril-industries
Aflac,2195,United States,https://www.aflac.com/,S&P 500,,North America,Mature,Insurance,Aflac is a company that offers individuals and companies supplemental disability insurance.,crunchbase,https://www.crunchbase.com/organization/aflac,2024-05-16,0,,0.0,0,0,0,0,0,0,0,3,0,,0,0,0,0,0,0,0,0,0,0,0,0,0,0,0,0,0,0,0,0,0,0,0,0,0,0,0,0,0,0,0,0,72,441,Columbus,Georgia,https://parat.eto.tech/company/2195-aflac
Fox Corporation,2330,United States,https://www.foxcorporation.com/,S&P 500,,North America,Mature,Cyclical Consumer Services,Fox Corporation is an American television broadcasting company.,crunchbase,https://www.crunchbase.com/organization/fox-corporation,2024-05-16,2,,3.6,1,0,0,0,0,0,1,55,7,,43.8,3,16,0,0,1,0,0,0,0,0,0,0,0,0,0,4,0,0,0,4,0,0,0,0,0,2,0,0,0,0,0,51,441,New York,New York,https://parat.eto.tech/company/2330-fox-corporation
Occidental Petroleum,2443,United States,http://www.oxy.com/,S&P 500,,North America,Mature,Energy - Fossil Fuels,Occidental Petroleum is an international oil and gas exploration and production company.,crunchbase,https://www.crunchbase.com/organization/occidental-petroleum-corporation,2024-05-16,7,-100.0,2.5,0,31,1,0,0,0,0,279,0,,0.0,0,36,0,0,0,0,0,0,0,0,0,0,0,0,0,0,0,0,0,0,0,0,0,0,0,0,0,0,0,0,0,45,440,Houston,Texas,https://parat.eto.tech/company/2443-occidental-petroleum
Entergy,2303,United States,http://www.entergy.com/,S&P 500,,North America,Mature,Utilities,Entergy Corporation is an integrated energy company,crunchbase,https://www.crunchbase.com/organization/entergy-corporation,2024-05-16,0,,0,0,0,0,0,0,0,0,0,0,,0,0,0,0,0,0,0,0,0,0,0,0,0,0,0,0,0,0,0,0,0,0,0,0,0,0,0,0,0,0,0,0,41,438,New Orleans,Louisiana,https://parat.eto.tech/company/2303-entergy
Sensetime,223,China,http://www.sensetime.com/,GenAI Contenders,,Asia,Mature,Software & IT Services,SenseTime is an AI software company focused on creating a better AI-empowered future through innovation.,crunchbase,https://www.crunchbase.com/organization/sensetime,2024-05-16,1377,0.02980262140624153,88.6,641,133690,1179,35,50,45,240,1554,1602,41.77405946381933,36.2,923,4431,1,37,18,7,0,2,4,25,19,23,0,0,1,861,5,24,0,65,79,14,702,26,0,9,2,25,10,0,18,97,435,Beijing,Beijing ,https://parat.eto.tech/company/223-sensetime
Hikvision,106,China,https://www.hikvision.com/,,,Asia,Mature,Technology Equipment,Hikvision is a global manufacturer and supplier of video surveillance products and solutions.,crunchbase,https://www.crunchbase.com/organization/hikvision-digital-technology,2024-05-16,365,16.73639455782313,62.7,90,17064,262,15,17,11,43,582,994,58.41644070215499,9.8,593,10119,2,7,32,9,0,0,5,0,35,4,0,0,8,420,1,52,0,122,62,24,225,22,0,18,2,28,19,0,21,42,435,Hangzhou,Zhejiang,https://parat.eto.tech/company/106-hikvision
Insulet,6965,United States,https://www.insulet.com/,S&P 500,,North America,Mature,Unknown,Insulet (NASDAQ: PODD) is an innovative medical device company improving the lives of people with diabetes and other conditions through its Omnipod delivery system.,company,https://www.insulet.com/about-insulet,2024-06-04,0,,0.0,0,0,0,0,0,0,0,59,8,200.0,2.8,2,282,0,0,0,0,0,0,0,0,0,8,0,0,0,0,0,0,0,0,0,4,0,0,0,1,0,1,0,0,0,17,434,Acton,Massachusetts,https://parat.eto.tech/company/6965-insulet
Dayforce,6952,United States,https://www.dayforce.com/,S&P 500,,North America,Mature,Unknown,"Dayforce, Inc., formerly Ceridian, is a provider of human resources software and services with employees across its global footprint in the United States, Canada, Europe, Middle East, Africa (EMEA), and the Asia Pacific Japan (APJ) region. It is a publicly traded company on the New York Stock Exchange and Toronto Stock Exchange.",wikipedia,https://en.wikipedia.org/wiki/Dayforce,2024-06-04,2,-100.0,33.3,0,102,0,1,1,0,0,6,0,,0,0,0,0,0,0,0,0,0,0,0,0,0,0,0,0,0,0,0,0,0,0,0,0,0,0,0,0,0,0,0,0,9,434,Minneapolis,Minnesota,https://parat.eto.tech/company/6952-dayforce
Advance Auto Parts,2193,United States,https://shop.advanceautoparts.com/,,,North America,Mature,Retailers,"Advance Auto Parts is the largest automotive aftermarket parts provider in North America, serves both the professional installer.",crunchbase,https://www.crunchbase.com/organization/advance-auto-parts,2024-05-16,0,,0,0,0,0,0,0,0,0,0,0,,0,0,0,0,0,0,0,0,0,0,0,0,0,0,0,0,0,0,0,0,0,0,0,0,0,0,0,0,0,0,0,0,65,432,Raleigh,North Carolina,https://parat.eto.tech/company/2193-advance-auto-parts
Illinois Tool Works,2365,United States,http://www.itw.com/,S&P 500,,North America,Mature,Consumer Goods Conglomerates,"ITW specializes in the fields of industrial machinery, engineering, operations, sales, marketing, finance, and accounting.",crunchbase,https://www.crunchbase.com/organization/illinois-tool-works,2024-05-16,1,-100.0,4.2,0,9,0,0,1,0,0,24,22,125.0,0.5,11,4756,0,0,2,0,0,0,1,0,19,0,0,0,0,2,0,0,2,1,0,0,12,7,0,1,0,3,2,0,0,4,432,Glenview Nas,Illinois,https://parat.eto.tech/company/2365-illinois-tool-works
Alaska Air Group,2197,United States,http://investor.alaskaair.com/,,,North America,Mature,Transportation,Alaska Airlines is the eighth-largest U.S. airline based on passenger traffic and is the dominant U.S. West Coast air carrier.,crunchbase,https://www.crunchbase.com/organization/alaska-air-group,2024-05-16,0,,0.0,0,0,0,0,0,0,0,7,0,,0,0,0,0,0,0,0,0,0,0,0,0,0,0,0,0,0,0,0,0,0,0,0,0,0,0,0,0,0,0,0,0,26,429,Seatac,Washington,https://parat.eto.tech/company/2197-alaska-air-group
Zimmer Biomet,2552,United States,http://www.zimmerbiomet.com/,S&P 500,,North America,Mature,Healthcare Services & Equipment,Zimmer Biomet is a medical device manufacturing company.,crunchbase,https://www.crunchbase.com/organization/zimmer-holdings,2024-05-16,12,66.66666666666667,3.6,0,126,0,0,9,1,0,333,17,16.66666666666667,2.6,6,666,0,0,0,0,0,0,0,0,0,17,0,0,0,4,0,1,0,0,0,5,3,0,0,0,0,0,0,0,0,42,428,Warsaw,Indiana,https://parat.eto.tech/company/2552-zimmer-biomet
RTX,815,United States,https://www.rtx.com/,S&P 500,,North America,Mature,Industrial Goods,Raytheon Technologies is an aerospace and defense company that provides advanced systems and services.,crunchbase,https://www.crunchbase.com/organization/raytheon,2024-05-16,95,-24.821428571428573,7.8,2,1447,16,9,16,3,6,1217,367,12.748538011695905,2.4,171,15582,0,15,33,5,0,11,17,2,21,22,3,1,0,156,44,30,2,77,101,40,74,99,2,23,3,82,32,0,9,30,422,Waltham,Massachusetts,https://parat.eto.tech/company/815-rtx
O'Reilly Automotive,2442,United States,https://www.oreillyauto.com/,S&P 500,,North America,Mature,Retailers,"O’Reilly Automotive, Inc. is a specialty retailer of automotive aftermarket parts, tools, supplies, equipment and accessories.",crunchbase,https://www.crunchbase.com/organization/o-reilly-auto-parts,2024-05-16,0,,0,0,0,0,0,0,0,0,0,0,,0,0,0,0,0,0,0,0,0,0,0,0,0,0,0,0,0,0,0,0,0,0,0,0,0,0,0,0,0,0,0,0,29,422,Springfield,Missouri,https://parat.eto.tech/company/2442-oreilly-automotive
Kellogg,2381,United States,https://www.kelloggcompany.com/,,,North America,Mature,Food & Beverages,"Kellogg's is a cereal company, and a major producer of convenience foods.",crunchbase,https://www.crunchbase.com/organization/kellogg,2024-05-16,2,-50.0,1.4,0,32,0,0,0,0,0,142,1,-100.0,2.0,1,51,0,0,1,0,0,0,0,0,0,1,0,0,0,1,0,0,0,1,0,1,1,0,0,0,0,0,0,0,0,77,420,Battle Creek,Michigan,https://parat.eto.tech/company/2381-kellogg
Edwards Lifesciences,2301,United States,https://www.edwards.com,S&P 500,,North America,Mature,Healthcare Services & Equipment,Edwards Lifesciences is the global leader in the science of heart valves and hemodynamic monitoring.,crunchbase,https://www.crunchbase.com/organization/edwards-lifesciences,2024-05-16,20,58.333333333333336,3.2,0,768,1,1,3,0,0,620,19,-75.0,1.4,3,1364,0,0,0,0,0,0,0,0,0,19,0,0,0,3,0,0,0,0,0,15,2,0,0,0,0,1,0,0,0,103,416,Irvine,California,https://parat.eto.tech/company/2301-edwards-lifesciences
Caesars Entertainment,6945,United States,https://www.caesars.com/,S&P 500,,North America,Mature,Unknown,"Caesars Entertainment, Inc., formerly Eldorado Resorts, Inc., is an American hotel and casino entertainment company founded and based in Reno, Nevada that operates more than 50 properties. Eldorado Resorts acquired Caesars Entertainment Corporation and changed its own name to Caesars Entertainment on July 20, 2020.",wikipedia,https://en.wikipedia.org/wiki/Caesars_Entertainment,2024-06-04,0,,0.0,0,0,0,0,0,0,0,3,1,-100.0,50.0,1,2,0,1,0,0,0,0,0,0,0,0,0,0,0,0,0,0,0,0,0,0,0,0,0,0,0,0,0,0,0,39,415,Reno,Nevada,https://parat.eto.tech/company/6945-caesars-entertainment
Moody's,2420,United States,https://www.moodys.com/,S&P 500,,North America,Mature,Industrial & Commercial Services,"Moody's Investors Service is a bond credit rating business that provides research, credit rating, and financial risk analysis services.",crunchbase,https://www.crunchbase.com/organization/moodys-investors-service,2024-05-16,10,-25.0,8.6,3,142,1,5,0,0,4,116,0,,0,0,0,0,0,0,0,0,0,0,0,0,0,0,0,0,0,0,0,0,0,0,0,0,0,0,0,0,0,0,0,0,47,410,New York,New York,https://parat.eto.tech/company/2420-moodys
Domino's Pizza,3089,United States,https://www.dominos.com/,S&P 500,,North America,Mature,Cyclical Consumer Services,"Domino's Pizza is a pizza restaurant chain that offers offers delicious pizza, chicken and pasta, appetizers and desserts, and more.",crunchbase,https://www.crunchbase.com/organization/dominos-pizza,2024-05-16,0,,0.0,0,0,0,0,0,0,0,1,2,-100.0,16.7,0,12,0,0,2,0,0,0,0,0,1,0,0,0,0,0,0,0,0,0,1,0,0,1,0,0,0,0,1,0,0,43,406,Ann Arbor,Michigan,https://parat.eto.tech/company/3089-dominos-pizza
Phillips 66,1818,United States,https://www.phillips66.com/,S&P 500,,North America,Mature,Energy - Fossil Fuels,Energy manufacturing and logistics company,crunchbase,https://www.crunchbase.com/organization/phillips-66-2,2024-05-16,0,,0.0,0,0,0,0,0,0,0,104,5,-100.0,2.0,3,255,0,0,1,0,0,0,0,0,1,1,0,0,0,1,4,0,0,0,0,0,0,1,0,0,0,3,1,0,0,57,405,Houston,Texas,https://parat.eto.tech/company/1818-phillips-66
NortonLifeLock,706,United States,https://www.nortonlifelock.com/,,,North America,Unknown,Unknown,"NortonLifeLock Inc. is an American software company headquartered in Tempe, Arizona, United States. The company provides cybersecurity software and services. NortonLifeLock is a Fortune 500 company and a member of the S&P 500 stock-market index. The company also has development centers in Pune, Chennai and Bangalore.",wikipedia,https://en.wikipedia.org/wiki/NortonLifeLock,2021-03-15,36,-66.66666666666667,22.6,5,1535,1,2,0,6,0,159,107,-19.742063492063494,15.6,92,684,0,4,7,0,0,0,0,0,0,1,0,0,0,76,0,59,0,60,0,4,2,0,2,6,1,0,2,0,2,18,405,Tempe,Arizona,https://parat.eto.tech/company/706-nortonlifelock
Paccar,2448,United States,http://www.paccar.com/,S&P 500,,North America,Mature,Industrial Goods,"PACCAR Financial Pty. Ltd., a specialist finance company, engages in financing trucks and trailers.",crunchbase,https://www.crunchbase.com/organization/paccar,2024-05-16,3,-100.0,9.4,0,3,0,1,1,0,1,32,5,,0.7,3,702,0,1,2,0,0,0,1,0,1,0,0,0,0,0,0,0,0,1,5,0,0,1,0,0,0,2,2,0,0,53,400,Bellevue,Washington,https://parat.eto.tech/company/2448-paccar
Cincinnati Financial,2258,United States,https://www.cinfin.com/,S&P 500,,North America,Mature,Insurance,"Cincinnati Financial Corporation offers property and casualty insurance, its main business, through The Cincinnati Insurance Company.",crunchbase,https://www.crunchbase.com/organization/cincinnati-financial,2024-05-16,0,,0.0,0,0,0,0,0,0,0,9,0,,0,0,0,0,0,0,0,0,0,0,0,0,0,0,0,0,0,0,0,0,0,0,0,0,0,0,0,0,0,0,0,0,29,400,Fairfield,Ohio,https://parat.eto.tech/company/2258-cincinnati-financial
D. E. Shaw Group,720,United States,https://www.deshaw.com/,,,North America,Mature,Unknown,The D. E. Shaw group is a global investment and technology development firm.,crunchbase,https://www.crunchbase.com/organization/d-e-shaw-co,2024-05-16,0,,0,0,0,0,0,0,0,0,0,0,,0,0,0,0,0,0,0,0,0,0,0,0,0,0,0,0,0,0,0,0,0,0,0,0,0,0,0,0,0,0,0,0,46,398,New York,New York,https://parat.eto.tech/company/720-d-e-shaw-group
Datarobot,63,United States,http://datarobot.com,,,North America,Mature,Unknown,DataRobot provides AI technology and ROI enablement services to global enterprises.,crunchbase,https://www.crunchbase.com/organization/datarobot,2024-05-16,13,50.0,37.1,0,164,3,0,0,0,0,35,43,100.0,76.8,15,56,0,1,2,0,0,0,0,0,0,2,0,0,0,27,0,0,0,4,0,1,3,1,1,9,0,0,2,0,1,157,397,Boston,Massachusetts,https://parat.eto.tech/company/63-datarobot
Tyson Foods,2018,United States,https://www.tysonfoods.com/,S&P 500,,North America,Mature,Food & Beverages,"Tyson Foods is a modern, multi-national, protein-focused food company.",crunchbase,https:// https://www.crunchbase.com/organization/tyson-food,2024-05-16,1,,1.3,0,1,1,0,0,0,0,79,1,,4.0,1,25,0,0,1,0,0,0,0,0,0,0,0,0,0,0,0,0,0,0,0,0,0,0,0,0,0,0,0,0,0,55,397,Springdale,Arkansas,https://parat.eto.tech/company/2018-tyson-foods
Genuine Parts,2338,United States,https://www.genpt.com/,S&P 500,,North America,Mature,Automobiles & Auto Parts,Genuine Parts Company is a service organization engaged in the distribution of automotive replacement parts & industrial replacement parts,crunchbase,https://www.crunchbase.com/organization/genuine-parts-company,2024-05-16,2,,100.0,0,3,0,0,0,0,0,2,0,,0,0,0,0,0,0,0,0,0,0,0,0,0,0,0,0,0,0,0,0,0,0,0,0,0,0,0,0,0,0,0,0,20,391,Atlanta,Georgia,https://parat.eto.tech/company/2338-genuine-parts
American Tower,2210,United States,http://www.americantower.com/,S&P 500,,North America,Mature,Real Estate,American Tower offers its users with a variety of wireless infrastructure solutions around the world.,crunchbase,https://www.crunchbase.com/organization/american-tower,2024-05-16,3,-100.0,17.6,0,22,0,0,0,0,0,17,0,,0,0,0,0,0,0,0,0,0,0,0,0,0,0,0,0,0,0,0,0,0,0,0,0,0,0,0,0,0,0,0,0,29,390,Boston,Massachusetts,https://parat.eto.tech/company/2210-american-tower
Kraft Heinz,2161,United States,https://www.kraftheinzcompany.com/,S&P 500,,North America,Mature,Food & Beverages,"Kraft Heinz is a multinational food and beverage company offering a diverse range of condiments, sauces, snacks, cheese, and frozen foods.",crunchbase,https:// https://www.crunchbase.com/organization/the-kraft-heinz-company,2024-05-16,3,,3.3,0,7,0,0,1,0,0,92,4,-100.0,2.6,2,151,0,0,3,0,0,0,0,0,0,2,0,0,0,2,0,0,0,0,0,0,0,0,0,2,0,0,2,0,0,136,383,Chicago,Illinois,https://parat.eto.tech/company/2161-kraft-heinz
Linde,2397,Ireland,https://www.linde.com/,S&P 500,,Europe,Mature,Chemicals,"Linde is an engineering company that supplies industrial, process, and specialty gases.",crunchbase,https://www.crunchbase.com/organization/the-linde-group,2024-05-16,11,-83.33333333333334,2.6,0,43,0,0,0,0,0,424,3,0.0,0.1,1,2090,0,0,0,0,0,0,1,0,0,0,0,0,0,0,1,0,0,0,0,0,0,2,0,0,0,0,0,0,0,54,382,Dublin,Dublin,https://parat.eto.tech/company/2397-linde
Waste Management,2535,United States,https://www.wm.com/,S&P 500,,North America,Mature,Industrial & Commercial Services,Waste Management is a provider of integrated waste and environmental services.,crunchbase,https://www.crunchbase.com/organization/waste-management,2024-05-16,0,,0,0,0,0,0,0,0,0,0,5,-100.0,13.2,3,38,0,0,2,0,0,0,0,0,2,0,0,0,0,1,1,1,0,0,1,0,1,1,0,0,0,0,2,0,0,64,380,Houston,Texas,https://parat.eto.tech/company/2535-waste-management
TechnipFMC,2506,United Kingdom,https://www.technipfmc.com/,,,Europe,Mature,Energy - Fossil Fuels,"TechnipFMC engages in project management, engineering, and construction for the energy industry.",crunchbase,https://www.crunchbase.com/organization/technip-paris,2024-05-16,22,-50.0,3.0,0,208,3,1,6,0,0,727,5,-100.0,0.7,3,725,0,0,0,0,0,0,3,0,0,2,0,0,0,2,0,1,0,1,2,0,0,0,0,0,0,0,0,0,0,32,378,Newcastle Upon Tyne,Tyne And Wear,https://parat.eto.tech/company/2506-technipfmc
Viatris,3094,United States,https://www.viatris.com/,S&P 500,,North America,Mature,Unknown,"Viatris is a global pharmaceutical company formed in 2020 through the combination of Mylan and Upjohn, a legacy division of Pfizer.",crunchbase,https:// https://www.crunchbase.com/organization/viatris-a464,2024-05-16,2,-50.0,1.0,0,140,0,0,0,0,0,208,0,,0,0,0,0,0,0,0,0,0,0,0,0,0,0,0,0,0,0,0,0,0,0,0,0,0,0,0,0,0,0,0,0,62,370,Canonsburg,Pennsylvania,https://parat.eto.tech/company/3094-viatris
Invesco,2372,United States,http://www.invesco.com/,S&P 500,,North America,Mature,Banking & Investment Services,Invesco is an independent investment management firm delivering an investment experience designed to help people get more out of life.,crunchbase,https://www.crunchbase.com/organization/invesco-perpetual,2024-05-16,0,,0,0,0,0,0,0,0,0,0,0,,0,0,0,0,0,0,0,0,0,0,0,0,0,0,0,0,0,0,0,0,0,0,0,0,0,0,0,0,0,0,0,0,60,370,Atlanta,Georgia,https://parat.eto.tech/company/2372-invesco
Ralph Lauren Corporation,2471,United States,http://investor.ralphlauren.com/,S&P 500,,North America,Mature,Cyclical Consumer Products,"Ralph Lauren designs, markets, and distributes apparel, home furnishings, and accessories.",crunchbase,https://www.crunchbase.com/organization/ralph-lauren-inc,2024-05-16,0,,0.0,0,0,0,0,0,0,0,3,0,,0,0,0,0,0,0,0,0,0,0,0,0,0,0,0,0,0,0,0,0,0,0,0,0,0,0,0,0,0,0,0,0,64,367,New York,New York,https://parat.eto.tech/company/2471-ralph-lauren-corporation
Kenvue,6968,United States,https://www.kenvue.com/,S&P 500,,North America,Mature,Unknown,"Kenvue Inc. is an American consumer health company. Formerly the Consumer Healthcare division of Johnson & Johnson, Kenvue is the proprietor of well-known brands such as Aveeno, Band-Aid, Benadryl, Zyrtec, Johnson's, Listerine, Mylanta, Neutrogena, Trosyd, Tylenol, and Visine.",wikipedia,https://en.wikipedia.org/wiki/Kenvue,2024-06-04,0,,0.0,0,0,0,0,0,0,0,32,15,-100.0,2.6,2,577,0,0,1,0,0,0,0,0,0,15,0,0,0,4,0,0,0,0,0,4,5,0,0,0,0,2,0,0,0,98,364,Skillman,New Jersey,https://parat.eto.tech/company/6968-kenvue
Verizon Media,746,United States,https://www.verizonmedia.com/,,,North America,Mature,Telecommunications Services,"Verizon Media offers services in content, advertising, and technology with its brands such as Yahoo, TechCrunch, and more.",crunchbase,https://www.crunchbase.com/organization/verizon-media,2024-05-16,25,-66.20370370370371,29.4,6,424,3,3,0,0,0,85,0,,0,0,0,0,0,0,0,0,0,0,0,0,0,0,0,0,0,0,0,0,0,0,0,0,0,0,0,0,0,0,0,0,40,363,Sunnyvale,California,https://parat.eto.tech/company/746-verizon-media
Newell Brands,2428,United States,https://www.newellbrands.com/,,,North America,Mature,Cyclical Consumer Products,"Newell Brands is a consumer goods company that offers commercial, learning, and recreation products.",crunchbase,https://www.crunchbase.com/organization/newell-rubbermaid,2024-05-16,0,,0.0,0,0,0,0,0,0,0,21,0,,0.0,0,664,0,0,0,0,0,0,0,0,0,0,0,0,0,0,0,0,0,0,0,0,0,0,0,0,0,0,0,0,0,64,356,Atlanta,Georgia,https://parat.eto.tech/company/2428-newell-brands
D. R. Horton,2278,United States,https://www.drhorton.com/,S&P 500,,North America,Mature,Cyclical Consumer Products,D.R. Horton is a homebuilder that provides new homes to customers.,crunchbase,https://www.crunchbase.com/organization/d-r-horton,2024-05-16,0,,0,0,0,0,0,0,0,0,0,0,,0,0,0,0,0,0,0,0,0,0,0,0,0,0,0,0,0,0,0,0,0,0,0,0,0,0,0,0,0,0,0,0,10,349,Arlington,Texas,https://parat.eto.tech/company/2278-d-r-horton
Charles River Laboratories,6948,United States,https://www.criver.com/,S&P 500,,North America,Mature,Unknown,"Charles River Laboratories International, Inc., is an American pharmaceutical company specializing in a variety of preclinical and clinical laboratory, gene therapy and cell therapy services for the pharmaceutical, medical device and biotechnology industries. It also supplies assorted biomedical products, outsourcing services, and animals for research and development in the pharmaceutical industry (for example, contract research organization services) and offers support in the fields of basic research, drug discovery, safety and efficacy, clinical support, and manufacturing.",wikipedia,https://en.wikipedia.org/wiki/Charles_River_Laboratories,2024-06-04,28,20.0,1.3,1,291,19,0,1,0,0,2110,2,,2.8,0,72,0,0,0,0,0,0,0,0,0,1,0,0,0,1,0,0,0,1,0,0,0,0,0,0,0,0,0,0,0,86,343,Wilmington,Massachusetts,https://parat.eto.tech/company/6948-charles-river-laboratories
Firstenergy,2320,United States,https://www.firstenergycorp.com/,S&P 500,,North America,Mature,Utilities,"FirstEnergy (NYSE: FE) is a diversified energy company dedicated to safety, reliability and operational excellence.",crunchbase,https://www.crunchbase.com/organization/firstenergy-corp,2024-05-16,0,,0,0,0,0,0,0,0,0,0,0,,0,0,0,0,0,0,0,0,0,0,0,0,0,0,0,0,0,0,0,0,0,0,0,0,0,0,0,0,0,0,0,0,36,340,Akron,Ohio,https://parat.eto.tech/company/2320-firstenergy
Bio-Rad Laboratories,3086,United States,https://www.bio-rad.com/,S&P 500,,North America,Mature,Healthcare Services & Equipment,Bio-Rad Laboratories has played a leading role in the advancement of scientific discovery for over 50 years by providing a broad range of,crunchbase,https:// https://www.crunchbase.com/organization/bio-rad-laboratories,2024-05-16,1,,0.3,0,1,0,0,0,0,0,342,5,-100.0,1.7,2,289,0,0,0,0,0,0,0,0,0,4,0,0,0,0,0,0,0,0,0,0,3,0,0,0,0,5,0,0,0,32,340,Hercules,California,https://parat.eto.tech/company/3086-bio-rad-laboratories
Skyworks Solutions,2490,United States,https://www.skyworksinc.com/,S&P 500,,North America,Mature,Technology Equipment,Skyworks Solutions is an innovator of high performance analog semiconductors.,crunchbase,https://www.crunchbase.com/organization/skyworks-solutions,2024-05-16,12,200.0,4.4,0,156,3,1,2,0,1,273,8,-100.0,0.5,1,1626,0,0,0,0,0,0,0,0,0,1,0,0,0,3,0,0,0,4,0,3,1,1,0,0,0,0,0,0,3,23,340,Irvine,California,https://parat.eto.tech/company/2490-skyworks-solutions
CBOE Global Markets,2248,United States,http://www.cboe.com/,S&P 500,,North America,Mature,Banking & Investment Services,Cboe Global Markets is an operator of stock and options markets in the U.S. and Europe.,crunchbase,https://www.crunchbase.com/organization/bats-global-markets,2024-05-16,0,,0,0,0,0,0,0,0,0,0,0,,0,0,0,0,0,0,0,0,0,0,0,0,0,0,0,0,0,0,0,0,0,0,0,0,0,0,0,0,0,0,0,0,27,339,Chicago,Illinois,https://parat.eto.tech/company/2248-cboe-global-markets
Fleetcor Technologies,2323,United States,http://www.fleetcor.com/,,,North America,Mature,Industrial & Commercial Services,"Fleetcor Technologies provides specialized payment products and services to commercial fleets, oil companies, and petroleum marketers.",crunchbase,https://www.crunchbase.com/organization/fleetcor-technologies,2024-05-16,0,,0.0,0,0,0,0,0,0,0,1,0,,0,0,0,0,0,0,0,0,0,0,0,0,0,0,0,0,0,0,0,0,0,0,0,0,0,0,0,0,0,0,0,0,25,339,Norcross,Georgia,https://parat.eto.tech/company/2323-fleetcor-technologies
Ping An,202,China,http://www.pingan.com/,,,Asia,Mature,Insurance,"Ping An Insurance Company is a holding company deals with insurance, banking, and financial service.",crunchbase,https://www.crunchbase.com/organization/ping-an,2024-05-16,24,-50.0,75.0,1,403,2,2,0,0,2,32,2620,258.26205737853894,49.7,1132,5271,45,584,547,14,0,16,4,13,62,138,0,0,12,1477,3,87,0,166,91,25,256,13,0,40,21,17,328,0,186,66,336,Shenzhen,Guangdong,https://parat.eto.tech/company/202-ping-an
Eastman Chemical,2298,United States,http://www.eastman.com/,S&P 500,,North America,Mature,Chemicals,Eastman is a global specialty chemicals company that produces a range of advanced materials and chemicals.,crunchbase,https://www.crunchbase.com/organization/eastman-chemical-company,2024-05-16,0,,0.0,0,0,0,0,0,0,0,262,1,,0.1,0,959,0,0,0,0,0,0,1,0,1,1,0,0,0,0,0,0,0,0,0,0,0,0,0,0,0,0,0,0,0,55,329,Kingsport,Tennessee,https://parat.eto.tech/company/2298-eastman-chemical
Zoetis,2554,United States,https://www.zoetis.com/,S&P 500,,North America,Mature,Pharmaceuticals & Medical Research,Zoetis provides healthcare services for animal.,crunchbase,https://www.crunchbase.com/organization/zoetis,2024-05-16,8,50.0,0.8,0,37,1,2,1,0,0,1003,2,,0.9,0,228,0,0,0,0,0,0,0,0,0,2,0,0,0,0,0,0,0,0,0,0,0,0,0,0,0,0,0,0,0,72,328,Parsippany,New Jersey,https://parat.eto.tech/company/2554-zoetis
News Corporation,2430,United States,http://www.newscorp.com/,S&P 500,,North America,Mature,Cyclical Consumer Services,"The current incarnation of News Corporation, stylized as News Corp, is an American mass media and publishing company operating across digital real estate information, news media, book publishing, and cable television. It was formed in 2013 as a spin-off of the original News Corporation (as founded by Rupert Murdoch in 1980). The company is headquartered in New York City and incorporated in Delaware.",wikipedia,https://en.wikipedia.org/wiki/News_Corp,2021-03-17,0,,0.0,0,0,0,0,0,0,0,20,0,,0,0,0,0,0,0,0,0,0,0,0,0,0,0,0,0,0,0,0,0,0,0,0,0,0,0,0,0,0,0,0,0,39,326,New York,New York,https://parat.eto.tech/company/2430-news-corporation
BYD,6915,China,https://byd.com,,,Asia,Unknown,Unknown,"BYD Auto Co., Ltd. is the automotive subsidiary of BYD Company, a publicly listed Chinese multinational manufacturing company. It manufactures passenger battery electric vehicles (BEVs) and plug-in hybrid electric vehicles (PHEVs), collectively known as new energy vehicles (NEVs) in China. It also produces electric buses and trucks.",wikipedia,https://en.wikipedia.org/wiki/BYD_Auto,2024-05-20,74,400.0,15.3,0,740,25,1,18,1,5,483,141,28.333333333333332,0.5,30,26748,0,2,13,2,0,0,5,1,1,3,0,0,0,35,0,4,0,8,39,5,33,3,0,0,0,13,12,0,5,37,326,shenzhen,guangdong,https://parat.eto.tech/company/6915-byd
Dentsply Sirona,2282,United States,https://www.dentsplysirona.com/,,,North America,Mature,Healthcare Services & Equipment,Dentsply Sirona is a manufacturer of dental products and technologies.,crunchbase,https://www.crunchbase.com/organization/dentsply-international,2024-05-16,2,,1.8,0,18,2,0,0,0,0,114,37,134.34343434343435,6.4,22,581,0,0,0,0,0,0,0,0,9,29,0,0,0,11,0,0,0,1,0,9,25,6,0,0,0,0,0,0,0,21,326,Charlotte,North Carolina,https://parat.eto.tech/company/2282-dentsply-sirona
Republic Services,2476,United States,http://www.republicservices.com/,S&P 500,,North America,Mature,Industrial & Commercial Services,"Republic Services provides comprehensive environmental services to support business, home and community.",crunchbase,https://www.crunchbase.com/organization/republic-services,2024-05-16,0,,0.0,0,0,0,0,0,0,0,3,0,,0,0,0,0,0,0,0,0,0,0,0,0,0,0,0,0,0,0,0,0,0,0,0,0,0,0,0,0,0,0,0,0,33,320,Phoenix,Arizona,https://parat.eto.tech/company/2476-republic-services
Revvity,2455,United States,http://www.perkinelmer.com/,S&P 500,,North America,Mature,Unknown,PerkinElmer focused on improving the health and safety of people and the environment.,crunchbase,https://www.crunchbase.com/organization/perkinelmer,2024-05-16,15,5.5555555555555545,1.9,0,328,7,0,2,0,0,800,11,137.5,2.6,9,423,0,0,0,0,0,0,0,0,0,3,0,0,0,6,0,0,0,1,0,1,9,0,0,0,0,10,0,0,0,37,314,Waltham,Massachusetts,https://parat.eto.tech/company/2455-revvity
Ulta Beauty,2516,United States,http://www.ulta.com/,S&P 500,,North America,Mature,Retailers,"Ulta Beauty is a beauty retailer in the United States and the premier beauty destination for cosmetics, fragrance.",crunchbase,https://www.crunchbase.com/organization/ulta-beauty,2024-05-16,0,,0,0,0,0,0,0,0,0,0,0,,0,0,0,0,0,0,0,0,0,0,0,0,0,0,0,0,0,0,0,0,0,0,0,0,0,0,0,0,0,0,0,0,41,310,Bolingbrook,Illinois,https://parat.eto.tech/company/2516-ulta-beauty
Blackstone,6942,United States,https://www.blackstone.com/,S&P 500,,North America,Mature,Unknown,"Blackstone Inc. (informally referred to as just ""Blackstone"") is an American alternative investment management company based in New York City. Blackstone's private equity business has been one of the largest investors in leveraged buyouts in the last three decades, while its real estate business has actively acquired commercial real estate. Blackstone is also active in credit, infrastructure, hedge funds, insurance, secondaries, and growth equity. As of May 2024, Blackstone has more than US$1 trillion in total assets under management making it the largest alternative investment firm globally.",wikipedia,https://en.wikipedia.org/wiki/Blackstone_Inc.,2024-06-04,1,,8.3,0,0,0,0,0,0,0,12,0,,0,0,0,0,0,0,0,0,0,0,0,0,0,0,0,0,0,0,0,0,0,0,0,0,0,0,0,0,0,0,0,0,88,308,New York City,New York,https://parat.eto.tech/company/6942-blackstone
LyondellBasell,2401,Netherlands,https://www.lyondellbasell.com/,S&P 500,,Europe,Mature,Chemicals,"LyondellBasell (NYSE: LYB) is one of the world’s largest plastics, chemicals and refining companies and a member of the S&P 500 Index.",crunchbase,https://www.crunchbase.com/organization/lyondellbasell-industries,2024-05-16,0,,0.0,0,0,0,0,0,0,0,98,0,,0.0,0,607,0,0,0,0,0,0,0,0,0,0,0,0,0,0,0,0,0,0,0,0,0,0,0,0,0,0,0,0,0,34,304,Rotterdam,Zuid-Holland,https://parat.eto.tech/company/2401-lyondellbasell
PSEG,2464,United States,https://pseg.com,S&P 500,,North America,Mature,Utilities,PSEG is a diversified energy company.,crunchbase,https://www.crunchbase.com/organization/public-service-enterprise-group,2024-05-16,3,-100.0,18.8,0,25,0,0,0,0,0,16,0,,0,0,0,0,0,0,0,0,0,0,0,0,0,0,0,0,0,0,0,0,0,0,0,0,0,0,0,0,0,0,0,0,32,303,Newark,New Jersey,https://parat.eto.tech/company/2464-pseg
Interpublic Group Of Companies,2370,United States,http://www.interpublic.com/,S&P 500,,North America,Mature,Cyclical Consumer Services,"Interpublic Group provides advertising, digital marketing, communications planning, media buying, PR and specialty marketing services.",crunchbase,https://www.crunchbase.com/organization/interpublic-group,2024-05-16,0,,0.0,0,0,0,0,0,0,0,12,0,,0,0,0,0,0,0,0,0,0,0,0,0,0,0,0,0,0,0,0,0,0,0,0,0,0,0,0,0,0,0,0,0,38,300,New York,New York,https://parat.eto.tech/company/2370-interpublic-group-of-companies
Volkswagen,1037,Germany,https://www.volkswagenag.com/,,,Europe,Mature,Automobiles & Auto Parts,Volkswagen Group is an automotive company that manufactures variety of vehicles.,crunchbase,https://www.crunchbase.com/organization/volkswagen-group,2024-05-16,362,2.962962962962962,16.2,24,7743,82,13,106,39,14,2233,47,9.090909090909092,16.0,32,293,0,4,1,0,0,1,3,0,0,0,0,0,0,21,0,2,0,4,30,4,11,30,0,0,0,13,1,0,1,16,300,Wolfsburg,Niedersachsen,https://parat.eto.tech/company/1037-volkswagen
CSX,2276,United States,https://www.csx.com/,S&P 500,,North America,Mature,Transportation,CSX is a transportation company focused on rail transportation and real estate and among other industries.,crunchbase,https://www.crunchbase.com/organization/csx-corporation,2024-05-16,0,,0,0,0,0,0,0,0,0,0,0,,0,0,0,0,0,0,0,0,0,0,0,0,0,0,0,0,0,0,0,0,0,0,0,0,0,0,0,0,0,0,0,0,20,294,Jacksonville,Florida,https://parat.eto.tech/company/2276-csx
Steris,2498,United States,https://www.steris.com/,S&P 500,,North America,Mature,Healthcare Services & Equipment,STERIS Corporation offers customized infection prevention and contamination control solutions for a variety of environments.,crunchbase,https://www.crunchbase.com/organization/steris-corporation,2024-05-16,2,,2.5,0,34,1,0,1,0,0,79,1,-100.0,0.3,0,308,0,0,0,0,0,0,0,0,0,1,0,0,0,0,0,0,0,0,0,0,1,0,0,0,0,0,0,0,0,12,294,Mentor,Ohio,https://parat.eto.tech/company/2498-steris
Moderna Therapeutics,1752,United States,http://www.modernatx.com,S&P 500,,North America,Mature,Pharmaceuticals & Medical Research,"Moderna, Inc. is a pharmaceutical and biotechnology company based in Cambridge, Massachusetts, that focuses on RNA therapeutics, primarily mRNA vaccines. These vaccines use a copy of a molecule called messenger RNA (mRNA) to carry instructions for proteins to produce an immune response. The company's name is derived from the terms ""modified"", ""RNA"", and ""modern"".",wikipedia,https://en.wikipedia.org/wiki/Moderna,2023-11-05,7,,0.8,0,85,0,0,0,0,0,832,1,,0.3,0,371,0,0,0,0,0,0,0,0,0,1,0,0,0,1,0,0,0,0,0,0,0,0,0,0,0,0,0,0,0,74,292,Cambridge,Massachusetts,https://parat.eto.tech/company/1752-moderna-therapeutics
Activision Blizzard,2192,United States,https://www.activisionblizzard.com/,,,North America,Mature,Software & IT Services,Activision Blizzard creates interactive gaming and entertainment experiences.,crunchbase,https://www.crunchbase.com/organization/activision,2024-05-16,12,0.0,18.8,0,106,7,0,1,2,1,64,0,,0,0,0,0,0,0,0,0,0,0,0,0,0,0,0,0,0,0,0,0,0,0,0,0,0,0,0,0,0,0,0,0,47,291,Santa Monica,California,https://parat.eto.tech/company/2192-activision-blizzard
Tractor Supply Company,2511,United States,https://www.tractorsupply.com/,S&P 500,,North America,Mature,Retailers,"Tractor Supply Company helps customers find everything they need to maintain their farms, ranches, homes and animals.",crunchbase,https://www.crunchbase.com/organization/tractor-supply-company,2024-05-16,0,,0,0,0,0,0,0,0,0,0,0,,0,0,0,0,0,0,0,0,0,0,0,0,0,0,0,0,0,0,0,0,0,0,0,0,0,0,0,0,0,0,0,0,27,291,Brentwood,Tennessee,https://parat.eto.tech/company/2511-tractor-supply-company
Xiaohongshu (Little Red Book),279,China,https://www.xiaohongshu.com/,,,Asia,Mature,Software & IT Services,Xiaohongshu is a social e-commerce platform for users to share product reviews and shopping experiences.,crunchbase,https://www.crunchbase.com/organization/xiaohongshu,2024-05-16,64,176.66666666666666,67.4,29,1375,27,19,2,1,25,95,86,176.19047619047618,16.9,8,510,0,0,6,0,0,1,0,1,2,0,0,0,1,51,0,1,0,7,4,2,17,0,0,2,0,1,1,0,3,73,288,Shanghai,Shanghai,https://parat.eto.tech/company/279-xiaohongshu-little-red-book
Eversource Energy,2311,United States,https://www.eversource.com/,S&P 500,,North America,Mature,Utilities,Eversource transmits and delivers electricity and natural gas for more than 3.6 million electric and natural gas customers.,crunchbase,https://www.crunchbase.com/organization/northeast-utilities,2024-05-16,0,,0.0,0,0,0,0,0,0,0,1,0,,0,0,0,0,0,0,0,0,0,0,0,0,0,0,0,0,0,0,0,0,0,0,0,0,0,0,0,0,0,0,0,0,42,288,Boston,Massachusetts,https://parat.eto.tech/company/2311-eversource-energy
Duolingo,424,United States,https://www.duolingo.com,,,North America,Mature,Software & IT Services,Duolingo is a language-learning education platform that offers 98 total courses across nearly 40 distinct languages.,crunchbase,https://www.crunchbase.com/organization/duolingo,2024-05-16,34,66.66666666666667,36.6,4,2162,1,23,0,0,6,93,1,,25.0,0,4,0,0,0,0,0,1,0,0,0,0,0,0,0,1,0,0,0,0,0,0,0,0,0,0,0,0,0,0,0,27,284,Pittsburgh,Pennsylvania,https://parat.eto.tech/company/424-duolingo
EOG Resources,2304,United States,http://www.eogresources.com/,S&P 500,,North America,Mature,Energy - Fossil Fuels,"EOG Resources, Inc. is a independent oil and gas companies in the United States.",crunchbase,https://www.crunchbase.com/organization/eog-resources,2024-05-16,0,,0.0,0,0,0,0,0,0,0,49,1,-100.0,5.3,0,19,0,0,0,0,0,0,0,0,0,0,0,0,0,0,1,0,0,0,0,0,0,0,0,0,0,0,0,0,0,55,283,Houston,Texas,https://parat.eto.tech/company/2304-eog-resources
Schlumberger,676,United States,http://www.slb.com,S&P 500,,North America,Mature,Energy - Fossil Fuels,SLB is a technology company that offers energy technology services.,crunchbase,https://www.crunchbase.com/organization/schlumberger,2024-05-16,226,-16.923336710570755,2.9,1,3058,41,10,18,1,3,7826,455,34.93027440395861,11.3,105,4035,44,0,58,2,0,4,14,0,6,4,0,0,1,152,278,5,0,14,1,50,57,44,0,17,0,238,56,0,0,44,283,Houston,Texas,https://parat.eto.tech/company/676-schlumberger
Under Armour,2518,United States,https://www.underarmour.com/,,,North America,Mature,Cyclical Consumer Products,"Under Armour is a manufacturer of footwear, sport, and casual apparel.",crunchbase,https://www.crunchbase.com/organization/under-armour,2024-05-16,5,-100.0,16.7,0,44,0,2,0,0,0,30,8,0.0,2.2,7,356,0,0,0,0,0,1,0,2,1,6,0,0,0,6,0,0,0,0,0,1,2,0,0,1,1,1,0,0,0,34,282,Baltimore,Maryland,https://parat.eto.tech/company/2518-under-armour
Allegion,2202,Ireland,https://www.allegion.com/,S&P 500,,Europe,Mature,Technology Equipment,Allegion plc is a global provider of security products and solutions.,crunchbase,https://www.crunchbase.com/organization/allegion,2024-05-16,0,,0.0,0,0,0,0,0,0,0,1,4,0.0,1.3,2,305,0,1,1,0,0,1,0,0,0,0,0,0,0,2,0,1,0,3,0,1,2,0,0,1,0,1,0,0,0,14,282,Dublin,Dublin,https://parat.eto.tech/company/2202-allegion
Westrock,2541,United States,https://www.westrock.com/,S&P 500,,North America,Mature,Applied Resources,WestRock is a corrugated packaging company that provides sustainable paper and packaging solutions to drive business growth.,crunchbase,https://www.crunchbase.com/organization/westrock,2024-05-16,0,,0.0,0,0,0,0,0,0,0,39,0,,0.0,0,596,0,0,0,0,0,0,0,0,0,0,0,0,0,0,0,0,0,0,0,0,0,0,0,0,0,0,0,0,0,40,275,Atlanta,Georgia,https://parat.eto.tech/company/2541-westrock
Norwegian Cruise Line Holdings,2439,United States,http://www.nclhltd.com/,S&P 500,,North America,Mature,Cyclical Consumer Services,Norweigian Cruise Line is a travel company that takes customers to exotic destinations using cruise ships.,crunchbase,https://www.crunchbase.com/organization/norwegian-cruise-line,2024-05-16,0,,0.0,0,0,0,0,0,0,0,2,0,,0,0,0,0,0,0,0,0,0,0,0,0,0,0,0,0,0,0,0,0,0,0,0,0,0,0,0,0,0,0,0,0,19,275,Miami,Florida,https://parat.eto.tech/company/2439-norwegian-cruise-line-holdings
Nextera Energy,2432,United States,http://www.nexteraenergy.com/,S&P 500,,North America,Mature,Utilities,NextEra Energy is a publicly-traded renewable energy company that generates wind and solar power.,crunchbase,https://www.crunchbase.com/organization/nextera-enterprises-inc,2024-05-16,1,-100.0,2.6,0,24,0,0,0,0,0,39,0,,0,0,0,0,0,0,0,0,0,0,0,0,0,0,0,0,0,0,0,0,0,0,0,0,0,0,0,0,0,0,0,0,39,270,Juno Beach,Florida,https://parat.eto.tech/company/2432-nextera-energy
Dollar General,2178,United States,https://www.dollargeneral.com/,S&P 500,,North America,Mature,Retailers,Dollar General is a small-box discount retailer that makes shopping for everyday needs simpler and hassle-free.,crunchbase,https:// https://www.crunchbase.com/organization/dollar-general-corporation,2024-05-16,0,,0,0,0,0,0,0,0,0,0,0,,0,0,0,0,0,0,0,0,0,0,0,0,0,0,0,0,0,0,0,0,0,0,0,0,0,0,0,0,0,0,0,0,32,269,Goodlettsville,Tennessee,https://parat.eto.tech/company/2178-dollar-general
Bunge,1969,United States,https://www.bunge.com/,S&P 500,,North America,Mature,Food & Beverages,"Bunge Global SA is a global agribusiness and food company, incorporated in Switzerland and headquartered in St. Louis, Missouri, United States.",wikipedia,https://en.wikipedia.org/wiki/Bunge_Global,2023-11-05,3,,1.2,1,4,2,0,0,0,0,257,0,,0.0,0,63,0,0,0,0,0,0,0,0,0,0,0,0,0,0,0,0,0,0,0,0,0,0,0,0,0,0,0,0,0,52,267,Chesterfield,Missouri,https://parat.eto.tech/company/1969-bunge
First Republic Bank,2321,United States,https://www.firstrepublic.com/,,,North America,Mature,Banking & Investment Services,"First Republic offers banking for individuals and businesses, wealth management and more with a focus on tailored services and solutions.",crunchbase,https://www.crunchbase.com/organization/first-republic-bank,2024-05-16,0,,0.0,0,0,0,0,0,0,0,3,0,,0,0,0,0,0,0,0,0,0,0,0,0,0,0,0,0,0,0,0,0,0,0,0,0,0,0,0,0,0,0,0,0,52,266,San Francisco,California,https://parat.eto.tech/company/2321-first-republic-bank
Live Nation Entertainment,2398,United States,https://www.livenationentertainment.com/,S&P 500,,North America,Mature,Cyclical Consumer Services,"Live Nation Entertainment is a producer, promoter, and seller of live concert tickets for artists and fans.",crunchbase,https://www.crunchbase.com/organization/live-nation-entertainment,2024-05-16,0,,0.0,0,0,0,0,0,0,0,1,11,41.666666666666664,27.5,6,40,0,1,3,0,0,0,0,0,0,0,0,0,0,8,0,5,0,8,0,2,1,0,0,0,0,0,3,0,0,47,265,Beverly Hills,California,https://parat.eto.tech/company/2398-live-nation-entertainment
Appier,26,Taiwan,https://www.appier.com/,,,Asia,Mature,Software & IT Services,Appier is a Taipei-based startup providing an AI powered platform to brands and retailers to help increase customer engagement.,crunchbase,https://www.crunchbase.com/organization/appier,2024-05-16,2,,100.0,2,80,1,0,0,0,0,2,0,,0,0,0,0,0,0,0,0,0,0,0,0,0,0,0,0,0,0,0,0,0,0,0,0,0,0,0,0,0,0,0,0,59,257,Taipei City,Taipei,https://parat.eto.tech/company/26-appier
Kinder Morgan,2386,United States,https://www.kindermorgan.com/,S&P 500,,North America,Mature,Unknown,Kinder Morgan is the largest energy infrastructure company in North America.,crunchbase,https://www.crunchbase.com/organization/kinder-morgan,2024-05-16,0,,0,0,0,0,0,0,0,0,0,0,,0,0,0,0,0,0,0,0,0,0,0,0,0,0,0,0,0,0,0,0,0,0,0,0,0,0,0,0,0,0,0,0,27,254,Houston,Texas,https://parat.eto.tech/company/2386-kinder-morgan
Empower AI,6928,United States,https://www.empower.ai/,,,North America,Unknown,Unknown,Empower AI uses innovative technologies and their specialized platform to support federal missions and empower agency personnel to solve unique government challenges​.,company,https://www.empower.ai/what-we-do,2024-05-20,1,,4.2,0,9,0,1,0,0,1,24,0,,0,0,0,0,0,0,0,0,0,0,0,0,0,0,0,0,0,0,0,0,0,0,0,0,0,0,0,0,0,0,0,0,17,254,reston,virginia,https://parat.eto.tech/company/6928-empower-ai
Sealed Air,2486,United States,https://sealedair.com/,,,North America,Mature,Applied Resources,"Sealed Air develops products and solutions that focus on food packaging, facility hygiene, and shipping of goods safely.",crunchbase,https://www.crunchbase.com/organization/sealed-air-corporation,2024-05-16,1,,2.6,0,46,0,0,1,0,0,39,3,-100.0,0.8,2,399,0,0,0,0,0,0,0,0,1,0,0,0,0,3,1,0,0,0,0,0,3,0,0,0,0,2,0,0,0,18,252,Charlotte,North Carolina,https://parat.eto.tech/company/2486-sealed-air
Hershey Company,2352,United States,https://www.thehersheycompany.com/,S&P 500,,North America,Mature,Food & Beverages,"The Hershey Company is a global confectionery that provides chocolates, sweets, mints, and other snacks around the world.",crunchbase,https://www.crunchbase.com/organization/the-hershey-company,2024-05-16,0,,0.0,0,0,0,0,0,0,0,32,0,,0.0,0,49,0,0,0,0,0,0,0,0,0,0,0,0,0,0,0,0,0,0,0,0,0,0,0,0,0,0,0,0,0,61,248,Derry Township,Pennsylvania,https://parat.eto.tech/company/2352-hershey-company
Fastenal,2316,United States,https://www.fastenal.com/,S&P 500,,North America,Mature,Industrial Goods,"Fastenal has grown from a single store to more than 2,700 locations, each providing tailored local inventory.",crunchbase,https://www.crunchbase.com/organization/fastenal-company,2024-05-16,0,,0,0,0,0,0,0,0,0,0,0,,0,0,0,0,0,0,0,0,0,0,0,0,0,0,0,0,0,0,0,0,0,0,0,0,0,0,0,0,0,0,0,0,18,245,Winona,Minnesota,https://parat.eto.tech/company/2316-fastenal
Solventum,6979,United States,https://www.solventum.com/en-us/home/,S&P 500,,North America,Mature,Unknown,"Solventum Corporation is an American health care company that was spun off from 3M on April 1, 2024.",wikipedia,https://en.wikipedia.org/wiki/Solventum,2024-06-04,0,,0.0,0,0,0,0,0,0,0,12,33,163.88888888888889,3.2,7,1044,0,1,5,0,0,1,0,0,1,29,0,0,0,7,0,0,0,1,0,8,10,0,0,1,1,1,5,0,4,29,243,Saint Paul,Minnesota,https://parat.eto.tech/company/6979-solventum
Lemonade,150,United States,https://www.lemonade.com/,,,North America,Mature,Insurance,Lemonade is a digital insurance company that uses artificial intelligence and behavioral economics.,crunchbase,https://www.crunchbase.com/organization/lemonade,2024-05-16,0,,0,0,0,0,0,0,0,0,0,0,,0,0,0,0,0,0,0,0,0,0,0,0,0,0,0,0,0,0,0,0,0,0,0,0,0,0,0,0,0,0,0,0,46,240,New York,New York,https://parat.eto.tech/company/150-lemonade
Danaher,2279,United States,https://www.danaher.com/,S&P 500,,North America,Mature,Healthcare Services & Equipment,Danaher is a global science and technology innovator committed to helping their customers solve complex challenges and improve quality.,crunchbase,https://www.crunchbase.com/organization/danaher,2024-05-16,7,-50.0,5.0,2,257,3,0,0,0,0,141,178,64.13514022209675,4.6,56,3899,0,0,2,0,2,0,1,0,6,66,0,0,0,71,10,1,0,20,0,9,85,6,0,2,0,50,2,0,0,31,240,Washington,District of Columbia,https://parat.eto.tech/company/2279-danaher
Newmont Corporation,2429,United States,https://www.newmontgoldcorp.com/,S&P 500,,North America,Mature,Mineral Resources,"Newmont is a gold mining company that deals in mining gold and a producer of copper, silver, zinc, and lead.",crunchbase,https://www.crunchbase.com/organization/newmont-mining-e5a4,2024-05-16,0,,0.0,0,0,0,0,0,0,0,149,0,,0,0,0,0,0,0,0,0,0,0,0,0,0,0,0,0,0,0,0,0,0,0,0,0,0,0,0,0,0,0,0,0,22,239,Denver,Colorado,https://parat.eto.tech/company/2429-newmont-corporation
LVMH Moet Hennessy-Louis Vuitton,3097,France,https://www.lvmh.com/,,,Europe,Mature,Cyclical Consumer Products,"LVMH Moet Hennessy Louis Vuitton engages in the design, manufacture, and sale of luxury products worldwide.",crunchbase,https://www.crunchbase.com/organization/lvmh,2024-05-16,6,16.666666666666668,3.7,1,18,3,0,0,0,0,161,1,,0.1,1,1382,0,0,1,0,0,0,0,0,1,1,0,0,0,0,0,0,0,0,0,0,1,0,0,0,0,0,0,0,0,51,238,Paris,Île-De-France,https://parat.eto.tech/company/3097-lvmh-moet-hennessy-louis-vuitton
Henry Schein,2351,United States,https://www.henryschein.com/,S&P 500,,North America,Mature,Healthcare Services & Equipment,"Henry Schein is a provider of health care products and services to office-based dental, medical and animal health.",crunchbase,https://www.crunchbase.com/organization/henry-schein-inc,2024-05-16,0,,0.0,0,0,0,0,0,0,0,6,0,,0,0,0,0,0,0,0,0,0,0,0,0,0,0,0,0,0,0,0,0,0,0,0,0,0,0,0,0,0,0,0,0,32,238,Melville,New York,https://parat.eto.tech/company/2351-henry-schein
Weyerhaeuser,2542,United States,https://www.weyerhaeuser.com/,S&P 500,,North America,Mature,Real Estate,"Weyerhaeuser is one of the world's largest private owners of timberlands. It owns or controls more than 6 million acres of timberlands,",crunchbase,https://www.crunchbase.com/organization/weyerhaeuser,2024-05-16,1,-100.0,0.5,0,2,1,0,0,0,0,218,0,,0.0,0,12,0,0,0,0,0,0,0,0,0,0,0,0,0,0,0,0,0,0,0,0,0,0,0,0,0,0,0,0,0,22,235,Seattle,Washington,https://parat.eto.tech/company/2542-weyerhaeuser
Huntington Ingalls Industries,2361,United States,http://huntingtoningalls.com/,S&P 500,,North America,Mature,Industrial Goods,"Huntington Ingalls Industries, Inc. (HII) owns and operates two segments: Ingalls Shipbuilding and Newport News Shipbuilding.",crunchbase,https://www.crunchbase.com/organization/huntington-ingalls-industries,2024-05-16,5,-100.0,7.0,0,2,2,0,2,0,0,71,0,,0,0,0,0,0,0,0,0,0,0,0,0,0,0,0,0,0,0,0,0,0,0,0,0,0,0,0,0,0,0,0,0,13,235,Newport News,Virginia,https://parat.eto.tech/company/2361-huntington-ingalls-industries
Amcor,2207,Sweden,https://www.amcor.com/,S&P 500,,Europe,Mature,Applied Resources,"Amcor is a provider of packaging solutions in Australia, Western Europe, North America.",crunchbase,https://www.crunchbase.com/organization/amcor-ltd,2024-05-16,0,,0.0,0,0,0,0,0,0,0,23,0,,0.0,0,335,0,0,0,0,0,0,0,0,0,0,0,0,0,0,0,0,0,0,0,0,0,0,0,0,0,0,0,0,0,14,234,Zürich,Zurich,https://parat.eto.tech/company/2207-amcor
Pony.AI,204,China,https://www.pony.ai/,,,Asia,Mature,Software & IT Services,Pony.ai develops autonomous vehicle technology using artificial intelligence.,crunchbase,https://www.crunchbase.com/organization/pony-ai,2024-05-16,30,31.34920634920635,66.7,4,2041,13,2,7,2,5,45,64,138.30065359477126,13.8,44,465,0,5,1,0,0,1,1,0,1,0,0,0,0,15,0,3,0,5,44,4,11,39,0,0,0,15,1,0,0,10,234,Beijing,Beijing ,https://parat.eto.tech/company/204-pony-ai
AES,2194,United States,https://www.aes.com/,S&P 500,,North America,Mature,Utilities,"AES improves lives by providing safe, reliable, and sustainable energy solutions in every market it serves.",crunchbase,https://www.crunchbase.com/organization/aes,2024-05-16,3,-100.0,2.0,0,14,1,0,1,1,0,148,7,,35.0,3,20,0,0,0,0,0,0,7,0,4,0,0,0,0,0,0,0,0,0,0,0,3,3,0,0,0,0,0,0,0,36,233,Arlington,Virginia,https://parat.eto.tech/company/2194-aes
Ross Stores,2482,United States,http://rossstores.com/,S&P 500,,North America,Mature,Retailers,"Ross Stores, Inc. is an off-price apparel and home fashion chain in the United States.",crunchbase,https://www.crunchbase.com/organization/ross-stores-inc,2024-05-16,0,,0,0,0,0,0,0,0,0,0,0,,0,0,0,0,0,0,0,0,0,0,0,0,0,0,0,0,0,0,0,0,0,0,0,0,0,0,0,0,0,0,0,0,24,227,Dublin,California,https://parat.eto.tech/company/2482-ross-stores
Hologic,2356,United States,https://www.hologic.com/,S&P 500,,North America,Mature,Healthcare Services & Equipment,Hologic engages in the development and supply of medical imaging systems and diagnostic products focused on the healthcare needs of women.,crunchbase,https://www.crunchbase.com/organization/hologic,2024-05-16,7,-50.0,2.7,0,71,6,0,0,0,0,259,44,0.0,10.4,17,423,0,0,2,0,0,0,0,0,0,37,0,0,0,4,0,0,0,4,0,9,26,0,0,0,0,8,2,0,0,24,225,Marlborough,Massachusetts,https://parat.eto.tech/company/2356-hologic
Sempra Energy,2487,United States,https://www.sempra.com/,S&P 500,,North America,Mature,Utilities,Sempra Energy is a utility company that offers gas and electrical services to most California residence.,crunchbase,https://www.crunchbase.com/organization/sempra-energy,2024-05-16,2,-100.0,2.1,0,58,1,0,0,0,0,96,0,,0,0,0,0,0,0,0,0,0,0,0,0,0,0,0,0,0,0,0,0,0,0,0,0,0,0,0,0,0,0,0,0,7,224,San Diego,California,https://parat.eto.tech/company/2487-sempra-energy
Vertex Pharmaceuticals,2529,United States,https://www.vrtx.com/,S&P 500,,North America,Mature,Pharmaceuticals & Medical Research,Vertex Pharmaceuticals is focused on the discovery and development of small molecule drugs for the treatment of serious diseases.,crunchbase,https://www.crunchbase.com/organization/vertex-pharmaceuticals,2024-05-16,3,,0.3,0,19,1,0,0,0,0,1109,0,,0.0,0,308,0,0,0,0,0,0,0,0,0,0,0,0,0,0,0,0,0,0,0,0,0,0,0,0,0,0,0,0,0,75,223,Boston,Massachusetts,https://parat.eto.tech/company/2529-vertex-pharmaceuticals
International Flavors & Fragrances,2371,United States,https://www.iff.com/,S&P 500,,North America,Mature,Food & Beverages,International Flavors & Fragrances Inc. is a innovator of sensorial experiences that move the world.,crunchbase,https://www.crunchbase.com/organization/international-flavors-fragrances,2024-05-16,0,,0.0,0,0,0,0,0,0,0,246,1,,0.1,0,842,1,0,0,0,0,0,0,0,1,1,0,0,0,0,0,0,0,1,0,1,0,0,0,0,0,1,0,0,0,45,222,New York,New York,https://parat.eto.tech/company/2371-international-flavors-fragrances
Bridgewater Associates,368,United States,https://www.bridgewater.com/,,,North America,Mature,Banking & Investment Services,"Bridgewater manages approximately $120 billion in global investments for a wide array of institutional clients, including foreign",crunchbase,https://www.crunchbase.com/organization/bridgewater-associates,2024-05-16,2,,20.0,1,75,0,2,0,0,0,10,0,,0,0,0,0,0,0,0,0,0,0,0,0,0,0,0,0,0,0,0,0,0,0,0,0,0,0,0,0,0,0,0,0,28,216,Westport,Connecticut,https://parat.eto.tech/company/368-bridgewater-associates
Dover Corporation,2291,United States,https://www.dovercorporation.com/,S&P 500,,North America,Mature,Industrial Goods,"Dover Corporation (Dover) owns and operates a global portfolio of manufacturing companies providing components and equipment, specialty",crunchbase,https://www.crunchbase.com/organization/dover,2024-05-16,0,,0.0,0,0,0,0,0,0,0,40,29,50.0,2.9,9,1015,0,6,7,0,1,0,0,0,3,0,0,0,0,13,3,3,0,4,0,3,11,5,0,0,0,0,3,0,0,9,214,Downers Grove,Illinois,https://parat.eto.tech/company/2291-dover-corporation
Lennar,2395,United States,https://www.lennar.com/,S&P 500,,North America,Mature,Cyclical Consumer Products,Lennar is a home building company providing new home construction and buying services in various states.,crunchbase,https://www.crunchbase.com/organization/lennar-corporation,2024-05-16,0,,0.0,0,0,0,0,0,0,0,2,2,,40.0,0,5,0,0,2,0,0,0,0,0,0,0,0,0,0,1,0,0,0,0,0,0,0,0,0,0,0,0,0,0,0,32,210,Miami,Florida,https://parat.eto.tech/company/2395-lennar
Flowserve Corporation,2325,United States,https://www.flowserve.com/,,,North America,Mature,Industrial Goods,"Flowserve specializes in supplying pumps, valves, seals, automation, and services to the power, oil, gas, chemical, and other industries.",crunchbase,https://www.crunchbase.com/organization/flowserve,2024-05-16,0,,0.0,0,0,0,0,0,0,0,33,1,,0.9,0,115,0,0,0,0,0,0,1,0,0,0,0,0,0,0,0,0,0,1,0,0,0,0,0,0,0,1,0,0,0,18,210,Irving,Texas,https://parat.eto.tech/company/2325-flowserve-corporation
W. R. Berkley Corporation,2533,United States,https://www.berkley.com,S&P 500,,North America,Mature,Insurance,"W. R. Berkley, an insurance holding company, operates as a commercial lines writer in the United States and internationally.",crunchbase,https://www.crunchbase.com/organization/w-r-berkley,2024-05-16,0,,0,0,0,0,0,0,0,0,0,0,,0,0,0,0,0,0,0,0,0,0,0,0,0,0,0,0,0,0,0,0,0,0,0,0,0,0,0,0,0,0,0,0,22,208,Greenwich,Connecticut,https://parat.eto.tech/company/2533-w-r-berkley-corporation
MarketAxess,2404,United States,https://www.marketaxess.com/,S&P 500,,North America,Mature,Banking & Investment Services,MarketAxess operates electronic trading platform that enables fixed-income market participants for trade corporate bonds.,crunchbase,https://www.crunchbase.com/organization/marketaxess,2024-05-16,0,,0.0,0,0,0,0,0,0,0,3,0,,0,0,0,0,0,0,0,0,0,0,0,0,0,0,0,0,0,0,0,0,0,0,0,0,0,0,0,0,0,0,0,0,13,208,New York,New York,https://parat.eto.tech/company/2404-marketaxess
West Pharmaceutical Services,3095,United States,https://www.westpharma.com/,S&P 500,,North America,Mature,Healthcare Services & Equipment,West Pharmaceutical Services is a manufacturer of technologically advanced containment and delivery systems for injectable medicines.,crunchbase,https:// https://www.crunchbase.com/organization/west-pharmaceutical-services-inc,2024-05-16,0,,0.0,0,0,0,0,0,0,0,68,0,,0.0,0,211,0,0,0,0,0,0,0,0,0,0,0,0,0,0,0,0,0,0,0,0,0,0,0,0,0,0,0,0,0,19,206,Exton,Pennsylvania,https://parat.eto.tech/company/3095-west-pharmaceutical-services
Conagra Brands,2267,United States,https://www.conagrabrands.com/,S&P 500,,North America,Mature,Food & Beverages,Conagra Brands is a packaged foods company.,crunchbase,https://www.crunchbase.com/organization/conagra-inc,2024-05-16,1,,1.6,0,0,0,0,1,0,0,63,0,,0.0,0,28,0,0,0,0,0,0,0,0,0,0,0,0,0,0,0,0,0,0,0,0,0,0,0,0,0,0,0,0,0,58,201,Chicago,Illinois,https://parat.eto.tech/company/2267-conagra-brands
Oneok,2446,United States,http://www.oneok.com/,S&P 500,,North America,Mature,Unknown,"ONEOK is a midstream service provider that gathers, processes, transports, and stores natural gas and natural gas liquids.",crunchbase,https://www.crunchbase.com/organization/oneok,2024-05-16,0,,0.0,0,0,0,0,0,0,0,2,0,,0,0,0,0,0,0,0,0,0,0,0,0,0,0,0,0,0,0,0,0,0,0,0,0,0,0,0,0,0,0,0,0,16,201,Tulsa,Oklahoma,https://parat.eto.tech/company/2446-oneok
Tusimple,258,United States,http://tusimple.ai/,,,North America,Mature,Automobiles & Auto Parts,TuSimple is a self-driving truck company developing technology that allows them to drive from depot-to-depot without human intervention.,crunchbase,https://www.crunchbase.com/organization/tusimple-llc,2024-05-16,97,12.698412698412698,75.2,34,9520,74,0,22,4,4,129,147,-1.031746031746034,18.2,97,808,0,12,3,0,0,1,0,1,3,0,0,0,0,62,0,1,1,13,80,1,62,73,0,2,0,34,3,0,0,14,201,San Diego,California,https://parat.eto.tech/company/258-tusimple
Alliance Data Systems,2204,United States,https://www.breadfinancial.com/,,,North America,Unknown,Unknown,"Alliance Data Systems Corporation is a publicly traded provider of loyalty and marketing services, such as private label credit cards, coalition loyalty programs, and direct marketing, derived from the capture and analysis of transaction-rich data.",wikipedia,https://en.wikipedia.org/wiki/Alliance_Data,2021-03-17,0,,0,0,0,0,0,0,0,0,0,0,,0,0,0,0,0,0,0,0,0,0,0,0,0,0,0,0,0,0,0,0,0,0,0,0,0,0,0,0,0,0,0,0,27,200,Plano,Texas,https://parat.eto.tech/company/2204-alliance-data-systems
Devon Energy,2283,United States,http://www.devonenergy.com/,S&P 500,,North America,Mature,Energy - Fossil Fuels,Devon Energy is oil and natural gas exploration and production company.,crunchbase,https://www.crunchbase.com/organization/devon-energy-corporation,2024-05-16,2,-100.0,1.0,0,46,0,0,0,0,0,202,0,,0,0,0,0,0,0,0,0,0,0,0,0,0,0,0,0,0,0,0,0,0,0,0,0,0,0,0,0,0,0,0,0,40,199,Oklahoma City,Oklahoma,https://parat.eto.tech/company/2283-devon-energy
Hubbell Incorporated,6986,United States,https://www.hubbell.com/hubbell/en,S&P 500,,North America,Mature,Unknown,"Hubbell Incorporated, headquartered in Shelton, Connecticut, is an American company that designs, manufactures, and sells electrical and electronic products for non-residential and residential construction, industrial, and utility applications. Hubbell was founded by Harvey Hubbell as a proprietorship in 1888, and was incorporated in Connecticut in 1905.",wikipedia,https://en.wikipedia.org/wiki/Hubbell_Incorporated,2024-06-04,0,,0,0,0,0,0,0,0,0,0,2,,0.3,2,574,0,0,0,0,0,0,1,0,0,0,0,0,1,0,1,0,0,0,0,0,0,0,0,0,0,1,0,0,0,17,196,Shelton,Connecticut,https://parat.eto.tech/company/6986-hubbell-incorporated
Generac,6964,United States,https://www.generac.com,S&P 500,,North America,Mature,Unknown,"Generac Holdings Inc., commonly referred to as Generac (derived from a combination of generating and AC), is a Fortune 1000 American manufacturer of backup power generation products for residential, light commercial and industrial markets. Generac's power systems range in output from 800 watts to 9 megawatts, and are available through independent dealers, retailers and wholesalers. Generac is headquartered in Waukesha, Wisconsin, and has manufacturing facilities in Berlin, Oshkosh, Jefferson, Eagle, and Whitewater; all in Wisconsin.",wikipedia,https://en.wikipedia.org/wiki/Generac,2024-06-04,1,,7.7,0,0,0,0,0,0,0,13,0,,0,0,0,0,0,0,0,0,0,0,0,0,0,0,0,0,0,0,0,0,0,0,0,0,0,0,0,0,0,0,0,0,13,196,Waukesha,Wisconsin,https://parat.eto.tech/company/6964-generac
Nisource,2433,United States,https://www.nisource.com/,S&P 500,,North America,Mature,Utilities,NiSource helps energize the lives of its nearly 4 million natural gas and electric customers across seven states.,crunchbase,https://www.crunchbase.com/organization/nisource,2024-05-16,0,,0.0,0,0,0,0,0,0,0,6,0,,0,0,0,0,0,0,0,0,0,0,0,0,0,0,0,0,0,0,0,0,0,0,0,0,0,0,0,0,0,0,0,0,28,195,Merrillville,Indiana,https://parat.eto.tech/company/2433-nisource
Snap-On,2492,United States,https://www.snapon.com/,S&P 500,,North America,Mature,Industrial Goods,"Snap-on is a global innovator, manufacturer and marketer of tools, diagnostics, equipment, software and service.",crunchbase,https://www.crunchbase.com/organization/snap-on,2024-05-16,0,,0.0,0,0,0,0,0,0,0,1,4,-100.0,0.8,2,529,0,0,1,0,0,0,0,0,1,0,0,0,0,2,0,0,0,2,2,0,3,0,0,0,0,1,1,0,0,4,194,Kenosha,Wisconsin,https://parat.eto.tech/company/2492-snap-on
Hasbro,2348,United States,https://www.hasbro.com/,S&P 500,,North America,Mature,Cyclical Consumer Products,Hasbro is engaged in providing children’s and family leisure time products with brands and entertainment properties.,crunchbase,https://www.crunchbase.com/organization/hasbro-inc,2024-05-16,0,,0,0,0,0,0,0,0,0,0,1,,0.9,0,115,0,0,0,0,0,0,0,1,0,0,0,0,0,1,0,0,0,0,0,0,0,0,0,0,0,0,0,0,0,24,193,Pawtucket,Rhode Island,https://parat.eto.tech/company/2348-hasbro
Globe Life,2340,United States,https://globelifeinsurance.com,S&P 500,,North America,Mature,Insurance,Globe Life And Accident Insurance provides life and health insurance to policyholders in the United States.,crunchbase,https://www.crunchbase.com/organization/globe-life-and-accident-insurance,2024-05-16,0,,0,0,0,0,0,0,0,0,0,0,,0,0,0,0,0,0,0,0,0,0,0,0,0,0,0,0,0,0,0,0,0,0,0,0,0,0,0,0,0,0,0,0,47,191,Mckinney,Texas,https://parat.eto.tech/company/2340-globe-life
Cerebras Systems,54,United States,http://cerebras.net/,,,North America,Mature,Technology Equipment,Cerebras Systems develops computing chips with the sole purpose of accelerating AI.,crunchbase,https://www.crunchbase.com/organization/cerebras-systems,2024-05-16,34,100.55555555555556,45.9,1,743,2,2,0,0,4,74,15,-41.666666666666664,62.5,13,24,0,0,0,0,0,0,0,0,0,0,0,0,0,12,0,0,0,2,0,0,0,0,0,0,0,0,0,0,0,20,188,Sunnyvale,California,https://parat.eto.tech/company/54-cerebras-systems
Pentair,2453,United States,https://www.pentair.com/,S&P 500,,North America,Mature,Industrial Goods,Pentair offers residential and commercial water solutions.,crunchbase,https://www.crunchbase.com/organization/pentair,2024-05-16,0,,0.0,0,0,0,0,0,0,0,28,0,,0.0,0,141,0,0,0,0,0,0,0,0,0,0,0,0,0,0,0,0,0,0,0,0,0,0,0,0,0,0,0,0,0,15,185,Minneapolis,Minnesota,https://parat.eto.tech/company/2453-pentair
Clorox Company,2262,United States,https://www.thecloroxcompany.com/,S&P 500,,North America,Mature,Personal & Household Products & Services,The Clorox Company (NYSE: CLX) is a leading multinational manufacturer and marketer of consumer and professional products.,crunchbase,https://www.crunchbase.com/organization/the-clorox-company,2024-05-16,0,,0.0,0,0,0,0,0,0,0,23,0,,0.0,0,131,0,0,0,0,0,0,0,0,0,0,0,0,0,0,0,0,0,0,0,0,0,0,0,0,0,0,0,0,0,61,183,Oakland,California,https://parat.eto.tech/company/2262-clorox-company
Harley-Davidson,2346,United States,https://www.harley-davidson.com/,,,North America,Mature,Automobiles & Auto Parts,Harley-Davidson manufactures motorcycles.,crunchbase,https://www.crunchbase.com/organization/harley-davidson-motor-company,2024-05-16,0,,0.0,0,17,0,0,0,0,0,13,1,,0.6,0,160,0,1,0,0,0,0,0,0,0,0,0,0,0,0,0,1,0,0,1,0,0,0,0,0,0,0,0,0,0,18,183,Milwaukee,Wisconsin,https://parat.eto.tech/company/2346-harley-davidson
DJI,78,China,https://www.dji.com/,,,Asia,Mature,Unknown,DJI develops and manufactures innovative drone and camera technology for commercial and recreational use.,crunchbase,https://www.crunchbase.com/organization/dji,2024-05-16,88,48.47222222222223,60.7,18,4205,59,0,33,7,0,145,178,34.08690075356742,2.5,43,7066,2,0,3,0,0,0,1,0,0,1,1,0,0,64,0,1,0,37,39,3,69,39,0,0,0,22,3,0,5,25,182,Shenzhen,Guangdong,https://parat.eto.tech/company/78-dji
Marathon Oil,2403,United States,https://www.marathonoil.com/,S&P 500,,North America,Mature,Energy - Fossil Fuels,Marathon Oil Corporation is an international independent energy company engaged in exploration and production.,crunchbase,https://www.crunchbase.com/organization/marathon-oil-company,2024-05-16,0,,0.0,0,16,0,0,0,0,0,85,0,,0,0,0,0,0,0,0,0,0,0,0,0,0,0,0,0,0,0,0,0,0,0,0,0,0,0,0,0,0,0,0,0,19,181,Houston,Texas,https://parat.eto.tech/company/2403-marathon-oil
Nucor,2185,United States,https://www.nucor.com/,S&P 500,,North America,Mature,Mineral Resources,Nucor Corporation is engaged in the manufacture and sale of steel and steel products. The Company operates in two business segments: steel,crunchbase,https:// https://www.crunchbase.com/organization/nucor-corporation,2024-05-16,0,,0,0,0,0,0,0,0,0,0,1,,2.0,0,50,0,0,0,0,0,0,0,0,1,0,0,0,0,0,0,0,0,0,0,0,0,0,0,0,0,0,0,0,0,9,180,Charlotte,North Carolina,https://parat.eto.tech/company/2185-nucor
Take-Two Interactive,2503,United States,http://www.take2games.com/,S&P 500,,North America,Mature,Software & IT Services,"Take-Two Interactive Software is a publisher, developer, and distributor of video games.",crunchbase,https://www.crunchbase.com/organization/take-two-interactive-software,2024-05-16,4,-75.0,80.0,1,118,1,0,0,2,1,5,3,,2.9,2,103,0,0,0,0,0,0,0,2,1,0,0,0,0,2,0,0,0,1,0,0,2,0,0,1,0,0,0,0,0,36,179,New York,New York,https://parat.eto.tech/company/2503-take-two-interactive
Booking.com,2232,United States,https://www.bookingholdings.com/,S&P 500,,North America,Mature,Cyclical Consumer Services,Booking Holdings provides online travel and travel-related reservation and services.,crunchbase,https://www.crunchbase.com/organization/the-priceline-group,2024-05-16,2,,66.7,0,4,1,0,0,0,0,3,0,,0,0,0,0,0,0,0,0,0,0,0,0,0,0,0,0,0,0,0,0,0,0,0,0,0,0,0,0,0,0,0,0,23,179,Norwalk,Connecticut,https://parat.eto.tech/company/2232-booking-com
Keurig Dr Pepper,6969,United States,https://www.keurigdrpepper.com/,S&P 500,,North America,Mature,Unknown,"Keurig Dr Pepper Inc., formerly Green Mountain Coffee Roasters (1981–2014) and Keurig Green Mountain (2014–2018), is a publicly traded American beverage and coffeemaker conglomerate with headquarters in Burlington, Massachusetts and Frisco, Texas. Formed in July 2018, with the merger of Keurig Green Mountain and Dr Pepper Snapple Group , Keurig Dr Pepper offers over 125 hot and cold beverages. The company's Canadian business unit subsidiary operates as Keurig Dr Pepper Canada (formerly Canada Dry Motts).",wikipedia,https://en.wikipedia.org/wiki/Keurig_Dr_Pepper,2024-06-04,0,,0.0,0,0,0,0,0,0,0,3,0,,0,0,0,0,0,0,0,0,0,0,0,0,0,0,0,0,0,0,0,0,0,0,0,0,0,0,0,0,0,0,0,0,52,178,Burlington,Massachusetts,https://parat.eto.tech/company/6969-keurig-dr-pepper
Constellation Brands,2270,United States,http://www.cbrands.com/,S&P 500,,North America,Mature,Food & Beverages,"Constellation Brands is a producer and marketer of beer, premium wine, and spirits brands.",crunchbase,https://www.crunchbase.com/organization/constellation-brands,2024-05-16,1,-100.0,6.7,0,46,0,0,0,0,0,15,0,,0,0,0,0,0,0,0,0,0,0,0,0,0,0,0,0,0,0,0,0,0,0,0,0,0,0,0,0,0,0,0,0,40,177,Victor,New York,https://parat.eto.tech/company/2270-constellation-brands
Hanesbrands,2345,United States,https://www.hanes.com/corporate,,,North America,Mature,Cyclical Consumer Products,"Hanesbrands Inc. is a manufacturer of several clothing brands including Hanes, Champion, Playtex",crunchbase,https://www.crunchbase.com/organization/hanesbrands,2024-05-16,0,,0.0,0,0,0,0,0,0,0,2,0,,0,0,0,0,0,0,0,0,0,0,0,0,0,0,0,0,0,0,0,0,0,0,0,0,0,0,0,0,0,0,0,0,60,176,Winston Salem,North Carolina,https://parat.eto.tech/company/2345-hanesbrands
Xiaopeng Motors,6914,China,https://www.xiaopeng.com/,,,Asia,Unknown,Unknown,"Guangzhou Xiaopeng Motors Technology Co., Ltd., doing business as XPeng Motors, commonly known as XPeng, is a Chinese electric vehicle manufacturer. The company is headquartered in Guangzhou, Guangdong, with offices in Mountain View, California, United States and Munich, Germany. XPeng stock is publicly traded on the New York Stock Exchange and the Hong Kong Stock Exchange.",wikipedia,https://en.wikipedia.org/wiki/XPeng,2024-05-20,42,68.80341880341881,79.2,7,1125,21,1,15,3,6,53,129,82.5,3.5,30,3673,0,1,2,0,0,1,4,0,2,0,0,0,1,48,0,2,0,3,35,4,19,4,1,10,0,12,1,0,33,25,175,guangzhou,guangdong,https://parat.eto.tech/company/6914-xiaopeng-motors
Chipotle Mexican Grill,2256,United States,https://www.chipotle.com/,S&P 500,,North America,Mature,Cyclical Consumer Services,Chipotle Mexican Grill is a chain of restaurants that specializes in burritos and tacos.,crunchbase,https://www.crunchbase.com/organization/chipotle-mexican-grill,2024-05-16,0,,0,0,0,0,0,0,0,0,0,0,,0,0,0,0,0,0,0,0,0,0,0,0,0,0,0,0,0,0,0,0,0,0,0,0,0,0,0,0,0,0,0,0,26,174,Newport Beach,California,https://parat.eto.tech/company/2256-chipotle-mexican-grill
Dataminr,62,United States,https://www.dataminr.com/,,,North America,Mature,Software & IT Services,Dataminr develops an artificial intelligence platform designed for real-time event and risk detection.,crunchbase,https://www.crunchbase.com/organization/dataminr,2024-05-16,40,24.46969696969697,66.7,19,1300,2,24,0,4,12,60,0,,0,0,0,0,0,0,0,0,0,0,0,0,0,0,0,0,0,0,0,0,0,0,0,0,0,0,0,0,0,0,0,0,42,173,New York,New York,https://parat.eto.tech/company/62-dataminr
Celanese,2251,United States,https://www.celanese.com/,S&P 500,,North America,Mature,Chemicals,Celanese is a global technology and specialty materials company that engineers and manufactures a wide variety of products.,crunchbase,https://www.crunchbase.com/organization/celanese,2024-05-16,1,-100.0,1.9,0,7,0,0,1,0,0,52,0,,0.0,0,525,0,0,0,0,0,0,0,0,0,0,0,0,0,0,0,0,0,0,0,0,0,0,0,0,0,0,0,0,0,13,173,Irving,Texas,https://parat.eto.tech/company/2251-celanese
Freeport-Mcmoran,2333,United States,https://www.fcx.com/,S&P 500,,North America,Mature,Mineral Resources,Freeport-McMoRan Chino Mines Company is a subsidiary of Freeport-McMoRan Inc.,crunchbase,https://www.crunchbase.com/organization/freeport-mcmoran,2024-05-16,2,,1.3,0,17,1,0,0,0,0,149,5,50.0,25.0,4,20,1,0,3,0,0,0,0,0,1,0,0,0,0,2,0,1,0,0,0,0,0,3,0,1,0,1,3,0,0,32,171,Phoenix,Arizona,https://parat.eto.tech/company/2333-freeport-mcmoran
APA Corporation,6937,United States,https://apacorp.com/,S&P 500,,North America,Mature,Unknown,"APA Corporation is the holding company for Apache Corporation, an American company engaged in hydrocarbon exploration. It is organized in Delaware and headquartered in Houston. The company is ranked 431st on the Fortune 500.",wikipedia,https://en.wikipedia.org/wiki/APA_Corporation,2024-06-04,3,-50.0,1.5,0,30,1,0,0,0,0,201,0,,0,0,0,0,0,0,0,0,0,0,0,0,0,0,0,0,0,0,0,0,0,0,0,0,0,0,0,0,0,0,0,0,21,171,Houston,Texas,https://parat.eto.tech/company/6937-apa-corporation
Apache Corporation,2218,United States,http://www.apachecorp.com/,,,North America,Mature,Energy - Fossil Fuels,Apache Corporation is an oil and gas exploration and production company with operations world wide.,crunchbase,https://www.crunchbase.com/organization/apache-corp,2024-05-16,0,,0.0,0,0,0,0,0,0,0,18,0,,0,0,0,0,0,0,0,0,0,0,0,0,0,0,0,0,0,0,0,0,0,0,0,0,0,0,0,0,0,0,0,0,21,171,Houston,Texas,https://parat.eto.tech/company/2218-apache-corporation
First Solar,6958,United States,https://www.firstsolar.com/,S&P 500,,North America,Mature,Unknown,"First Solar, Inc. is a public traded American manufacturer of solar panels, and a provider of utility-scale PV power plants and supporting services that include finance, construction, maintenance and end-of-life panel recycling. First Solar uses rigid thin-film modules for its solar panels, and produces CdTe panels using cadmium telluride (CdTe) as a semiconductor. The company was founded in 1990 by inventor Harold McMaster as Solar Cells, Inc. and the Florida Corporation in 1993 with JD Polk. In 1999 it was purchased by True North Partners, LLC, who rebranded it as First Solar, Inc.",wikipedia,https://en.wikipedia.org/wiki/First_Solar,2024-06-04,2,-100.0,0.8,0,3,2,0,0,0,0,237,0,,0,0,0,0,0,0,0,0,0,0,0,0,0,0,0,0,0,0,0,0,0,0,0,0,0,0,0,0,0,0,0,0,20,170,Tempe,Arizona,https://parat.eto.tech/company/6958-first-solar
Darden Restaurants,2280,United States,https://www.darden.com,S&P 500,,North America,Mature,Cyclical Consumer Services,"Darden Restaurants, Inc. is a full service restaurant company.",crunchbase,https://www.crunchbase.com/organization/darden-restaurants,2024-05-16,0,,0.0,0,0,0,0,0,0,0,1,0,,0,0,0,0,0,0,0,0,0,0,0,0,0,0,0,0,0,0,0,0,0,0,0,0,0,0,0,0,0,0,0,0,14,166,Orlando,Florida,https://parat.eto.tech/company/2280-darden-restaurants
Ametek,2213,United States,https://www.ametek.com/,S&P 500,,North America,Mature,Industrial Goods,AMETEK is a manufacturer of electronic instruments and electromechanical devices.,crunchbase,https://www.crunchbase.com/organization/ametek,2024-05-16,2,,1.6,0,2,0,0,2,0,0,127,3,-100.0,1.1,0,274,0,0,1,0,0,0,0,0,0,2,0,0,0,0,0,0,0,1,0,0,0,1,0,1,0,0,1,0,0,4,165,Berwyn,Pennsylvania,https://parat.eto.tech/company/2213-ametek
Mohawk Industries,2417,United States,http://mohawkind.com/,S&P 500,,North America,Mature,Cyclical Consumer Products,A leading global flooring manufacturer that creates products to enhance residential and commercial spaces around the world.,crunchbase,https://www.crunchbase.com/organization/mohawk-industries,2024-05-16,0,,0,0,0,0,0,0,0,0,0,0,,0,0,0,0,0,0,0,0,0,0,0,0,0,0,0,0,0,0,0,0,0,0,0,0,0,0,0,0,0,0,0,0,23,164,Calhoun,Georgia,https://parat.eto.tech/company/2417-mohawk-industries
LKQ Corporation,2399,United States,https://www.lkqcorp.com/,S&P 500,,North America,Mature,Automobiles & Auto Parts,LKQ Corporation is a provider of alternative collision replacement parts and provider of recycled engines.,crunchbase,https://www.crunchbase.com/organization/lkq-corporation,2024-05-16,0,,0.0,0,0,0,0,0,0,0,1,0,,0,0,0,0,0,0,0,0,0,0,0,0,0,0,0,0,0,0,0,0,0,0,0,0,0,0,0,0,0,0,0,0,17,163,Chicago,Illinois,https://parat.eto.tech/company/2399-lkq-corporation
A.O. Smith,2217,United States,https://www.aosmith.com/,S&P 500,,North America,Mature,Industrial Goods,A.O. Smith(1874) Corporation is a global leader applying innovative technology and energyefficient solutions to products marketed worldwide.,crunchbase,https://www.crunchbase.com/organization/a-o-smith,2024-05-16,0,,0,0,0,0,0,0,0,0,0,1,,0.3,0,286,0,0,0,0,0,0,0,0,0,0,0,0,0,0,0,0,0,0,0,0,0,0,0,0,0,0,0,0,0,6,163,Milwaukee,Wisconsin,https://parat.eto.tech/company/2217-a-o-smith
Textron,2508,United States,http://textron.com/,S&P 500,,North America,Mature,Industrial Goods,"Textron Inc. is a multi-industry company that leverages its global network of aircraft, defense, industrial and finance businesses to",crunchbase,https://www.crunchbase.com/organization/textron,2024-05-16,8,-33.333333333333336,9.8,0,75,0,0,3,0,0,82,20,175.0,0.9,9,2245,2,1,0,0,0,0,1,0,2,0,0,0,0,7,1,1,0,1,14,0,4,13,0,0,0,4,0,0,0,10,162,Providence,Rhode Island,https://parat.eto.tech/company/2508-textron
J.M. Smucker,2378,United States,https://www.jmsmucker.com/,S&P 500,,North America,Mature,Food & Beverages,J. M. Smucker is an manufacturer of food products.,crunchbase,https://www.crunchbase.com/organization/jm-smucker-company,2024-05-16,0,,0.0,0,0,0,0,0,0,0,14,0,,0.0,0,16,0,0,0,0,0,0,0,0,0,0,0,0,0,0,0,0,0,0,0,0,0,0,0,0,0,0,0,0,0,35,160,Orrville,Ohio,https://parat.eto.tech/company/2378-j-m-smucker
Campbell Soup,2242,United States,https://www.campbellsoupcompany.com/,S&P 500,,North America,Mature,Food & Beverages,"Campbell Soup Company (Campbell) together with its subsidiaries, is a manufacturer and marketer of branded convenience food products",crunchbase,https://www.crunchbase.com/organization/campbell-soup-company,2024-05-16,0,,0.0,0,0,0,0,0,0,0,49,0,,0,0,0,0,0,0,0,0,0,0,0,0,0,0,0,0,0,0,0,0,0,0,0,0,0,0,0,0,0,0,0,0,35,160,Camden,New Jersey,https://parat.eto.tech/company/2242-campbell-soup
Altria Group,2206,United States,https://www.altria.com/,S&P 500,,North America,Mature,Food & Beverages,"Altria operates as a producers and marketers of tobacco, cigarettes and related products.",crunchbase,https://www.crunchbase.com/organization/altria,2024-05-16,1,,0.5,0,10,1,0,0,0,0,186,4,,0.6,1,696,2,0,0,0,0,0,1,0,2,1,0,0,0,0,0,0,0,0,0,0,2,2,0,0,0,0,0,0,0,55,158,Richmond,Virginia,https://parat.eto.tech/company/2206-altria-group
Graphcore,102,United Kingdom,https://www.graphcore.ai/,,,Europe,Mature,Technology Equipment,Graphcore develops a microprocessor designed for AI and machine learning applications.,crunchbase,https://www.crunchbase.com/organization/graphcore,2024-05-16,11,27.777777777777775,29.7,2,317,2,0,1,0,0,37,40,17.550505050505052,26.5,34,151,0,0,0,0,0,0,0,0,0,0,0,0,0,37,0,0,0,5,0,0,0,0,0,5,0,0,0,0,0,22,157,Bristol,Bristol,https://parat.eto.tech/company/102-graphcore
Molson Coors Brewing Company,2418,United States,https://www.molsoncoors.com/,S&P 500,,North America,Mature,Food & Beverages,Molson Coors is a beer company and distributor that brews the world's favorite beer brands.,crunchbase,https://www.crunchbase.com/organization/molson-coors,2024-05-16,0,,0.0,0,0,0,0,0,0,0,18,0,,0,0,0,0,0,0,0,0,0,0,0,0,0,0,0,0,0,0,0,0,0,0,0,0,0,0,0,0,0,0,0,0,44,154,Chicago,Illinois,https://parat.eto.tech/company/2418-molson-coors-brewing-company
Alliant Energy,2205,United States,https://www.alliantenergy.com/,S&P 500,,North America,Mature,Utilities,Alliant Energy Corporation (Alliant Energy) operates as a regulated investor-owned public utility holding company,crunchbase,https://www.crunchbase.com/organization/alliant-energy,2024-05-16,0,,0.0,0,0,0,0,0,0,0,15,0,,0,0,0,0,0,0,0,0,0,0,0,0,0,0,0,0,0,0,0,0,0,0,0,0,0,0,0,0,0,0,0,0,20,154,Madison,Wisconsin,https://parat.eto.tech/company/2205-alliant-energy
Canadian Pacific,3160,Canada,https://www.cpr.ca/,,,North America,Mature,Transportation,Canadian Pacific is a transportation company that facilitates cross-continental railroad systems with direct connections to seaports.,crunchbase,https://www.crunchbase.com/organization/canadian-pacific-railway,2024-05-16,0,,0.0,0,22,0,0,0,0,0,23,0,,0,0,0,0,0,0,0,0,0,0,0,0,0,0,0,0,0,0,0,0,0,0,0,0,0,0,0,0,0,0,0,0,10,152,Calgary,Alberta,https://parat.eto.tech/company/3160-canadian-pacific
Evergy,2310,United States,http://www.evergyinc.com,S&P 500,,North America,Mature,Utilities,Evergy is an energy company that provides the best possible energy service to its customers and communities.,crunchbase,https://crunchbase.com/organization/evergy,2024-05-16,0,,0.0,0,0,0,0,0,0,0,2,0,,0,0,0,0,0,0,0,0,0,0,0,0,0,0,0,0,0,0,0,0,0,0,0,0,0,0,0,0,0,0,0,0,11,151,Kansas City,Missouri,https://parat.eto.tech/company/2310-evergy
Cohere,6903,Canada,https://cohere.com/,GenAI Contenders,,North America,Unknown,Unknown,"Cohere Inc. is a Canadian multinational technology company focused on artificial intelligence for the enterprise, specializing in large language models. Cohere was founded in 2019 by Aidan Gomez, Ivan Zhang, and Nick Frosst, and is headquartered in Toronto and San Francisco, with offices in Palo Alto and London.",wikipedia,https://en.wikipedia.org/wiki/Cohere,2024-05-20,0,,0,0,0,0,0,0,0,0,0,6,,31.6,0,19,0,0,0,0,0,0,0,0,0,0,0,0,0,4,0,1,0,1,0,0,0,0,0,0,0,0,0,0,0,51,148,Toronto,Ontario,https://parat.eto.tech/company/6903-cohere
McCormick,2410,United States,https://www.mccormick.com/,S&P 500,,North America,Mature,Food & Beverages,"McCormick manufactures, markets and distributes spices, seasoning mixes, condiments & other flavorful products to the entire food industry.",crunchbase,https://www.crunchbase.com/organization/mccormick-company,2024-05-16,0,,0.0,0,0,0,0,0,0,0,44,0,,0.0,0,38,0,0,0,0,0,0,0,0,0,0,0,0,0,0,0,0,0,0,0,0,0,0,0,0,0,0,0,0,0,35,148,Baltimore,Maryland,https://parat.eto.tech/company/2410-mccormick
Howmet Aerospace,2359,United States,https://www.howmet.com/,S&P 500,,North America,Mature,Industrial Goods,"Howmet Aerospace Inc., (formerly Arconic Inc.) is an American aerospace company based in Pittsburgh, Pennsylvania. The company manufactures components for jet engines, fasteners and titanium structures for aerospace applications, and forged aluminum wheels for heavy trucks.",wikipedia,https://en.wikipedia.org/wiki/Howmet_Aerospace,2021-03-15,1,-100.0,1.6,0,3,0,0,0,0,0,62,0,,0,0,0,0,0,0,0,0,0,0,0,0,0,0,0,0,0,0,0,0,0,0,0,0,0,0,0,0,0,0,0,0,19,147,Pittsburgh,Pennsylvania,https://parat.eto.tech/company/2359-howmet-aerospace
FMC Corporation,2326,United States,http://www.fmc.com/,S&P 500,,North America,Mature,Chemicals,"FMC Corporation is an US-based chemical manufacturing company producing solutions for the agricultural, textile, and healthcare industries.",crunchbase,https://www.crunchbase.com/organization/fmc-corporation,2024-05-16,2,-100.0,1.0,0,197,0,0,2,0,0,192,7,,2.9,4,243,7,0,4,0,0,0,0,0,0,0,0,0,0,2,0,0,0,3,0,0,2,0,0,0,0,2,4,0,0,25,146,Philadelphia,Pennsylvania,https://parat.eto.tech/company/2326-fmc-corporation
WEC Energy Group,2537,United States,https://www.wecenergygroup.com/,S&P 500,,North America,Mature,Utilities,WEC Energy Group is one of the nation’s largest electric and natural gas delivery companies.,crunchbase,https://www.crunchbase.com/organization/wec-energy-group,2024-05-16,0,,0.0,0,0,0,0,0,0,0,1,0,,0,0,0,0,0,0,0,0,0,0,0,0,0,0,0,0,0,0,0,0,0,0,0,0,0,0,0,0,0,0,0,0,11,146,Milwaukee,Wisconsin,https://parat.eto.tech/company/2537-wec-energy-group
Tapestry,2504,United States,https://www.tapestry.com/,S&P 500,,North America,Mature,Retailers,Tapestry is a global house of brands that embraces the exploration of individuality.,crunchbase,https://www.crunchbase.com/organization/tapestry-aa5d,2024-05-16,0,,0.0,0,0,0,0,0,0,0,2,8,,80.0,1,10,0,0,1,0,0,0,0,0,0,1,0,0,0,3,0,0,0,2,0,0,0,0,0,0,0,0,0,0,7,25,145,New York,New York,https://parat.eto.tech/company/2504-tapestry
Atmos Energy,2223,United States,https://www.atmosenergy.com/,S&P 500,,North America,Mature,Utilities,full-service natural gas marketing company providing supply and asset management services.,crunchbase,https://www.crunchbase.com/organization/atmos-energy,2024-05-16,0,,0,0,0,0,0,0,0,0,0,0,,0,0,0,0,0,0,0,0,0,0,0,0,0,0,0,0,0,0,0,0,0,0,0,0,0,0,0,0,0,0,0,0,30,144,Dallas,Texas,https://parat.eto.tech/company/2223-atmos-energy
Citizens Financial Group,2260,United States,https://www.citizensbank.com/,S&P 500,,North America,Mature,Banking & Investment Services,"Citizens Bank is the largest financial services firm that specializes in commercial banking, mortgages, credit cards, and mobile banking.",crunchbase,https://www.crunchbase.com/organization/citizens-bank,2024-05-16,2,,13.3,0,16,0,0,0,0,0,15,6,,66.7,3,9,0,4,3,0,0,0,0,0,0,0,0,0,0,4,0,0,0,1,0,0,0,0,0,1,0,0,2,0,0,33,143,Providence,Rhode Island,https://parat.eto.tech/company/2260-citizens-financial-group
Deckers Brands,6953,United States,https://www.deckers.com/,S&P 500,,North America,Mature,Unknown,"Deckers Outdoor Corporation, doing business as Deckers Brands, is a footwear designer and distributor based in Goleta, California, United States. It was founded in 1973 by University of California, Santa Barbara alumni Doug Otto and Karl F. Lopker. In 1975, the company was incorporated in California under the name Deckers Corporation. In October 1993, Deckers initiated a public offering of stock in its company. Deckers' portfolio of brands includes UGG, Teva, Sanuk, Hoka One One and Koolaburra.",wikipedia,https://en.wikipedia.org/wiki/Deckers_Brands,2024-06-04,0,,0,0,0,0,0,0,0,0,0,0,,0,0,0,0,0,0,0,0,0,0,0,0,0,0,0,0,0,0,0,0,0,0,0,0,0,0,0,0,0,0,0,0,21,143,Goleta,California,https://parat.eto.tech/company/6953-deckers-brands
American Water Works,2211,United States,http://amwater.com/,S&P 500,,North America,Mature,Utilities,"American Water Works Company, Inc. (American Water) is a water and wastewater utility company.",crunchbase,https://www.crunchbase.com/organization/american-water-works,2024-05-16,5,,4.8,0,7,1,0,0,0,0,105,0,,0,0,0,0,0,0,0,0,0,0,0,0,0,0,0,0,0,0,0,0,0,0,0,0,0,0,0,0,0,0,0,0,17,142,Voorhees,New Jersey,https://parat.eto.tech/company/2211-american-water-works
China Mobile Communications,1820,China,http://www.10086.cn,,,Asia,Mature,Telecommunications Services,"China Mobile is the trade name of both China Mobile Limited and its ultimate controlling shareholder, China Mobile Communications Group Co., Ltd., a Chinese state-owned company. China Mobile Limited provides mobile voice and multimedia services through its nationwide mobile telecommunications network across mainland China and Hong Kong. China Mobile is the largest wireless carrier in China, with 945.50 million subscribers as of June 2021.",wikipedia,https://en.wikipedia.org/wiki/China_Mobile,2023-08-25,953,45.16180857743307,23.6,49,10002,328,150,51,20,169,4043,3952,84.46881375230284,11.0,676,35771,15,40,455,31,0,11,45,12,106,51,0,0,21,2024,19,222,3,1045,168,302,363,29,2,131,1,42,282,0,152,11,141,Beijing,Beijing ,https://parat.eto.tech/company/1820-china-mobile-communications
Woodward,2826,United States,https://www.woodward.com/,,,North America,Mature,Industrial Goods,"Woodward is an independent designer, manufacturer, and service provider of control solutions for the aerospace and industrial markets.",crunchbase,https://www.crunchbase.com/organization/woodward,2024-05-16,0,,0.0,0,0,0,0,0,0,0,77,2,-100.0,0.7,1,278,0,1,0,0,0,0,1,0,0,0,0,0,0,0,0,0,0,0,0,0,0,2,0,0,0,2,0,0,0,3,131,Fort Collins,Colorado,https://parat.eto.tech/company/2826-woodward
Old Dominion Freight Line,2444,United States,https://www.odfl.com/,S&P 500,,North America,Mature,Transportation,"ODFL is a leading, less-than-truckload, union-free company providing premium service to all its customers.",crunchbase,https://www.crunchbase.com/organization/old-dominion-freight-line,2024-05-16,0,,0,0,0,0,0,0,0,0,0,0,,0,0,0,0,0,0,0,0,0,0,0,0,0,0,0,0,0,0,0,0,0,0,0,0,0,0,0,0,0,0,0,0,6,128,Thomasville,North Carolina,https://parat.eto.tech/company/2444-old-dominion-freight-line
Hess Corporation,2353,United States,https://www.hess.com/,S&P 500,,North America,Mature,Energy - Fossil Fuels,Hess Corporation is an independent energy company engaged in the exploration and production of crude oil and natural gas.,crunchbase,https://www.crunchbase.com/organization/hess-corporation,2024-05-16,6,-50.0,2.1,0,161,1,0,0,0,0,284,1,,20.0,0,5,0,0,0,0,0,0,0,0,0,0,0,0,0,0,1,0,0,0,0,0,0,0,0,0,0,0,0,0,0,14,125,New York,New York,https://parat.eto.tech/company/2353-hess-corporation
Ginkgo Bioworks,6936,United States,https://ginkgobioworks.com,,,North America,Mature,Unknown,"Ginkgo Bioworks is an American biotech company founded in 2008 by five scientists from MIT, headed by Jason Kelly. The company specializes in using genetic engineering to produce bacteria with industrial applications for other biotech companies, saving other companies the cost of reproducing the initial stages of design in synthetic biology. The self-proclaimed ""Organism Company"" was one of the world's largest privately held biotech companies, valued at $4.2 billion in 2019. It raised $290 million in September and $350 million in October of that year. Ginkgo Bioworks went public on the New York Stock Exchange via a SPAC merger on September 17, 2021.",wikipedia,https://en.wikipedia.org/wiki/Ginkgo_Bioworks,2024-05-20,2,-100.0,1.6,0,250,0,0,0,0,0,128,19,-14.285714285714286,7.6,10,251,1,0,1,0,0,0,0,0,0,17,0,0,0,1,4,0,0,0,0,0,0,1,0,2,0,2,1,0,0,16,122,Boston,Massachusetts,https://parat.eto.tech/company/6936-ginkgo-bioworks
Horizon Robotics,110,China,https://www.horizon.ai/,,,Asia,Mature,Software & IT Services,Horizon Robotics is a leading provider of ADAS and AD solutions for passenger vehicles with proprietary software and hardware.,crunchbase,https://www.crunchbase.com/organization/horizon-robotics,2024-05-16,198,32.11253941304875,78.0,71,19616,157,8,32,13,25,254,185,109.97584541062803,28.2,137,656,0,3,2,0,0,1,0,1,3,1,0,0,0,87,1,0,0,3,14,2,37,4,0,0,0,0,2,0,17,22,121,Beijing,Beijing ,https://parat.eto.tech/company/110-horizon-robotics
Builders FirstSource,6944,United States,https://www.bldr.com/,S&P 500,,North America,Mature,Unknown,"Builders FirstSource, Inc. is a Fortune 500 company that is a manufacturer and supplier of building materials. The company is headquartered in Irving, Texas, and is the largest supplier of building products, prefabricated components and value-added services in the US. Builders FirstSource employs over 15,000 people throughout the USA. They serve new residential construction, repair and remodeling professionals. The company was incorporated in March 1998. The company has about 550 locations in 40 US states.",wikipedia,https://en.wikipedia.org/wiki/Builders_FirstSource,2024-06-04,0,,0,0,0,0,0,0,0,0,0,0,,0,0,0,0,0,0,0,0,0,0,0,0,0,0,0,0,0,0,0,0,0,0,0,0,0,0,0,0,0,0,0,0,5,120,Irving,Texas,https://parat.eto.tech/company/6944-builders-firstsource
Teleflex,2507,United States,https://www.teleflex.com/,S&P 500,,North America,Mature,Healthcare Services & Equipment,"Teleflex is a diversified global company, distinguished by a significant presence in healthcare, with niche businesses.",crunchbase,https://www.crunchbase.com/organization/teleflex,2024-05-16,1,,1.5,0,13,0,0,0,0,0,67,1,,0.8,0,131,0,0,0,0,0,0,0,0,0,0,0,0,0,0,0,0,0,0,0,0,0,0,0,0,0,0,0,0,0,21,119,Wayne,Pennsylvania,https://parat.eto.tech/company/2507-teleflex
Hormel Foods,2357,United States,https://www.hormelfoods.com/,S&P 500,,North America,Mature,Food & Beverages,"Hormel Foods is a Fortune 500, multinational manufacturer and marketer of consumer-branded food and meat products.",crunchbase,https://www.crunchbase.com/organization/hormel-foods,2024-05-16,1,,7.7,0,0,0,0,1,0,0,13,0,,0,0,0,0,0,0,0,0,0,0,0,0,0,0,0,0,0,0,0,0,0,0,0,0,0,0,0,0,0,0,0,0,21,118,Austin,Minnesota,https://parat.eto.tech/company/2357-hormel-foods
Omnicom Group,2445,United States,http://www.omnicomgroup.com/,S&P 500,,North America,Mature,Cyclical Consumer Services,Omnicom Group provides advertising and marketing communications services for their clients.,crunchbase,https://www.crunchbase.com/organization/omnicom-group,2024-05-16,3,-100.0,13.0,0,6,2,0,0,0,0,23,0,,0,0,0,0,0,0,0,0,0,0,0,0,0,0,0,0,0,0,0,0,0,0,0,0,0,0,0,0,0,0,0,0,9,118,New York,New York,https://parat.eto.tech/company/2445-omnicom-group
Kellanova,6967,United States,https://www.kellanova.com,S&P 500,,North America,Mature,Unknown,"Kellanova (formerly known as the Kellogg Company) is an American multinational food manufacturing company headquartered in Chicago, Illinois, US. Kellogg's produces and markets convenience foods and snack foods, including crackers and toaster pastries, cereal, and markets their products by several well-known brands including the Kellogg's brand itself, Rice Krispies Treats, Pringles, Eggo, and Cheez-It, along with cereal internationally such as Corn Flakes, Rice Krispies, Frosties and Coco Pops.",wikipedia,https://en.wikipedia.org/wiki/Kellogg's,2024-06-04,0,,0,0,0,0,0,0,0,0,0,1,-100.0,2.0,1,49,0,0,1,0,0,0,0,0,0,1,0,0,0,1,0,0,0,1,0,1,1,0,0,0,0,0,0,0,0,34,116,Chicago,Illinois,https://parat.eto.tech/company/6967-kellanova
Coty,2274,United States,https://www.coty.com/,,,North America,Mature,Personal & Household Products & Services,"Coty is a beauty company specializing in cosmetics, skincare, fragrance, and hair color.",crunchbase,https://www.crunchbase.com/organization/coty,2024-05-16,0,,0.0,0,0,0,0,0,0,0,14,2,,0.9,1,211,0,0,1,0,0,0,0,0,1,0,0,0,0,0,0,0,0,0,0,0,0,0,0,0,0,0,0,0,0,21,115,New York,New York,https://parat.eto.tech/company/2274-coty
Pioneer Natural Resources,2458,United States,http://www.pxd.com/,S&P 500,,North America,Mature,Energy - Fossil Fuels,Pioneer Natural Resources is an independent oil and gas exploration and production company.,crunchbase,https://www.crunchbase.com/organization/pioneer-natural-resources,2024-05-16,6,-100.0,5.8,0,122,0,0,1,0,0,104,0,,0,0,0,0,0,0,0,0,0,0,0,0,0,0,0,0,0,0,0,0,0,0,0,0,0,0,0,0,0,0,0,0,22,113,Irving,Texas,https://parat.eto.tech/company/2458-pioneer-natural-resources
Extra Space Storage,2314,United States,https://www.extraspace.com/,S&P 500,,North America,Mature,Real Estate,"Extra Space Storage offers climate-controlled, self storage units.",crunchbase,https://www.crunchbase.com/organization/extra-space-storage,2024-05-16,0,,0,0,0,0,0,0,0,0,0,0,,0,0,0,0,0,0,0,0,0,0,0,0,0,0,0,0,0,0,0,0,0,0,0,0,0,0,0,0,0,0,0,0,14,113,Cottonwood Height,Utah,https://parat.eto.tech/company/2314-extra-space-storage
Dollar Tree,2289,United States,https://www.dollartree.com/,S&P 500,,North America,Mature,Retailers,Dollar Tree is a national company with thousands of stores.,crunchbase,https://www.crunchbase.com/organization/dollar-tree-stores-inc,2024-05-16,0,,0,0,0,0,0,0,0,0,0,0,,0,0,0,0,0,0,0,0,0,0,0,0,0,0,0,0,0,0,0,0,0,0,0,0,0,0,0,0,0,0,0,0,15,112,Chesapeake,Virginia,https://parat.eto.tech/company/2289-dollar-tree
Corpay,6950,United States,https://www.corpay.com,S&P 500,,North America,Mature,Unknown,"Corpay, Inc. (formerly FLEETCOR Technologies) is a global business payments and spend management company that provides solutions that control expense-related purchasing and payment processes. Corpay is an S&P 500 company with a portfolio of brands that automate, secure, digitize and manage billions of payment transactions annually on behalf of businesses across more than 100 countries in North America, Latin America, Europe, and Asia-Pacific.",wikipedia,https://en.wikipedia.org/wiki/Corpay,2024-06-04,0,,0.0,0,0,0,0,0,0,0,1,0,,0,0,0,0,0,0,0,0,0,0,0,0,0,0,0,0,0,0,0,0,0,0,0,0,0,0,0,0,0,0,0,0,16,109,Atlanta,Georgia,https://parat.eto.tech/company/6950-corpay
Carnival,2246,United States,http://www.carnivalcorp.com,S&P 500,,North America,Mature,Cyclical Consumer Services,Carnival Corporation is a cruise company providing travelers with vacation experiences.,crunchbase,https://www.crunchbase.com/organization/carnival-corporation,2024-05-16,1,-100.0,6.2,0,6,0,0,0,0,0,16,0,,0,0,0,0,0,0,0,0,0,0,0,0,0,0,0,0,0,0,0,0,0,0,0,0,0,0,0,0,0,0,0,0,9,108,Miami,Florida,https://parat.eto.tech/company/2246-carnival
AI21 Labs,6910,Israel,http://www.ai21.com/,GenAI Contenders,,Middle East,Unknown,Unknown,"AI21 Labs is an Israeli company specializing in Natural Language Processing (NLP), which develops AI systems that can understand and generate natural language.",wikipedia,https://en.wikipedia.org/wiki/AI21_Labs,2024-05-20,2,0.0,100.0,1,96,0,1,0,0,1,2,4,0.0,66.7,2,6,0,0,2,0,0,0,0,0,0,2,0,0,0,2,0,0,0,0,0,0,0,0,0,0,0,0,2,0,0,25,106,Tel Aviv,,https://parat.eto.tech/company/6910-ai21-labs
Albemarle,2198,United States,https://www.albemarle.com/,S&P 500,,North America,Mature,Chemicals,"Albemarle is a specialty chemical company focused on lithium, bromine, and refining catalysts.",crunchbase,https://www.crunchbase.com/organization/albemarle,2024-05-16,0,,0.0,0,0,0,0,0,0,0,104,2,-100.0,1.5,1,134,0,0,0,0,0,0,0,0,1,0,0,0,0,0,1,0,0,1,1,2,0,0,0,0,0,2,0,0,0,17,106,Charlotte,North Carolina,https://parat.eto.tech/company/2198-albemarle
Catalent,3087,United States,https://www.catalent.com/,S&P 500,,North America,Mature,Pharmaceuticals & Medical Research,"Catalent provider of advanced delivery technologies, development, and manufacturing solutions for drugs, biologics, cell and gene therapies.",crunchbase,https:// https://www.crunchbase.com/organization/catalent-pharma-solutions,2024-05-16,2,,1.6,0,13,0,0,0,0,0,124,0,,0.0,0,94,0,0,0,0,0,0,0,0,0,0,0,0,0,0,0,0,0,0,0,0,0,0,0,0,0,0,0,0,0,13,106,Somerset,New Jersey,https://parat.eto.tech/company/3087-catalent
Teledyne Technologies,2819,United States,http://www.teledyne.com/,S&P 500,,North America,Mature,Technology Equipment,"Teledyne Technologies provides electronic components, instruments, and communications products.",crunchbase,https://www.crunchbase.com/organization/teledyne-technologies,2024-05-16,25,50.0,3.7,0,713,3,3,11,1,0,668,42,368.0555555555556,5.9,29,715,0,0,1,0,0,0,0,0,0,7,0,0,0,18,0,3,0,17,4,9,20,6,0,0,0,13,0,0,1,5,106,Thousand Oaks,California,https://parat.eto.tech/company/2819-teledyne-technologies
Cintas Corporation,2259,United States,https://www.cintas.com/,S&P 500,,North America,Mature,Industrial & Commercial Services,Cintas Corporation provides highly specialized services to businesses of all types.,crunchbase,https://www.crunchbase.com/organization/cintas,2024-05-16,0,,0.0,0,0,0,0,0,0,0,5,0,,0,0,0,0,0,0,0,0,0,0,0,0,0,0,0,0,0,0,0,0,0,0,0,0,0,0,0,0,0,0,0,0,18,105,Cincinnati,Ohio,https://parat.eto.tech/company/2259-cintas-corporation
Ball,2228,United States,http://ball.com/,S&P 500,,North America,Mature,Applied Resources,"Ball Corporation supplies aluminum packaging solutions for personal care, household, and beverage, as well as aerospace and other services.",crunchbase,https://www.crunchbase.com/organization/ball-corporation-altrista,2024-05-16,29,3.3333333333333335,4.6,0,636,5,1,13,2,0,629,4,-50.0,3.8,3,106,0,0,0,0,0,0,0,0,1,0,0,0,0,0,0,0,0,3,0,1,1,1,0,0,0,3,0,0,0,9,105,Broomfield,Colorado,https://parat.eto.tech/company/2228-ball
United Rentals,2521,United States,https://www.unitedrentals.com/,S&P 500,,North America,Mature,Industrial & Commercial Services,United Rentals operates as an equipment rental company that provides rental equipment and tools for industrial and construction companies.,crunchbase,https://www.crunchbase.com/organization/united-rentals,2024-05-16,0,,0.0,0,0,0,0,0,0,0,2,0,,0,0,0,0,0,0,0,0,0,0,0,0,0,0,0,0,0,0,0,0,0,0,0,0,0,0,0,0,0,0,0,0,14,104,Stamford,Connecticut,https://parat.eto.tech/company/2521-united-rentals
Packaging Corporation of America,2449,United States,https://www.packagingcorp.com/,S&P 500,,North America,Mature,Applied Resources,Packaging Corporation of America (PCA) is the fourth largest producer of containerboard and corrugated packaging products in the United,crunchbase,https://www.crunchbase.com/organization/packaging-corp-of-america,2024-05-16,0,,0.0,0,0,0,0,0,0,0,2,0,,0,0,0,0,0,0,0,0,0,0,0,0,0,0,0,0,0,0,0,0,0,0,0,0,0,0,0,0,0,0,0,0,4,102,Lake Forest,Illinois,https://parat.eto.tech/company/2449-packaging-corporation-of-america
Pultegroup,2466,United States,http://www.pultegroupinc.com/,S&P 500,,North America,Mature,Cyclical Consumer Products,PulteGroup is a residential construction company that develops homes.,crunchbase,https://www.crunchbase.com/organization/pulte-group,2024-05-16,0,,0.0,0,0,0,0,0,0,0,3,0,,0,0,0,0,0,0,0,0,0,0,0,0,0,0,0,0,0,0,0,0,0,0,0,0,0,0,0,0,0,0,0,0,5,100,Atlanta,Georgia,https://parat.eto.tech/company/2466-pultegroup
Fortive,2328,United States,http://www.fortive.com/,S&P 500,,North America,Mature,Industrial Goods,"Fortive provides the essential technology for the people who create, implement, and accelerate progress.",crunchbase,https://www.crunchbase.com/organization/fortive,2024-05-16,0,,0.0,0,0,0,0,0,0,0,1,99,127.77777777777777,10.7,14,923,0,1,2,0,0,0,5,0,1,1,0,0,0,30,0,0,0,26,1,9,10,9,0,2,0,57,2,0,0,17,99,Everett,Washington,https://parat.eto.tech/company/2328-fortive
IPG Photonics,2373,United States,https://www.ipgphotonics.com/,,,North America,Mature,Technology Equipment,IPG Photonics develops and manufactures fiber lasers and amplifiers for diverse applications in numerous markets.,crunchbase,https://www.crunchbase.com/organization/ipg-photonics,2024-05-16,0,,0.0,0,0,0,0,0,0,0,181,5,,2.9,0,171,0,0,0,0,0,0,4,0,1,0,0,0,0,0,4,0,0,0,0,0,0,0,0,0,0,0,0,0,0,0,99,Oxford,Massachusetts,https://parat.eto.tech/company/2373-ipg-photonics
Brown-Forman,2238,United States,https://www.brown-forman.com/,S&P 500,,North America,Mature,Food & Beverages,Brown-Forman is a spirits and wine company that produces alcoholic beverage brands.,crunchbase,https://www.crunchbase.com/organization/brown-forman-corp,2024-05-16,0,,0,0,0,0,0,0,0,0,0,0,,0,0,0,0,0,0,0,0,0,0,0,0,0,0,0,0,0,0,0,0,0,0,0,0,0,0,0,0,0,0,0,0,37,97,Louisville,Kentucky,https://parat.eto.tech/company/2238-brown-forman
Mosaic Company,2421,United States,http://www.mosaicco.com/,S&P 500,,North America,Mature,Chemicals,The Mosaic Company is a producer and marketer of concentrated phosphate and potash minerals into crop nutrients to help feed the world.,crunchbase,https://www.crunchbase.com/organization/the-mosaic-company,2024-05-16,3,-100.0,15.0,0,31,1,0,1,0,0,20,0,,0,0,0,0,0,0,0,0,0,0,0,0,0,0,0,0,0,0,0,0,0,0,0,0,0,0,0,0,0,0,0,0,17,97,Tampa,Florida,https://parat.eto.tech/company/2421-mosaic-company
Anthropic,6901,United States,https://www.anthropic.com/,GenAI Contenders,,North America,Unknown,Unknown,"Anthropic PBC is a U.S.-based artificial intelligence (AI) startup company, founded in 2021, researching artificial intelligence as a public-benefit company to develop AI systems to “study their safety properties at the technological frontier” and use this research to deploy safe, reliable models for the public. Anthropic has developed a family of large language models (LLMs) named Claude as a competitor to OpenAI’s ChatGPT and Google’s Gemini.",wikipedia,https://en.wikipedia.org/wiki/Anthropic,2024-05-20,13,-66.66666666666667,56.5,3,1126,7,3,0,2,3,23,0,,0,0,0,0,0,0,0,0,0,0,0,0,0,0,0,0,0,0,0,0,0,0,0,0,0,0,0,0,0,0,0,0,11,97,San Francisco,California,https://parat.eto.tech/company/6901-anthropic
Perrigo,2456,Ireland,https://www.perrigo.com/,,,Europe,Mature,Pharmaceuticals & Medical Research,Perrigo is a pharmaceutical and consumer goods company that produces a variety of over-the-counter and generic prescription pharmaceuticals.,crunchbase,https://www.crunchbase.com/organization/perrigo,2024-05-16,1,,2.0,0,3,0,0,0,0,0,49,0,,0.0,0,53,0,0,0,0,0,0,0,0,0,0,0,0,0,0,0,0,0,0,0,0,0,0,0,0,0,0,0,0,0,19,95,Dublin,Dublin,https://parat.eto.tech/company/2456-perrigo
SBA Communications,2484,United States,https://sbasite.com/,S&P 500,,North America,Mature,Real Estate,SBA Communications is a wireless Internet installer for a number of different countries.,crunchbase,https://www.crunchbase.com/organization/sba-communications,2024-05-16,0,,0.0,0,0,0,0,0,0,0,3,0,,0,0,0,0,0,0,0,0,0,0,0,0,0,0,0,0,0,0,0,0,0,0,0,0,0,0,0,0,0,0,0,0,10,92,Boca Raton,Florida,https://parat.eto.tech/company/2484-sba-communications
Leggett & Platt,2394,United States,http://www.leggett.com/,,,North America,Mature,Cyclical Consumer Products,"Leggett & Plat, which pioneered sleep technology when it introduced its bedspring more than 125 years ago.",crunchbase,https://www.crunchbase.com/organization/leggett-platt,2024-05-16,0,,0,0,0,0,0,0,0,0,0,0,,0.0,0,214,0,0,0,0,0,0,0,0,0,0,0,0,0,0,0,0,0,0,0,0,0,0,0,0,0,0,0,0,0,2,91,Carthage,Mississippi,https://parat.eto.tech/company/2394-leggett-platt
Jack Henry & Associates,2375,United States,https://www.jackhenry.com,S&P 500,,North America,Mature,Software & IT Services,"Jack Henry & Associates, Inc. provides integrated computer systems for in-house and outsourced data processing to commercial banks.",crunchbase,https://www.crunchbase.com/organization/jack-henry-associates,2024-05-16,0,,0.0,0,0,0,0,0,0,0,1,1,,100.0,0,1,0,1,1,0,0,0,0,0,0,0,0,0,0,0,0,0,0,0,0,0,0,0,0,0,0,0,1,0,0,3,90,Monett,Missouri,https://parat.eto.tech/company/2375-jack-henry-associates
Quanta Services,2469,United States,http://www.quantaservices.com/,S&P 500,,North America,Mature,Industrial & Commercial Services,"Quanta Services provides engineering, procurement and construction (EPC) services for comprehensive infrastructure needs.",crunchbase,https://www.crunchbase.com/organization/quanta-services-inc,2024-05-16,0,,0.0,0,0,0,0,0,0,0,7,1,,1.0,0,101,0,0,0,0,0,0,0,0,0,0,0,0,0,1,0,0,0,0,0,1,0,0,0,0,0,0,0,0,0,2,88,Houston,Texas,https://parat.eto.tech/company/2469-quanta-services
Steel Dynamics,6980,United States,https://www.steeldynamics.com/,S&P 500,,North America,Mature,Unknown,"Steel Dynamics, Inc., sometimes abbreviated as ""SDI"", is an American steel producer based in Fort Wayne, Indiana.",wikipedia,https://en.wikipedia.org/wiki/Steel_Dynamics,2024-06-04,0,,0.0,0,0,0,0,0,0,0,12,0,,0,0,0,0,0,0,0,0,0,0,0,0,0,0,0,0,0,0,0,0,0,0,0,0,0,0,0,0,0,0,0,0,1,82,Fort Wayne,Indiana,https://parat.eto.tech/company/6980-steel-dynamics
Incyte,2366,United States,https://www.incyte.com/,S&P 500,,North America,Mature,Pharmaceuticals & Medical Research,Incyte is a drug discovery and development company which hopes to build a proprietary product pipeline of novel small molecule drugs.,crunchbase,https://www.crunchbase.com/organization/incyte,2024-05-16,15,-100.0,1.3,1,949,11,0,0,0,0,1175,0,,0.0,0,351,0,0,0,0,0,0,0,0,0,0,0,0,0,0,0,0,0,0,0,0,0,0,0,0,0,0,0,0,0,30,81,Wilmington,Delaware,https://parat.eto.tech/company/2366-incyte
Rollins,2480,United States,http://www.rollins.com/,S&P 500,,North America,Mature,Industrial & Commercial Services,"Rollins, Inc. is a premier North American consumer and commercial services company. Through its wholly owned subsidiaries.",crunchbase,https://www.crunchbase.com/organization/rollins,2024-05-16,0,,0.0,0,0,0,0,0,0,0,1,0,,0,0,0,0,0,0,0,0,0,0,0,0,0,0,0,0,0,0,0,0,0,0,0,0,0,0,0,0,0,0,0,0,4,81,Atlanta,Georgia,https://parat.eto.tech/company/2480-rollins
Match Group,6971,United States,https://mtch.com/,S&P 500,,North America,Mature,Unknown,"Match Group is an American internet and technology company headquartered in Dallas, Texas. It owns and operates the largest global portfolio of popular online dating services including Tinder, Match.com, Meetic, OkCupid, Hinge, Plenty of Fish, OurTime, and other dating global brands. The company was owned by IAC until July 2020 when Match Group was spun off as a separate, public company. As of 2019, the company had 9.3 million subscribers, of which 4.6 million were in North America. Japan is the company's second largest market, after the United States.",wikipedia,https://en.wikipedia.org/wiki/Match_Group,2024-06-04,0,,0.0,0,0,0,0,0,0,0,3,1,,5.9,0,17,0,0,0,0,0,0,0,0,0,0,0,0,0,0,0,0,0,1,0,1,0,0,0,0,0,0,0,0,0,12,80,Dallas,Texas,https://parat.eto.tech/company/6971-match-group
Vulcan Materials,2532,United States,https://www.vulcanmaterials.com/,S&P 500,,North America,Mature,Mineral Resources,"Vulcan Materials Company is the nation’s largest producer of construction aggregates, primarily crushed stone, sand and gravel.",crunchbase,https://www.crunchbase.com/organization/vulcan-materials-company,2024-05-16,0,,0.0,0,0,0,0,0,0,0,16,0,,0,0,0,0,0,0,0,0,0,0,0,0,0,0,0,0,0,0,0,0,0,0,0,0,0,0,0,0,0,0,0,0,8,79,Birmingham,Alabama,https://parat.eto.tech/company/2532-vulcan-materials
Nordson Corporation,6974,United States,https://www.nordson.com/en,S&P 500,,North America,Mature,Unknown,"Nordson Corporation is an American multinational corporation that designs and manufactures dispensing equipment for consumer and industrial adhesives, sealants and coatings. The company also manufactures equipment used in the testing and inspection of electronic components, technology-based systems for curing and surface treatment processes as well as medical devices and component technologies. The company is headquartered in Westlake, Ohio, and has direct operations and sales-support offices in approximately 30 countries.",wikipedia,https://en.wikipedia.org/wiki/Nordson_Corporation,2024-06-04,1,,1.9,0,0,0,0,0,0,0,52,4,-100.0,1.1,2,355,0,0,0,0,0,0,0,0,1,0,0,0,0,1,2,0,2,1,0,0,3,1,0,0,0,3,0,0,0,5,79,Westlake,Ohio,https://parat.eto.tech/company/6974-nordson-corporation
Lamb Weston Holdings,2392,United States,https://www.lambweston.com/,S&P 500,,North America,Mature,Food & Beverages,A produces and distributes frozen potato products to restaurants and consumers in the United States and internationally.,crunchbase,https://www.crunchbase.com/organization/conagra-foods-lamb-weston,2024-05-16,0,,0.0,0,0,0,0,0,0,0,1,0,,0,0,0,0,0,0,0,0,0,0,0,0,0,0,0,0,0,0,0,0,0,0,0,0,0,0,0,0,0,0,0,0,12,78,Eagle,Idaho,https://parat.eto.tech/company/2392-lamb-weston-holdings
CF Industries Holdings,2254,United States,https://www.cfindustries.com/,S&P 500,,North America,Mature,Chemicals,"CF Industries, a global leader in nitrogen fertilizer manufacturing and distribution",crunchbase,https://www.crunchbase.com/organization/cf-industries-holdings,2024-05-16,0,,0.0,0,0,0,0,0,0,0,2,0,,0,0,0,0,0,0,0,0,0,0,0,0,0,0,0,0,0,0,0,0,0,0,0,0,0,0,0,0,0,0,0,0,1,78,Deerfield,Illinois,https://parat.eto.tech/company/2254-cf-industries-holdings
Prologis,2463,United States,https://www.prologis.com/,S&P 500,,North America,Mature,Real Estate,"Prologis is an owner, operator, and developer of industrial real estate, logistics, and supply chain.",crunchbase,https://www.crunchbase.com/organization/prologis,2024-05-16,4,,26.7,0,32,1,0,0,0,0,15,0,,0,0,0,0,0,0,0,0,0,0,0,0,0,0,0,0,0,0,0,0,0,0,0,0,0,0,0,0,0,0,0,0,24,77,San Francisco,California,https://parat.eto.tech/company/2463-prologis
Royal Caribbean Cruises,2483,United States,https://www.royalcaribbean.com/,S&P 500,,North America,Mature,Cyclical Consumer Services,Royal Caribbean Cruises is a global cruise vacation company that owns and operates global brands for leisure & travel .,crunchbase,https://www.crunchbase.com/organization/royal-caribbean-cruises-2,2024-05-16,0,,0.0,0,0,0,0,0,0,0,30,3,0.0,7.5,2,40,0,0,1,0,0,0,0,0,0,0,0,0,0,3,0,0,0,0,0,0,1,0,0,0,0,0,1,0,0,5,76,Miami,Florida,https://parat.eto.tech/company/2483-royal-caribbean-cruises
NVR,2441,United States,http://www.nvrinc.com/,S&P 500,,North America,Mature,Cyclical Consumer Products,"NVR, Inc. (NVR) is a homebuilder in the United States.",crunchbase,https://www.crunchbase.com/organization/nvr,2024-05-16,0,,0,0,0,0,0,0,0,0,0,0,,0,0,0,0,0,0,0,0,0,0,0,0,0,0,0,0,0,0,0,0,0,0,0,0,0,0,0,0,0,0,0,0,5,76,Reston,Virginia,https://parat.eto.tech/company/2441-nvr
Pool Corporation,3091,United States,https://www.poolcorp.com/,S&P 500,,North America,Mature,Cyclical Consumer Products,POOLCORP leads the pack as the world's largest wholesale distributor of swimming pool supplies,crunchbase,https:// https://www.crunchbase.com/organization/pool-corporation,2024-05-16,0,,0,0,0,0,0,0,0,0,0,0,,0,0,0,0,0,0,0,0,0,0,0,0,0,0,0,0,0,0,0,0,0,0,0,0,0,0,0,0,0,0,0,0,8,75,Covington,Louisiana,https://parat.eto.tech/company/3091-pool-corporation
Brown & Brown,6943,United States,https://www.bbinsurance.com/,S&P 500,,North America,Mature,Unknown,"Brown & Brown, Inc. (Brown & Brown Insurance) is an insurance brokerage firm, specialising in risk management. Headquartered in Daytona Beach, Florida, Brown & Brown has 450+ locations worldwide.",wikipedia,https://en.wikipedia.org/wiki/Brown_%26_Brown,2024-06-04,0,,0.0,0,0,0,0,0,0,0,21,0,,0,0,0,0,0,0,0,0,0,0,0,0,0,0,0,0,0,0,0,0,0,0,0,0,0,0,0,0,0,0,0,0,10,74,Daytona Beach,Florida,https://parat.eto.tech/company/6943-brown-brown
Broadridge Financial Solutions,2237,United States,https://www.broadridge.com/,S&P 500,,North America,Mature,Industrial & Commercial Services,"Broadridge is a provider of investor communications and technology solutions for broker dealers, banks, mutual funds and corporate issuers.",crunchbase,https://www.crunchbase.com/organization/broadridge,2024-05-16,8,50.0,36.4,1,303,0,3,0,1,0,22,16,,80.0,6,20,0,5,0,0,0,0,0,0,0,0,0,0,0,7,0,2,0,0,0,0,0,0,0,0,0,0,0,0,0,6,74,Lake Success,New York,https://parat.eto.tech/company/2237-broadridge-financial-solutions
Monolithic Power Systems,6973,United States,https://www.monolithicpower.com/,S&P 500,,North America,Mature,Unknown,"Monolithic Power Systems, Inc. is an American, publicly traded company headquartered in Kirkland, Washington. It operates in more than 15+ locations worldwide.",wikipedia,https://en.wikipedia.org/wiki/Monolithic_Power_Systems,2024-06-04,1,-100.0,1.5,0,0,0,0,0,0,0,66,0,,0,0,0,0,0,0,0,0,0,0,0,0,0,0,0,0,0,0,0,0,0,0,0,0,0,0,0,0,0,0,0,0,1,72,Kirkland,Washington,https://parat.eto.tech/company/6973-monolithic-power-systems
Cambricon,52,China,http://www.cambricon.com/,,,Asia,Mature,Software & IT Services,"Cambricon Technologies builds core processor chips for intelligent cloud servers, intelligent terminals, and intelligent robots.",crunchbase,https://www.crunchbase.com/organization/cambricon-technologies,2024-05-16,27,6.111111111111112,32.9,7,670,7,1,2,0,4,82,1061,35.195356144936476,69.0,665,1538,1,0,4,0,0,0,0,0,2,2,0,0,2,684,0,3,3,41,2,9,36,12,1,3,1,2,1,0,10,8,70,Beijing,Beijing ,https://parat.eto.tech/company/52-cambricon
Las Vegas Sands,2393,United States,https://www.sands.com/,S&P 500,,North America,Mature,Cyclical Consumer Services,Sands is a developer of mobile applications. They have been developing applications regarding Travel for providing,crunchbase,https://www.crunchbase.com/organization/las-vegas-sands,2024-05-16,0,,0,0,0,0,0,0,0,0,0,0,,0,0,0,0,0,0,0,0,0,0,0,0,0,0,0,0,0,0,0,0,0,0,0,0,0,0,0,0,0,0,0,0,3,69,Las Vegas,Nevada,https://parat.eto.tech/company/2393-las-vegas-sands
MORSE,6927,United States,https://www.morsecorp.com/,,,North America,Unknown,Unknown,"MORSE is a specially selected team of scientists, engineers, and software developers who use asymmetric and unconventional approaches to deploy practical solutions that solve difficult multi-disciplinary problems faced by the US National Security Ecosystem.",company,https://www.morsecorp.com/about.html,2024-05-20,0,,0,0,0,0,0,0,0,0,0,1,-100.0,50.0,1,2,0,0,0,0,0,0,0,0,0,0,0,0,0,0,0,0,0,0,1,0,0,0,0,0,0,0,0,0,0,14,68,cambridge,massachusetts,https://parat.eto.tech/company/6927-morse
Martin Marietta Materials,2407,United States,https://www.martinmarietta.com/,S&P 500,,North America,Mature,Mineral Resources,Martin Marietta Materials supplies the products to build the world around you. They are the nation’s second largest producer of,crunchbase,https://www.crunchbase.com/organization/martin-marietta,2024-05-16,0,,0.0,0,0,0,0,0,0,0,10,0,,0,0,0,0,0,0,0,0,0,0,0,0,0,0,0,0,0,0,0,0,0,0,0,0,0,0,0,0,0,0,0,0,5,68,Raleigh,North Carolina,https://parat.eto.tech/company/2407-martin-marietta-materials
Simon Property Group,2489,United States,http://www.simon.com/,S&P 500,,North America,Mature,Real Estate,Simon Property Group is a commercial real estate company operating on platforms that include regional malls and community/lifestyle centers.,crunchbase,https://www.crunchbase.com/organization/simon-property-group,2024-05-16,0,,0.0,0,0,0,0,0,0,0,1,0,,0,0,0,0,0,0,0,0,0,0,0,0,0,0,0,0,0,0,0,0,0,0,0,0,0,0,0,0,0,0,0,0,14,66,Indianapolis,Indiana,https://parat.eto.tech/company/2489-simon-property-group
Bio-Techne,6941,United States,https://www.bio-techne.com/,S&P 500,,North America,Mature,Unknown,"Bio-Techne Corporation develops, manufactures and sells life science reagents, instruments and services for the research, diagnostic, and bioprocessing markets.",wikipedia,https://en.wikipedia.org/wiki/Bio-Techne,2024-06-04,0,,0.0,0,0,0,0,0,0,0,79,0,,0,0,0,0,0,0,0,0,0,0,0,0,0,0,0,0,0,0,0,0,0,0,0,0,0,0,0,0,0,0,0,0,9,65,Minneapolis,Minnesota,https://parat.eto.tech/company/6941-bio-techne
BlackSky Global,6924,United States,https://www.blacksky.com/,,,North America,Unknown,Unknown,,,,,5,200.0,20.8,0,16,3,0,0,0,0,24,0,,0,0,0,0,0,0,0,0,0,0,0,0,0,0,0,0,0,0,0,0,0,0,0,0,0,0,0,0,0,0,0,0,5,65,seattle,washington,https://parat.eto.tech/company/6924-blacksky-global
Mitsubishi,786,Japan,http://www.mitsubishicorp.com/,,,Asia,Mature,Industrial & Commercial Services,Mitsubishi Corporation is Japan's largest trading company and a member of the Mitsubishi keiretsu.,crunchbase,https://www.crunchbase.com/organization/mitsubishi-corporation,2024-05-16,1150,6.782402427071585,12.3,70,39040,269,92,355,39,68,9316,1257,29.595615037041185,1.6,664,79985,3,16,59,2,0,5,116,1,162,35,0,1,3,309,77,34,5,138,118,89,179,366,0,34,3,169,51,0,69,1,65,Tokyo,Kantō,https://parat.eto.tech/company/786-mitsubishi
Targa Resources,6982,United States,https://www.targaresources.com/,S&P 500,,North America,Mature,Unknown,"Targa Resources Corp. is a Fortune 500 company based in Houston, Texas. Targa, a midstream energy infrastructure corporation, is one of the largest infrastructure companies delivering natural gas and natural gas liquids in the United States. Their operations are based largely, though not entirely, on the Gulf Coast, particularly in Texas and Louisiana. Matthew J. Meloy has been Chief Executive Officer since 2020.",wikipedia,https://en.wikipedia.org/wiki/Targa_Resources,2024-06-04,0,,0.0,0,0,0,0,0,0,0,4,0,,0,0,0,0,0,0,0,0,0,0,0,0,0,0,0,0,0,0,0,0,0,0,0,0,0,0,0,0,0,0,0,0,12,64,Houston,Texas,https://parat.eto.tech/company/6982-targa-resources
Amphenol,2214,United States,https://www.amphenol.com/,S&P 500,,North America,Mature,Technology Equipment,"Amphenol is a supplier of connectors, sensors, and interconnect systems.",crunchbase,https://www.crunchbase.com/organization/amphenol-corporation,2024-05-16,0,,0.0,0,0,0,0,0,0,0,71,1,-100.0,0.0,1,2705,0,0,1,1,0,0,0,0,0,0,0,0,0,1,0,0,0,1,1,0,0,0,0,0,0,1,1,0,0,4,64,Wallingford,Connecticut,https://parat.eto.tech/company/2214-amphenol
4Thparadigm,3,China,https://www.4paradigm.com/,,,Asia,Mature,Unknown,4Paradigm is an AI tech firm that helps enterprises improve work efficiency while reducing risk and achieving greater commercial value.,crunchbase,https://www.crunchbase.com/organization/4paradigm,2024-05-16,12,-16.666666666666668,75.0,7,769,3,0,0,0,1,16,389,70.50960735171262,53.4,164,728,1,17,52,2,0,0,2,4,13,4,0,0,2,236,0,16,0,13,5,19,14,1,1,16,4,1,35,0,6,26,63,Beijing,Beijing ,https://parat.eto.tech/company/3-4thparadigm
Stability AI,6902,United Kingdom,https://stability.ai/,GenAI Contenders,,Europe,Unknown,Unknown,"Stability AI is the world’s leading open source generative AI company. We deliver breakthrough, open-access AI models with minimal resource requirements in imaging, language, code and audio.",company,https://stability.ai/about,2024-05-20,16,250.0,94.1,7,755,7,2,0,0,10,17,1,,100.0,1,1,0,0,0,0,0,0,0,0,0,0,0,0,0,1,0,0,0,0,0,0,1,0,0,0,0,0,0,0,0,18,62,london,,https://parat.eto.tech/company/6902-stability-ai
Monster Beverage,2419,United States,http://monsterbevcorp.com/,S&P 500,,North America,Mature,Food & Beverages,Monster Beverage Corporation is a holding company.,crunchbase,https://www.crunchbase.com/organization/monster-beverage-corporation,2024-05-16,0,,0,0,0,0,0,0,0,0,0,0,,0,0,0,0,0,0,0,0,0,0,0,0,0,0,0,0,0,0,0,0,0,0,0,0,0,0,0,0,0,0,0,0,12,62,Corona,California,https://parat.eto.tech/company/2419-monster-beverage
Invitation Homes,6966,United States,https://www.invitationhomes.com/,S&P 500,,North America,Mature,Unknown,"Invitation Homes Inc. is a public company traded on the New York Stock Exchange. It is headquartered in the Comerica Bank Tower in Dallas, Texas. Dallas B. Tanner is chief executive officer. As of 2017, the company was reportedly the largest owner of single-family rental homes in the United States. As of December 2022, the company owned about 83,000 rental homes in 16 markets.",wikipedia,https://en.wikipedia.org/wiki/Invitation_Homes,2024-06-04,0,,0,0,0,0,0,0,0,0,0,1,,100.0,0,1,0,0,1,0,0,0,0,0,0,0,0,0,0,0,0,0,0,0,0,0,0,0,0,0,0,0,0,0,0,10,62,Dallas,Texas,https://parat.eto.tech/company/6966-invitation-homes
Avalonbay Communities,2226,United States,https://www.avaloncommunities.com/,S&P 500,,North America,Mature,Real Estate,AvalonBay Communities is a real estate investment company,crunchbase,https://www.crunchbase.com/organization/avalonbay,2024-05-16,1,-100.0,100.0,0,12,0,0,0,1,0,1,0,,0,0,0,0,0,0,0,0,0,0,0,0,0,0,0,0,0,0,0,0,0,0,0,0,0,0,0,0,0,0,0,0,13,61,Arlington,Virginia,https://parat.eto.tech/company/2226-avalonbay-communities
Edison International,2300,United States,https://www.edison.com/,S&P 500,,North America,Mature,Utilities,Edison International is a generator and distributor of electric power and an investor in infrastructure and energy assets.,crunchbase,https://www.crunchbase.com/organization/edison-international,2024-05-16,6,16.666666666666668,2.8,0,17,0,0,1,0,0,211,0,,0,0,0,0,0,0,0,0,0,0,0,0,0,0,0,0,0,0,0,0,0,0,0,0,0,0,0,0,0,0,0,0,4,59,Rosemead,California,https://parat.eto.tech/company/2300-edison-international
Helmerich & Payne,2350,United States,http://www.hpinc.com/,,,North America,Mature,Energy - Fossil Fuels,"Helmerich & Payne, Inc. is a contract drilling company which engaged primarily in the drilling of oil and gas wells for exploration.",crunchbase,https://www.crunchbase.com/organization/helmerich-payne,2024-05-16,2,-100.0,3.5,0,1,1,0,0,0,0,57,1,,3.2,0,31,0,0,0,0,0,0,0,0,0,0,0,0,0,1,1,0,0,0,0,1,0,0,0,0,0,1,0,0,0,7,58,Tulsa,Oklahoma,https://parat.eto.tech/company/2350-helmerich-payne
Idex Corporation,2362,United States,http://www.idexcorp.com/,S&P 500,,North America,Mature,Industrial Goods,"IDEX is a publicly-traded company providing development, design, and manufacturing of fluidics systems and specialty engineered products.",crunchbase,https://www.crunchbase.com/organization/idex-corp,2024-05-16,1,,3.3,0,17,0,0,0,1,0,30,1,-100.0,0.3,0,299,0,0,0,0,0,0,0,0,0,0,0,0,0,1,1,0,0,0,0,0,0,1,0,0,0,1,0,0,0,3,58,Lake Forest,Illinois,https://parat.eto.tech/company/2362-idex-corporation
Rebellion Defense,6929,United States,https://rebelliondefense.com/,,,North America,Unknown,Unknown,,,,,0,,0.0,0,0,0,0,0,0,0,2,1,,100.0,1,1,0,0,0,0,0,0,0,0,0,0,0,0,0,0,0,0,0,1,0,1,1,0,0,0,0,1,0,0,0,6,56,washington,district of columbia,https://parat.eto.tech/company/6929-rebellion-defense
Bitmain Technologies,43,China,https://www.bitmain.com/,,,Asia,Growth,Financial Technology (Fintech) & Infrastructure,Bitmain is a design and manufacture of high performance computing chips and software.,crunchbase,https://www.crunchbase.com/organization/bitmain,2024-05-16,4,,16.7,1,25,1,0,0,0,0,24,20,-38.888888888888886,3.6,12,549,0,0,0,0,0,0,0,0,0,0,0,0,0,7,0,1,0,1,0,0,0,0,0,0,0,0,0,0,0,4,56,Beijing,Beijing ,https://parat.eto.tech/company/43-bitmain-technologies
Public Storage,2465,United States,https://www.publicstorage.com/,S&P 500,,North America,Mature,Real Estate,Public Storage is an ideal choice for both commercial and household self-storage needs.,crunchbase,https://www.crunchbase.com/organization/public-storage,2024-05-16,0,,0,0,0,0,0,0,0,0,0,0,,0,0,0,0,0,0,0,0,0,0,0,0,0,0,0,0,0,0,0,0,0,0,0,0,0,0,0,0,0,0,0,0,16,52,Glendale,California,https://parat.eto.tech/company/2465-public-storage
Equity Residential,2307,United States,http://www.equityapartments.com/,S&P 500,,North America,Mature,Real Estate,Equity Residential (EQR) is a real estate investment trust (REIT).,crunchbase,https://www.crunchbase.com/organization/equity-residential,2024-05-16,0,,0,0,0,0,0,0,0,0,0,0,,0,0,0,0,0,0,0,0,0,0,0,0,0,0,0,0,0,0,0,0,0,0,0,0,0,0,0,0,0,0,0,0,7,51,Chicago,Illinois,https://parat.eto.tech/company/2307-equity-residential
Synthesia,6908,United Kingdom,https://www.synthesia.io,GenAI Contenders,,Europe,Unknown,Unknown,"Synthesia is a synthetic media generation company that develops software used to create AI generated video content. It is based in London, England.",wikipedia,https://en.wikipedia.org/wiki/Synthesia_(company),2024-05-20,0,,0,0,0,0,0,0,0,0,0,0,,0,0,0,0,0,0,0,0,0,0,0,0,0,0,0,0,0,0,0,0,0,0,0,0,0,0,0,0,0,0,0,0,5,50,london,,https://parat.eto.tech/company/6908-synthesia
Tamr,243,United States,http://www.tamr.com/,,,North America,Growth,Software & IT Services,Tamr offers an enterprise-grade data unification platform that allows organizations to consolidate and streamline their data operations.,crunchbase,https://www.crunchbase.com/organization/tamr,2024-05-16,0,,0.0,0,23,0,0,0,0,0,11,5,-100.0,41.7,5,12,0,1,1,0,0,0,0,0,0,0,0,0,0,4,0,0,0,1,0,0,0,0,0,1,0,0,0,0,0,8,47,Cambridge,Massachusetts,https://parat.eto.tech/company/243-tamr
Church & Dwight,2257,United States,https://churchdwight.com/,S&P 500,,North America,Mature,Personal & Household Products & Services,"Church & Dwight Co., Inc. develops, manufactures and markets a range of household, personal care and specialty products.",crunchbase,https://www.crunchbase.com/organization/church-dwight-co-inc,2024-05-16,0,,0.0,0,0,0,0,0,0,0,57,1,,0.4,1,276,0,0,0,0,0,0,0,0,0,0,0,0,0,1,1,0,0,0,0,0,1,0,0,0,0,1,0,0,0,9,46,Ewing Township,New Jersey,https://parat.eto.tech/company/2257-church-dwight
EQT,6955,United States,https://www.eqt.com/,S&P 500,,North America,Mature,Unknown,"EQT Corporation is an American energy company engaged in hydrocarbon exploration and pipeline transport. It is headquartered in EQT Plaza in Pittsburgh, Pennsylvania.",wikipedia,https://en.wikipedia.org/wiki/EQT_Corporation,2024-06-04,0,,0,0,0,0,0,0,0,0,0,1,,50.0,1,2,0,0,0,0,0,0,1,0,0,0,0,0,0,0,0,0,0,1,0,0,0,1,0,0,0,0,0,0,0,12,42,Pittsburgh,Pennsylvania,https://parat.eto.tech/company/6955-eqt
Universal Health Services,2522,United States,https://uhs.com/,S&P 500,,North America,Mature,Healthcare Services & Equipment,"Universal Health Services, Inc. (UHS) is one of the nation's largest and most respected healthcare management companies.",crunchbase,https://www.crunchbase.com/organization/universal-health-services,2024-05-16,0,,0.0,0,0,0,0,0,0,0,54,0,,0,0,0,0,0,0,0,0,0,0,0,0,0,0,0,0,0,0,0,0,0,0,0,0,0,0,0,0,0,0,0,0,3,42,King Of Prussia,Pennsylvania,https://parat.eto.tech/company/2522-universal-health-services
Coterra,3101,United States,https://coterra.com/,S&P 500,,North America,Mature,Energy - Fossil Fuels,Coterra Energy is an energy company positioned to deliver sustainable returns.,crunchbase,https://www.crunchbase.com/organization/coterra-energy,2024-05-16,0,,0.0,0,0,0,0,0,0,0,4,0,,0,0,0,0,0,0,0,0,0,0,0,0,0,0,0,0,0,0,0,0,0,0,0,0,0,0,0,0,0,0,0,0,9,41,Houston,Texas,https://parat.eto.tech/company/3101-coterra
Masco,2408,United States,https://masco.com/,S&P 500,,North America,Mature,Cyclical Consumer Products,Masco Corporation manufacturers of brand name products for the home improvement.,crunchbase,https://www.crunchbase.com/organization/masco-corporation,2024-05-16,0,,0.0,0,0,0,0,0,0,0,6,0,,0.0,0,2024,0,0,0,0,0,0,0,0,0,0,0,0,0,0,0,0,0,0,0,0,0,0,0,0,0,0,0,0,0,5,41,Livonia,Michigan,https://parat.eto.tech/company/2408-masco
AEVEX Aerospace,6923,United States,https://www.aevex.com/,,,North America,Unknown,Unknown,"Aevex Aerospace is an American defense industry firm specializing in airborne intelligence gathering solutions, headquartered in Solana Beach, California. The company designs aircraft, integrates sensors and payloads and provides flight test support services. According to CNN reporter Barbara Starr, Aevex ""does work for US special operations, specifically for covert special operations units.""",wikipedia,https://en.wikipedia.org/wiki/Aevex_Aerospace,2024-05-20,0,,0.0,0,0,0,0,0,0,0,1,0,,0,0,0,0,0,0,0,0,0,0,0,0,0,0,0,0,0,0,0,0,0,0,0,0,0,0,0,0,0,0,0,0,9,40,arlington,virginia,https://parat.eto.tech/company/6923-aevex-aerospace
xAI,6988,United States,https://x.ai/,GenAI Contenders,,North America,Unknown,Unknown,"X.AI Corp., doing business as xAI, is an American startup company working in the area of artificial intelligence (AI). Founded by Elon Musk in March 2023, its stated goal is ""to understand the true nature of the universe"". ",wikipedia,https://en.wikipedia.org/wiki/XAI_(company),2024-05-29,7,50.0,16.7,1,249,1,1,0,2,1,42,4,,100.0,0,4,0,0,1,1,0,1,0,0,0,0,0,0,0,3,0,1,0,0,0,0,0,0,0,0,0,0,0,0,1,14,33,Burlingame,California,https://parat.eto.tech/company/6988-xai
Royce Geo,6930,United States,https://www.roycegeo.com/,,,North America,Unknown,Unknown,"We are a mission-driven company and strive to make an impact on the defense and intelligence missions that ensure our nation’s vitality and security. Each team member is empowered with the expertise and ability to rise to our customer needs, overcome complex problems, and find durable solutions.",company,https://www.roycegeo.com/company/,2024-05-20,0,,0,0,0,0,0,0,0,0,0,2,,100.0,2,2,0,0,0,0,0,0,0,0,0,1,0,0,0,0,0,0,0,0,0,0,2,0,0,0,0,0,0,0,0,13,33,arlington,virginia,https://parat.eto.tech/company/6930-royce-geo
Essex Property Trust,2308,United States,http://www.essexpropertytrust.com/,S&P 500,,North America,Mature,Real Estate,"Essex Property Trust, Inc., is a fully integrated real estate investment trust (REIT) that acquires, develops, redevelops, and manages",crunchbase,https://www.crunchbase.com/organization/essex-property-trust,2024-05-16,0,,0,0,0,0,0,0,0,0,0,0,,0,0,0,0,0,0,0,0,0,0,0,0,0,0,0,0,0,0,0,0,0,0,0,0,0,0,0,0,0,0,0,0,8,33,San Mateo,California,https://parat.eto.tech/company/2308-essex-property-trust
UDR,2515,United States,https://www.udr.com/,S&P 500,,North America,Mature,Real Estate,"UDR is a leading multifamily real estate investment trust that manages, buys, sells, develops and redevelops apartment communities.",crunchbase,https://www.crunchbase.com/organization/udr,2024-05-16,0,,0,0,0,0,0,0,0,0,0,0,,0,0,0,0,0,0,0,0,0,0,0,0,0,0,0,0,0,0,0,0,0,0,0,0,0,0,0,0,0,0,0,0,1,33,Highlands Ranch,Colorado,https://parat.eto.tech/company/2515-udr
Character.ai,6905,United States,https://character.ai,GenAI Contenders,,North America,Unknown,Unknown,"Character.ai (also known as c.ai or Character AI) is an American neural language model chatbot service that can generate human-like text responses and participate in contextual conversation. Constructed by previous developers of Google's LaMDA, Noam Shazeer, and Daniel De Freitas, the beta model was made available to use by the public in September 2022.",wikipedia,https://en.wikipedia.org/wiki/Character.ai,2024-05-20,1,,100.0,0,4,1,0,0,0,1,1,1,,100.0,1,1,0,0,0,0,0,0,0,0,0,0,0,0,0,0,0,0,0,0,0,0,0,0,0,0,0,0,0,0,1,5,32,Menlo Park,california,https://parat.eto.tech/company/6905-character-ai
Shift5,6931,United States,https://shift5.io/,,,North America,Unknown,Unknown,"Shift5 was created by founding members of the U.S. Army Cyber Command who pioneered modern weapon systems cyber assessments. Led by proven change makers, Shift5 brings onboard data to light, helping defense, aviation, and rail build and maintain intelligent fleets.",company,https://shift5.io/about-us/,2024-05-20,0,,0.0,0,0,0,0,0,0,0,3,0,,0,0,0,0,0,0,0,0,0,0,0,0,0,0,0,0,0,0,0,0,0,0,0,0,0,0,0,0,0,0,0,0,4,32,arlington,virginia,https://parat.eto.tech/company/6931-shift5
Veralto,6984,United States,https://www.veralto.com/,S&P 500,,North America,Mature,Unknown,,,,,0,,0,0,0,0,0,0,0,0,0,0,,0,0,0,0,0,0,0,0,0,0,0,0,0,0,0,0,0,0,0,0,0,0,0,0,0,0,0,0,0,0,0,0,0,32,Waltham,Massachusetts,https://parat.eto.tech/company/6984-veralto
Mid-America Apartments,2416,United States,http://www.maac.com/,S&P 500,,North America,Mature,Real Estate,"MAA is a real estate investment trust that focuses on the acquisition, development, and management of multifamily homes.",crunchbase,https://www.crunchbase.com/organization/mid-america-apartment-communities,2024-05-16,0,,0,0,0,0,0,0,0,0,0,0,,0,0,0,0,0,0,0,0,0,0,0,0,0,0,0,0,0,0,0,0,0,0,0,0,0,0,0,0,0,0,0,0,1,31,Memphis,Tennessee,https://parat.eto.tech/company/2416-mid-america-apartments
Welltower,2538,United States,http://www.welltower.com/ ,S&P 500,,North America,Mature,Real Estate,"Welltower™ is a recognized leader in providing consistent, low-cost capital to fund health care infrastructure and real estate.",crunchbase,https://www.crunchbase.com/organization/welltower-inc,2024-05-16,0,,0.0,0,0,0,0,0,0,0,1,0,,0,0,0,0,0,0,0,0,0,0,0,0,0,0,0,0,0,0,0,0,0,0,0,0,0,0,0,0,0,0,0,0,12,30,Toledo,Ohio,https://parat.eto.tech/company/2538-welltower
Arch Capital Group,6938,United Kingdom,https://www.archgroup.com/,S&P 500,,Europe,Mature,Unknown,"Arch Capital Group Ltd. (Arch Capital or ACGL) is a Bermuda-based public limited company which writes insurance, reinsurance and mortgage insurance on a worldwide basis, with a focus on specialty lines, the segment of the insurance industry where the more difficult and unusual risks are written. It has operations in Bermuda, the United States, Canada, Europe, Australia and, in the case of mortgage insurance, Hong Kong.",wikipedia,"https://Arch Capital Group Ltd. (Arch Capital or ACGL) is a Bermuda-based public limited company which writes insurance, reinsurance and mortgage insurance on a worldwide basis, with a focus on specialty lines, the segment of the insurance industry where the more difficult and unusual risks are written. It has operations in Bermuda, the United States, Canada, Europe, Australia[1] and, in the case of mortgage insurance, Hong Kong.",2024-06-04,0,,0,0,0,0,0,0,0,0,0,0,,0,0,0,0,0,0,0,0,0,0,0,0,0,0,0,0,0,0,0,0,0,0,0,0,0,0,0,0,0,0,0,0,7,30,Hamilton,Bermuda,https://parat.eto.tech/company/6938-arch-capital-group
Adept,6907,United States,https://adept.ai,GenAI Contenders,,North America,Unknown,Unknown,,,,,1,,50.0,0,14,0,0,0,0,0,2,0,,0,0,0,0,0,0,0,0,0,0,0,0,0,0,0,0,0,0,0,0,0,0,0,0,0,0,0,0,0,0,0,0,5,30,San Francisco,California,https://parat.eto.tech/company/6907-adept
Vontier,3098,United States,https://www.vontier.com/,,,North America,Mature,Technology Equipment,Vontier is a global company focused on transportation and mobility.,crunchbase,https://www.crunchbase.com/organization/vontier,2024-05-16,0,,0,0,0,0,0,0,0,0,0,2,,12.5,1,16,0,1,1,0,0,0,0,0,1,0,0,0,0,0,0,1,0,1,1,0,1,0,0,0,0,0,0,0,0,3,30,Raleigh,North Carolina,https://parat.eto.tech/company/3098-vontier
Camden Property Trust,6946,United States,https://www.camdenliving.com/,S&P 500,,North America,Mature,Unknown,"Camden Property Trust is a publicly-traded real estate investment trust that invests in apartments in the United States. As of November 30, 2021, the company owned interests in 171 apartment communities containing 58,588 apartment homes in the United States.",wikipedia,https://en.wikipedia.org/wiki/Camden_Property_Trust,2024-06-04,0,,0,0,0,0,0,0,0,0,0,0,,0,0,0,0,0,0,0,0,0,0,0,0,0,0,0,0,0,0,0,0,0,0,0,0,0,0,0,0,0,0,0,0,9,29,Houston,Texas,https://parat.eto.tech/company/6946-camden-property-trust
Perplexity AI,6922,United States,https://www.perplexity.ai/,GenAI Contenders,,North America,Unknown,Unknown,"Perplexity AI is an AI-chatbot-powered research and conversational search engine that answers queries using natural language predictive text. Launched in 2022, Perplexity generates answers using the sources from the web and cites links within the text response. Perplexity works on a freemium model; the free product uses its Perplexity model based on OpenAI's GPT-3.5 model combined with the company's standalone large language model (LLM) that incorporates natural language processing (NLP) capabilities, while the paid version Perplexity Pro has access to GPT-4, Claude 3, Mistral Large, Llama 3 and an Experimental Perplexity Model. It has garnered about 10 million monthly users.",wikipedia,https://en.wikipedia.org/wiki/Perplexity.ai,2024-05-20,0,,0,0,0,0,0,0,0,0,0,0,,0,0,0,0,0,0,0,0,0,0,0,0,0,0,0,0,0,0,0,0,0,0,0,0,0,0,0,0,0,0,0,0,8,29,San Francisco,California,https://parat.eto.tech/company/6922-perplexity-ai
Vista Equity Partners,3159,United States,https://www.vistaequitypartners.com/,,,North America,Unknown,Banking & Investment Services,"Vista Equity Partners is one of the largest American private equity firms focused on financing software, data, and technology-enabled businesses. Vista has invested in hundreds of companies, including Citrix, Ping Identity, and Marketo.",wikipedia,https://en.wikipedia.org/wiki/Vista_Equity_Partners,2023-11-05,0,,0.0,0,0,0,0,0,0,0,3,0,,0,0,0,0,0,0,0,0,0,0,0,0,0,0,0,0,0,0,0,0,0,0,0,0,0,0,0,0,0,0,0,0,6,28,Austin,Texas,https://parat.eto.tech/company/3159-vista-equity-partners
Loews,2400,United States,https://loews.com/,S&P 500,,North America,Mature,Insurance,Loews Corporation is a diversified company.,crunchbase,https://www.crunchbase.com/organization/loews-corp,2024-05-16,0,,0,0,0,0,0,0,0,0,0,0,,0,0,0,0,0,0,0,0,0,0,0,0,0,0,0,0,0,0,0,0,0,0,0,0,0,0,0,0,0,0,0,0,1,28,New York,New York,https://parat.eto.tech/company/2400-loews
Affectiva,8,United States,https://www.affectiva.com/,,,North America,Mature,Software & IT Services,Affectiva is a developer of an emotion-recognition software designed to analyze subtle facial and vocal expressions.,crunchbase,https://www.crunchbase.com/organization/affectiva,2024-05-16,19,-50.0,73.1,1,1116,17,0,0,2,0,26,8,-66.66666666666667,80.0,4,10,0,0,0,0,0,0,0,0,0,1,0,0,0,5,0,0,0,0,2,1,2,0,0,0,0,0,0,0,1,12,27,Boston,Massachusetts,https://parat.eto.tech/company/8-affectiva
Deepglint,69,China,https://deepglint.com,,,Asia,Growth,Software & IT Services,Deep Glint is a computer vision startup providing 3D image analysis and pattern recognition technologies for mission-critical applications.,crunchbase,https://www.crunchbase.com/organization/deep-glint,2024-05-16,29,-36.666666666666664,61.7,8,1284,25,0,2,1,3,47,34,400.0,29.6,10,115,0,0,0,0,0,0,0,0,3,1,0,0,0,12,0,0,0,1,4,1,12,0,0,0,0,1,0,0,0,8,27,Beijing,Beijing ,https://parat.eto.tech/company/69-deepglint
Aleph Alpha,6909,Germany,https://aleph-alpha.com/,GenAI Contenders,,Europe,Unknown,Unknown,"Aleph Alpha is an independent German artificial intelligence (AI) startup company in Heidelberg, founded by professionals with experience as employees of Apple, SAP and Deloitte. Aleph Alpha attempts to provide a full-stack sovereign technology stack for generative AI, independent from US companies and comply with European data protection regulations and the AI Act. It built one of the most powerful AI clusters inside its own data centre and develops large language models (LLM), which try to provide transparency of its sources used for the results generated and are intended for enterprises and governmental agencies only. Training of its model has been done in five European languages.",company,https://en.wikipedia.org/wiki/Aleph_Alpha,2024-05-20,1,-100.0,20.0,1,99,1,1,0,0,1,5,1,,100.0,1,1,0,0,0,0,0,0,0,0,0,0,0,0,0,0,0,0,0,0,0,0,0,0,0,0,0,0,0,0,0,6,26,Heidelberg,Baden-Wurttemberg,https://parat.eto.tech/company/6909-aleph-alpha
Wynn Resorts,2546,United States,https://www.wynnresorts.com/,S&P 500,,North America,Mature,Cyclical Consumer Services,"Wynn Resorts provides hotels, casinos, restaurants, and entertainment.",crunchbase,https://www.crunchbase.com/organization/wynn-resorts,2024-05-16,0,,0.0,0,0,0,0,0,0,0,1,0,,0,0,0,0,0,0,0,0,0,0,0,0,0,0,0,0,0,0,0,0,0,0,0,0,0,0,0,0,0,0,0,0,3,26,Las Vegas,Nevada,https://parat.eto.tech/company/2546-wynn-resorts
Realty Income Corporation,2473,United States,https://www.realtyincome.com/,S&P 500,,North America,Mature,Real Estate,Realty Income is a company providing shareholders with monthly income.,crunchbase,https://www.crunchbase.com/organization/realty-income-corporation,2024-05-16,0,,0,0,0,0,0,0,0,0,0,0,,0,0,0,0,0,0,0,0,0,0,0,0,0,0,0,0,0,0,0,0,0,0,0,0,0,0,0,0,0,0,0,0,6,25,San Diego,California,https://parat.eto.tech/company/2473-realty-income-corporation
Kimco Realty,2385,United States,https://www.kimcorealty.com/,S&P 500,,North America,Mature,Real Estate,"Kimco Realty Corporation is a Jericho, New York-based real estate investment trust that invests in shopping centers.",wikipedia,https://en.wikipedia.org/wiki/Kimco_Realty,2024-05-24,0,,0,0,0,0,0,0,0,0,0,0,,0,0,0,0,0,0,0,0,0,0,0,0,0,0,0,0,0,0,0,0,0,0,0,0,0,0,0,0,0,0,0,0,1,25,Jericho,New York,https://parat.eto.tech/company/2385-kimco-realty
Aibee,13,China,https://aibee.com/,,,Asia,Growth,Software & IT Services,"Aibee is an AI startup that develops speech recognition, big data analysis, and natural language processing technologies.",crunchbase,https://www.crunchbase.com/organization/alibee,2024-05-16,35,-10.634920634920634,62.5,17,3425,25,2,5,4,4,56,45,1900.0,21.4,29,210,0,0,6,0,0,0,0,0,0,0,0,0,0,24,0,0,0,2,1,0,9,0,0,0,0,3,0,0,0,7,24,Beijing,Beijing ,https://parat.eto.tech/company/13-aibee
Vornado Realty Trust,2531,United States,http://www.vno.com/,,,North America,Mature,Real Estate,"Vornado Realty L.P. engages in the ownership and operation of office, retail, and showroom properties in the United States.",crunchbase,https://www.crunchbase.com/organization/vornado-realty-trust,2024-05-16,0,,0,0,0,0,0,0,0,0,0,0,,0,0,0,0,0,0,0,0,0,0,0,0,0,0,0,0,0,0,0,0,0,0,0,0,0,0,0,0,0,0,0,0,3,24,New York,New York,https://parat.eto.tech/company/2531-vornado-realty-trust
Midjourney,6906,United States,https://midjourney.com,GenAI Contenders,,North America,Unknown,Unknown,"Midjourney is an independent research lab exploring new mediums of thought and expanding the imaginative powers of the human species. We are a small self-funded team focused on design, human infrastructure, and AI. We have 11 full-time staff and an incredible set of advisors.",company,https://www.midjourney.com/home,2024-05-20,11,-100.0,64.7,0,258,0,5,0,3,3,17,3,-100.0,75.0,3,4,0,0,0,0,0,0,0,0,0,0,0,0,0,2,0,0,0,0,0,0,0,0,0,0,1,0,0,0,1,6,22,South San Francisco,California,https://parat.eto.tech/company/6906-midjourney
Ventas,2526,United States,https://www.ventasreit.com/,S&P 500,,North America,Mature,Real Estate,Ventas is a real estate investment trust company.,crunchbase,https://www.crunchbase.com/organization/ventas,2024-05-16,0,,0,0,0,0,0,0,0,0,0,0,,0,0,0,0,0,0,0,0,0,0,0,0,0,0,0,0,0,0,0,0,0,0,0,0,0,0,0,0,0,0,0,0,2,22,Chicago,Illinois,https://parat.eto.tech/company/2526-ventas
SL Green Realty,2491,United States,http://slgreen.com/,,,North America,Mature,Real Estate,"SL Green Realty Corp., New York City's largest office landlord, is a fully integrated real estate investment trust",crunchbase,https://www.crunchbase.com/organization/sl-green-realty-corp,2024-05-16,0,,0,0,0,0,0,0,0,0,0,0,,0,0,0,0,0,0,0,0,0,0,0,0,0,0,0,0,0,0,0,0,0,0,0,0,0,0,0,0,0,0,0,0,1,22,New York,New York,https://parat.eto.tech/company/2491-sl-green-realty
Capri Holdings,2243,United States,http://www.capriholdings.com/,,,North America,Mature,Retailers,Capri Holdings is a global lifestyle brand.,crunchbase,https://www.crunchbase.com/organization/michael-kors-holdings,2024-05-16,0,,0,0,0,0,0,0,0,0,0,0,,0,0,0,0,0,0,0,0,0,0,0,0,0,0,0,0,0,0,0,0,0,0,0,0,0,0,0,0,0,0,0,0,6,21,New York,New York,https://parat.eto.tech/company/2243-capri-holdings
Aeye,7,United States,http://www.aeye.ai,,,North America,Mature,Unknown,"AEye develops adaptive, high performance lidar systems for automotive, trucking, smart infrastructure and logistics applications.",crunchbase,https://www.crunchbase.com/organization/aeye-inc,2024-05-16,0,,0.0,0,0,0,0,0,0,0,2,0,,0,0,0,0,0,0,0,0,0,0,0,0,0,0,0,0,0,0,0,0,0,0,0,0,0,0,0,0,0,0,0,0,3,21,Dublin,California,https://parat.eto.tech/company/7-aeye
Apartment Investment & Management,2219,United States,http://www.aimco.com/,,,North America,Mature,Real Estate,Aimco or Apartment Investment Management Company is one of the largest owners and operators of apartment communities in the United States.,crunchbase,https://www.crunchbase.com/organization/aimco,2024-05-16,0,,0,0,0,0,0,0,0,0,0,0,,0,0,0,0,0,0,0,0,0,0,0,0,0,0,0,0,0,0,0,0,0,0,0,0,0,0,0,0,0,0,0,0,1,21,Denver,Colorado,https://parat.eto.tech/company/2219-apartment-investment-management
Boston Properties,2234,United States,https://www.bxp.com/,S&P 500,,North America,Mature,Real Estate,"Boston Properties, Inc. is an integrated, self-administered and self-managed real estate investment trust (REIT).",crunchbase,https://www.crunchbase.com/organization/boston-properties,2024-05-16,0,,0,0,0,0,0,0,0,0,0,0,,0,0,0,0,0,0,0,0,0,0,0,0,0,0,0,0,0,0,0,0,0,0,0,0,0,0,0,0,0,0,0,0,0,21,Boston,Massachusetts,https://parat.eto.tech/company/2234-boston-properties
Inflection AI,6904,United States,https://inflection.ai/,GenAI Contenders,,North America,Unknown,Unknown,"Inflection AI, Inc. is a technology company which has developed a machine learning and generative artificial intelligence hardware and apps, founded in 2022. The company is structured as a public benefit corporation and is headquartered in Palo Alto, California.",wikipedia,https://en.wikipedia.org/wiki/Inflection_AI,2024-05-20,0,,0,0,0,0,0,0,0,0,0,0,,0,0,0,0,0,0,0,0,0,0,0,0,0,0,0,0,0,0,0,0,0,0,0,0,0,0,0,0,0,0,0,0,4,20,Palo Alto,California,https://parat.eto.tech/company/6904-inflection-ai
Zymergen,290,United States,http://www.zymergen.com,,,North America,Mature,Pharmaceuticals & Medical Research,"Zymergen was an American biotechnology company based in Emeryville, California. The company applies genomics and machine learning to research and design chemical producing genetically modified organisms. It claimed that its manufacturing process was safer and cheaper than traditional manufacturing, but was unable to demonstrate this. Shortly after going public in 2021, it was reported that the company was facing difficulties in manufacturing and struggling to make revenue. In July 2022, Ginkgo Bioworks agreed to acquire Zymergen for $300 million.",wikipedia,https://en.wikipedia.org/wiki/Zymergen,2024-05-24,4,-50.0,10.0,0,53,1,0,3,0,0,40,4,-33.333333333333336,15.4,1,26,0,0,1,0,0,0,0,0,0,4,0,0,0,0,0,0,0,0,0,0,0,1,0,0,0,0,1,0,0,6,19,Emeryville,California,https://parat.eto.tech/company/290-zymergen
Regency Centers Corporation,2474,United States,https://www.regencycenters.com/,S&P 500,,North America,Mature,Real Estate,"Regency is the preeminent national owner, operator and developer of high-quality, grocery anchored neighborhood.",crunchbase,https://www.crunchbase.com/organization/regency-centers,2024-05-16,0,,0,0,0,0,0,0,0,0,0,0,,0,0,0,0,0,0,0,0,0,0,0,0,0,0,0,0,0,0,0,0,0,0,0,0,0,0,0,0,0,0,0,0,0,19,Jacksonville,Florida,https://parat.eto.tech/company/2474-regency-centers-corporation
PPL,2461,United States,https://www.pplweb.com/,S&P 500,,North America,Mature,Utilities,"PPL Corporation delivers on its promises to customers, investors, employees and the communities we serve.",crunchbase,https://www.crunchbase.com/organization/ppl-corporation,2024-05-16,0,,0,0,0,0,0,0,0,0,0,0,,0,0,0,0,0,0,0,0,0,0,0,0,0,0,0,0,0,0,0,0,0,0,0,0,0,0,0,0,0,0,0,0,1,18,Allentown,Pennsylvania,https://parat.eto.tech/company/2461-ppl
Everest Re,2312,Bermuda,https://www.everestre.com/,S&P 500,,North America,Mature,Insurance,Everest Re is a property and casualty reinsurance and insurance company.,crunchbase,https://www.crunchbase.com/organization/everest-reinsurance-company,2024-05-16,0,,0.0,0,0,0,0,0,0,0,1,0,,0,0,0,0,0,0,0,0,0,0,0,0,0,0,0,0,0,0,0,0,0,0,0,0,0,0,0,0,0,0,0,0,3,17,Bermuda,Bermuda,https://parat.eto.tech/company/2312-everest-re
Roper Technologies,2481,United States,http://www.ropertech.com/,S&P 500,,North America,Mature,Software & IT Services,"Roper Technologies is a diversified company that designs, manufactures, and distributes radio frequency (RF) products and services.",crunchbase,https://www.crunchbase.com/organization/roper-industries,2024-05-16,0,,0.0,0,0,0,0,0,0,0,5,0,,0,0,0,0,0,0,0,0,0,0,0,0,0,0,0,0,0,0,0,0,0,0,0,0,0,0,0,0,0,0,0,0,1,16,Sarasota,Florida,https://parat.eto.tech/company/2481-roper-technologies
Mininglamp,166,China,http://www.mininglamp.com/,,,Asia,Mature,Software & IT Services,"MiningLamp helps clients to build their own knowledge graphs and apply AI to their business, and finally transform data into insights.",crunchbase,https://www.crunchbase.com/organization/mininglamp,2024-05-16,77,-16.185604676653266,60.2,6,2483,19,21,0,4,8,128,302,2875.0,15.5,134,1951,0,16,50,2,0,1,1,0,9,4,0,0,5,201,0,6,0,7,5,5,28,0,0,17,0,2,20,0,13,4,15,Beijing,Beijing ,https://parat.eto.tech/company/166-mininglamp
Valero Energy,1821,United States,http://www.valero.com/,S&P 500,,North America,Mature,Energy - Fossil Fuels,"Valero Energy is a Fortune 500 international manufacturer and a marketer of transportation fuels, other petrochemical products and power.",crunchbase,https://www.crunchbase.com/organization/valero-energy,2024-05-16,6,-100.0,14.0,0,7,0,0,1,1,1,43,0,,0,0,0,0,0,0,0,0,0,0,0,0,0,0,0,0,0,0,0,0,0,0,0,0,0,0,0,0,0,0,0,0,2,14,San Antonio,Texas,https://parat.eto.tech/company/1821-valero-energy
Mistral,6921,France,https://mistral.ai/,GenAI Contenders,,Europe,Unknown,Unknown,"Mistral AI is a French company selling artificial intelligence (AI) products. It was founded in April 2023 by previous employees of Meta Platforms and Google DeepMind. The company raised €385 million in October 2023, and in December 2023, it was valued at more than $2 billion.",wikipedia,https://en.wikipedia.org/wiki/Mistral_AI,2024-05-20,7,-100.0,77.8,2,61,4,3,2,0,2,9,0,,0,0,0,0,0,0,0,0,0,0,0,0,0,0,0,0,0,0,0,0,0,0,0,0,0,0,0,0,0,0,0,0,3,10,paris,,https://parat.eto.tech/company/6921-mistral
Agari Data,9,United States,https://www.agari.com/,,,North America,Mature,Software & IT Services,Agari is an email identity company protecting enterprises and people from phishing and socially-engineered attacks.,crunchbase,https://www.crunchbase.com/organization/agari-data,2024-05-16,3,-100.0,10.0,0,21,0,1,0,0,0,30,0,,0,0,0,0,0,0,0,0,0,0,0,0,0,0,0,0,0,0,0,0,0,0,0,0,0,0,0,0,0,0,0,0,1,9,Foster City,California,https://parat.eto.tech/company/9-agari-data
Alexandria Real Estate Equities,2199,United States,https://www.are.com/,S&P 500,,North America,Mature,Real Estate,Alexandria Real Estate Equities is a real estate investment company.,crunchbase,https://www.crunchbase.com/organization/alexandria-real-estate-equities,2024-05-16,0,,0,0,0,0,0,0,0,0,0,0,,0,0,0,0,0,0,0,0,0,0,0,0,0,0,0,0,0,0,0,0,0,0,0,0,0,0,0,0,0,0,0,0,0,9,Pasadena,California,https://parat.eto.tech/company/2199-alexandria-real-estate-equities
Air Products & Chemicals,2196,United States,http://www.airproducts.com/,S&P 500,,North America,Mature,Chemicals,"Air Products supplier of industrial gases and equipment, specialty and intermediate chemicals, and environmental and energy systems.",crunchbase,https://www.crunchbase.com/organization/air-products,2024-05-16,0,,0.0,0,6,0,0,0,0,0,183,7,-50.0,1.2,6,585,1,0,1,0,0,0,4,0,3,0,0,0,0,2,4,0,0,2,0,0,1,5,0,0,0,2,1,0,0,0,8,Allentown,Pennsylvania,https://parat.eto.tech/company/2196-air-products-chemicals
Berkshire Hathaway,1792,United States,https://www.berkshirehathaway.com/,S&P 500,,North America,Mature,Consumer Goods Conglomerates,Berkshire Hathaway is a conglomerate holding company.,crunchbase,https:// https://www.crunchbase.com/organization/berkshire-hathaway-corp,2024-05-16,0,,0.0,0,0,0,0,0,0,0,41,15,38.888888888888886,0.6,7,2375,0,0,2,1,0,1,1,0,4,1,0,0,0,4,3,1,0,1,6,1,7,4,0,0,0,4,2,0,0,2,7,Omaha,Nebraska,https://parat.eto.tech/company/1792-berkshire-hathaway
Healthpeak Properties,2349,United States,https://www.healthpeak.com/,S&P 500,,North America,Mature,Real Estate,Healthpeak Properties is an investment trust for healthcare properties.,crunchbase,https://www.crunchbase.com/organization/healthpeak-properties-inc,2024-05-16,0,,0,0,0,0,0,0,0,0,0,0,,0,0,0,0,0,0,0,0,0,0,0,0,0,0,0,0,0,0,0,0,0,0,0,0,0,0,0,0,0,0,0,0,2,6,Denver,Colorado,https://parat.eto.tech/company/2349-healthpeak-properties
Host Hotels & Resorts,2358,United States,https://www.hosthotels.com/,S&P 500,,North America,Mature,Real Estate,"Host Hotels & Resorts, Inc. is an S&P 500 and Fortune 500 company and is the largest lodging real estate investment trust",crunchbase,https://www.crunchbase.com/organization/host-hotels---resorts,2024-05-16,0,,0,0,0,0,0,0,0,0,0,0,,0,0,0,0,0,0,0,0,0,0,0,0,0,0,0,0,0,0,0,0,0,0,0,0,0,0,0,0,0,0,0,0,1,6,Bethesda,Maryland,https://parat.eto.tech/company/2358-host-hotels-resorts
01.AI,6935,China,https://01.ai/,GenAI Contenders,,Asia,Unknown,Unknown,"About 01.AI

Our vision: Make AGI Accessible and Beneficial to Everyone.

01.AI vision: AI will effectively enhance human productivity, hence creating significant economic and societal values,
realizing 01.AI's aspiration of ""Human + AI"" that technology empowers and amplifies our humankind.

We hope to be able to contribute to this new AI 2.0 ecosystem.",company,https://www.01.ai/,2024-05-20,0,,0,0,0,0,0,0,0,0,0,0,,0,0,0,0,0,0,0,0,0,0,0,0,0,0,0,0,0,0,0,0,0,0,0,0,0,0,0,0,0,0,0,0,1,6,Beijing,,https://parat.eto.tech/company/6935-01-ai
Yaskawa,797,Japan,https://www.yaskawa.co.jp/,,,Asia,Mature,Industrial Goods,The Yaskawa Electric Corporation is a Japanese manufacturer of servos.,crunchbase,https://www.crunchbase.com/organization/yaskawa-electric-corporation,2024-05-16,68,61.111111111111114,31.2,0,922,2,0,65,0,0,218,39,96.1111111111111,3.9,25,1012,0,0,0,0,0,0,4,0,16,0,0,0,0,6,2,0,0,0,0,0,8,20,0,0,0,3,0,0,0,0,5,Fukuoka,Kitakyushu,https://parat.eto.tech/company/797-yaskawa
Cooper Companies,2271,United States,https://www.coopercos.com/,S&P 500,,North America,Mature,Healthcare Services & Equipment,The Cooper Companies is a medical device company.,crunchbase,https://www.crunchbase.com/organization/the-cooper-companies-inc,2024-05-16,1,,0.9,0,1,0,0,0,0,0,107,6,-50.0,2.0,2,304,0,0,0,0,0,0,0,0,0,4,0,0,0,2,0,0,0,0,0,0,3,0,0,1,0,1,0,0,0,0,5,Pleasanton,California,https://parat.eto.tech/company/2271-cooper-companies
Paramount Global,2530,United States,https://www.paramount.com/,S&P 500,,North America,Mature,Cyclical Consumer Services,ViacomCBS is a global media and entertainment company that creates premium content and experiences for audiences worldwide.,crunchbase,https://www.crunchbase.com/organization/viacomcbs,2024-05-16,1,-100.0,2.2,0,1,0,0,0,0,0,46,10,-100.0,14.7,6,68,0,0,1,0,0,0,0,0,0,0,0,0,0,4,0,1,0,10,0,5,0,0,0,1,0,0,0,0,1,1,3,New York,New York,https://parat.eto.tech/company/2530-paramount-global
Fortune Brands Home & Security,2329,United States,https://www.fbhs.com/,,,North America,Mature,Cyclical Consumer Products,"Fortune Brands Home & Security, Inc. (NYSE: FBHS), headquartered in Deerfield, Ill., creates products and services that help fulfill the",crunchbase,https://www.crunchbase.com/organization/fortune-brands-home-security,2024-05-16,9,,56.2,0,14,2,0,0,0,0,16,0,,0.0,0,172,0,0,0,0,0,0,0,0,0,0,0,0,0,0,0,0,0,0,0,0,0,0,0,0,0,0,0,0,0,1,2,Deerfield,Illinois,https://parat.eto.tech/company/2329-fortune-brands-home-security
HollyFrontier,2355,United States,https://www.hollyfrontier.com/,,,North America,Unknown,Unknown,"The HollyFrontier Corporation is a Fortune 500 company based in Dallas, TX. HollyFrontier is a petroleum refiner and distributor of petroleum products, from gasoline to petroleum-based lubricants and waxes. Michael Jennings is CEO and president of HollyFrontier, replacing George Damaris on 1 January 2020. The company has primary refining operations in Kansas, New Mexico, Oklahoma, Utah, and Wyoming.",wikipedia,https://en.wikipedia.org/wiki/HollyFrontier,2021-03-18,0,,0,0,0,0,0,0,0,0,0,0,,0,0,0,0,0,0,0,0,0,0,0,0,0,0,0,0,0,0,0,0,0,0,0,0,0,0,0,0,0,0,0,0,1,2,Dallas,Texas,https://parat.eto.tech/company/2355-hollyfrontier
Ehang,83,China,https://www.ehang.com/,,,Asia,Mature,Industrial Goods,Ehang is a technology enterprise focused on R&D and production in airplane and aircraft field.,crunchbase,https://www.crunchbase.com/organization/ehang,2024-05-16,0,,0,0,0,0,0,0,0,0,0,5,,1.1,0,449,0,0,1,0,0,0,0,0,1,0,0,0,0,1,0,0,0,0,1,0,3,0,0,0,0,0,1,0,0,0,2,Guangzhou,Guangdong,https://parat.eto.tech/company/83-ehang
Elliott Management,3158,United States,https://www.elliottmgmt.com/,,,North America,Unknown,Banking & Investment Services,Elliott Management Corporation is a privately owned hedge fund sponsor.,crunchbase,https://www.crunchbase.com/organization/elliott-management-corp,2024-05-16,0,,0,0,0,0,0,0,0,0,0,0,,0,0,0,0,0,0,0,0,0,0,0,0,0,0,0,0,0,0,0,0,0,0,0,0,0,0,0,0,0,0,0,0,0,2,West Palm Beach,Florida,https://parat.eto.tech/company/3158-elliott-management
Pinnacle West Capital,2457,United States,http://www.pinnaclewest.com/,S&P 500,,North America,Mature,Utilities,Pinnacle West Capital provides energy and energy-related products to people and businesses.,crunchbase,https://www.crunchbase.com/organization/pinnacle-west-capital-corporation,2024-05-16,0,,0,0,0,0,0,0,0,0,0,0,,0,0,0,0,0,0,0,0,0,0,0,0,0,0,0,0,0,0,0,0,0,0,0,0,0,0,0,0,0,0,0,0,1,1,Phoenix,Arizona,https://parat.eto.tech/company/2457-pinnacle-west-capital
Celepixel,53,China,http://www.celepixel.com/,,,Asia,Unknown,Unknown,"CelePixel Technology is an IC design company and solution provider for computer vision applications. The core competitiveness arises from a new kind of image sensor, namely CeleX, and widely known as bio-inspired dynamic vision sensors (DVS). The speed of the sensor is not limited by any traditional concept such as exposure time, frame rate, etc. It can detect fast motion which is traditionally captured by expensive, high speed cameras running at tens of thousands of frames per second and at the same time produces 1000x less of data. The sensor can effectively reduce algorithm complexity, save computation, reduce system cost and enable implementation of real-time processing. ",company,https://www.linkedin.com/company/celepixel-technology/,2023-11-13,3,0.0,100.0,1,125,3,0,0,0,0,3,0,,0,0,0,0,0,0,0,0,0,0,0,0,0,0,0,0,0,0,0,0,0,0,0,0,0,0,0,0,0,0,0,0,0,1,Shanghai,Shanghai,https://parat.eto.tech/company/53-celepixel
Williams Companies,2544,United States,https://www.williams.com/,S&P 500,,North America,Mature,Unknown,"Williams is an energy infrastructure company that provides transport, storage, and delivery solutions for clean energy economy.",crunchbase,https://www.crunchbase.com/organization/williams,2024-05-16,0,,0.0,0,0,0,0,0,0,0,50,0,,0,0,0,0,0,0,0,0,0,0,0,0,0,0,0,0,0,0,0,0,0,0,0,0,0,0,0,0,0,0,0,0,0,1,Tulsa,Oklahoma,https://parat.eto.tech/company/2544-williams-companies
Honda,795,Japan,http://world.honda.com/,,,Asia,Mature,Automobiles & Auto Parts,Honda Motor is a Japanese public multinational corporation primarily known as a manufacturer of automobiles and motorcycles.,crunchbase,https://www.crunchbase.com/organization/honda-automobiles,2024-05-16,832,-8.67200797044294,33.8,20,23602,106,62,461,82,30,2462,718,2.0729140618487967,2.6,515,27508,34,30,71,1,0,5,69,3,34,18,0,0,3,164,7,12,0,64,439,25,125,420,6,17,0,112,52,0,34,0,0,Tokyo,Kantō,https://parat.eto.tech/company/795-honda
Dahua Technology,1388,China,http://www.dahuasecurity.com/,,,Asia,Mature,Technology Equipment,Dahua Technology is a world-leading video surveillance solution provider.,crunchbase,https://www.crunchbase.com/organization/dahua-technology,2024-05-16,112,16.05607155142759,37.3,7,1681,85,2,7,2,6,300,1040,198.015873015873,11.5,515,9035,3,1,10,1,0,0,4,0,30,7,0,0,1,472,3,14,0,45,64,12,308,16,0,21,0,19,6,0,20,0,0,Hangzhou,Zhejiang,https://parat.eto.tech/company/1388-dahua-technology
Megvii,161,China,https://www.megvii.com/,GenAI Contenders,,Asia,Mature,Unknown,"Megvii builds AI Engine, a core fundamental technology powering various AI application.",crunchbase,https://www.crunchbase.com/organization/megvii-technology,2024-05-16,402,-7.8998435054773095,87.6,241,64291,369,11,13,13,65,459,605,38.2456593567811,28.2,391,2149,0,3,5,0,0,0,0,0,4,1,0,0,0,269,0,3,0,22,34,0,191,2,0,0,0,10,1,0,0,0,0,Beijing,Beijing ,https://parat.eto.tech/company/161-megvii
Royal Dutch Shell,682,Netherlands,https://www.shell.com/,,,Europe,Mature,Energy - Fossil Fuels,Shell is a global group of energy and petrochemicals companies.,crunchbase,https://www.crunchbase.com/organization/royal-dutch-shell,2024-05-16,139,36.58008658008658,2.2,3,3168,28,4,7,2,7,6230,73,340.2597402597402,5.6,34,1312,1,0,8,0,0,0,3,0,2,6,0,0,0,25,12,0,0,2,2,10,10,5,0,1,0,24,4,0,4,0,0,The Hague,Zuid-Holland,https://parat.eto.tech/company/682-royal-dutch-shell
Deepblue Technology,67,China,https://www.deepblueai.com/,,,Asia,Growth,Software & IT Services,"DeepBlue Technology (Shanghai) Co. Ltd creates smart retail systems using computer vision, AI, and analytics.",crunchbase,https://www.crunchbase.com/organization/deepblue-technology,2024-05-16,81,-6.895424836601308,58.7,18,1756,47,14,4,0,9,138,130,217.5,17.1,48,762,0,2,3,0,0,3,0,0,6,6,0,0,0,50,0,1,0,7,3,5,27,1,0,0,0,5,1,0,1,0,0,Shanghai,Shanghai,https://parat.eto.tech/company/67-deepblue-technology
Enflame,6919,China,http://www.enflame-tech.com/,,,Asia,Unknown,Unknown,"Enflame Technology focuses on cloud and edge computing products in the field of artificial intelligence, and is committed to building a computing power base for general artificial intelligence, providing original innovations, AI acceleration cards, system clusters, and software and hardware solutions with independent intellectual property rights. With its high computing power, high energy efficiency ratio innovative architecture and efficient and easy-to-use software platform, the products can be widely used in multiple industries and scenarios such as the pan-Internet, intelligent computing centers, smart cities, smart finance, scientific computing, and autonomous driving.",company,https://www.enflame-tech.com/aboutus,2024-05-20,14,22.222222222222218,34.1,0,120,2,1,0,0,1,41,105,257.14285714285717,30.8,57,341,0,0,0,0,0,0,0,1,1,0,0,0,0,79,0,0,0,4,4,3,2,0,1,2,0,0,0,0,0,0,0,Shanghai,,https://parat.eto.tech/company/6919-enflame
Cloudwalk,58,China,https://www.cloudwalk.io/,GenAI Contenders,,Asia,Growth,Unknown,Next-Generation Payment Network,crunchbase,https://www.crunchbase.com/organization/cloudwalk,2024-05-16,52,34.81481481481482,59.8,15,4072,35,6,1,0,10,87,99,216.66666666666666,34.6,32,286,0,5,5,0,0,0,1,0,1,1,0,0,0,56,1,3,0,2,8,1,16,1,0,1,0,1,4,0,13,0,0,Guangzhou,Guangdong,https://parat.eto.tech/company/58-cloudwalk
Zhipu AI,6912,China,https://www.zhipuai.cn/,GenAI Contenders,,Asia,Unknown,Unknown,"Zhipu AI, originating from the technological advancements of Tsinghua University's Computer Science Department, is an artificial intelligence company with the mission of teaching machines to think like humans. Our world-leading AI team has developed the cutting-edge large language and multimodal models and built the high-precision billion-scale knowledge graphs, the combination of which uniquely empowers us to create a powerful data- and knowledge-driven cognitive engine towards artificial general intelligence.",company,https://www.zhipuai.cn/en/aboutus,2024-05-20,91,73.45238095238095,53.8,22,2320,31,27,10,2,38,169,108,,51.9,26,208,0,1,11,1,0,2,0,0,4,2,0,0,2,84,1,1,0,2,6,0,6,0,1,19,0,0,5,0,1,0,0,Beijing,,https://parat.eto.tech/company/6912-zhipu-ai
Transdigm Group,2513,United States,https://www.transdigm.com/,S&P 500,,North America,Mature,Industrial Goods,"TransDigm is a global designer, producer, and supplier of highly engineered aircraft components.",crunchbase,https://www.crunchbase.com/organization/transdigm,2024-05-16,0,,0.0,0,0,0,0,0,0,0,13,0,,0.0,0,195,0,0,0,0,0,0,0,0,0,0,0,0,0,0,0,0,0,0,0,0,0,0,0,0,0,0,0,0,0,0,0,Cleveland,Ohio,https://parat.eto.tech/company/2513-transdigm-group
Baichuan Intelligence,6913,China,https://www.baichuan-ai.com/,GenAI Contenders,,Asia,Unknown,Unknown,"Baichuan Intelligence was founded on April 10, 2023 by Wang Xiaochuan, the former CEO of Sogou. The company's mission is to help the public easily and universally access the world's knowledge and professional services, and is committed to building China's best large model base through breakthroughs in language AI. The company's core team is composed of top AI talents from well-known technology companies such as Sogou, Baidu, Huawei, Microsoft, ByteDance, and Tencent. Less than 100 days after its establishment, Baichuan Intelligence released two open source, free commercial Chinese large models, Baichuan-7B and Baichuan-13B, and ranked among the top in multiple authoritative evaluation lists, with over one million downloads.",company,https://www.baichuan-ai.com/home#about-us,2024-05-20,0,,0.0,0,0,0,0,0,0,0,1,25,,30.5,9,82,0,0,0,0,0,0,0,0,0,1,0,0,0,18,0,0,0,0,2,0,2,0,0,3,0,1,0,0,0,0,0,Beijing,,https://parat.eto.tech/company/6913-baichuan-intelligence
Kunlun Tech,6918,China,http://www.kunlun.com/,GenAI Contenders,,Asia,Unknown,Unknown,"Kunlun Tech is China's leading Internet platform overseas enterprise, has been deeply engaged in overseas market for more than 10 years, business coverage includes information distribution, social, entertainment, meta-universe, games and AIGC and other fields, including AGI and AIGC, overseas information distribution and meta-universe, investment and other three business segments. Markets throughout China, Southeast Asia, Africa, the Middle East, North America, South America, Europe and other places. Up to now, the global average monthly active users are nearly 400 million, and overseas revenue accounts for 84%.
Kunlun Tech was listed on the GEM in 2015, and the group's business and subsidiaries have expanded to the United States, Japan, South Korea, India, and other countries in Europe, Africa, Southeast Asia and other places.",company,https://www.kunlun.com/en/,2024-05-20,0,,0,0,0,0,0,0,0,0,0,4,,9.5,1,42,0,0,1,0,0,0,1,0,0,0,0,0,0,3,0,0,0,0,0,0,0,0,0,0,0,1,1,0,0,0,0,Beijing,,https://parat.eto.tech/company/6918-kunlun-tech
Aisimba,17,China,http://www.aisimba.com/,,,Asia,Startup,Software & IT Services,"Aisimba is a technology development firm that provides driverless technology, core platform technology, and hardware core technology.",crunchbase,https://www.crunchbase.com/organization/aisimba,2024-05-16,0,,0,0,0,0,0,0,0,0,0,4,50.0,15.4,1,26,0,0,0,0,0,0,0,0,0,0,0,0,0,1,0,0,0,1,0,0,0,1,0,0,0,0,0,0,0,0,0,Wuhan,Hubei,https://parat.eto.tech/company/17-aisimba
MiniMax,6934,China,https://min1max.cn,GenAI Contenders,,Asia,Unknown,Unknown,"Founded in December 2021, MiniMax is a leading general artificial intelligence technology company committed to co-creating intelligence with users.
MiniMax has independently developed general large models of different modalities, including the trillion-parameter MoE text large model, voice large model, and image large model.
Based on general large models of different modalities, MiniMax has launched native applications such as the productivity tool Conch AI and the immersive AI content community Xingye. The MiniMax open platform provides enterprises and developers with secure, flexible, and reliable API services to help quickly build AI applications.",company,https://www.minimaxi.com/about,2024-06-04,0,,0,0,0,0,0,0,0,0,0,7,,58.3,5,12,0,0,0,0,0,0,0,1,0,0,0,0,0,7,0,0,0,0,1,0,0,0,1,0,0,0,0,0,0,0,0,Beijing,,https://parat.eto.tech/company/6934-minimax
W.W. Grainger,2342,United States,https://www.grainger.com/,S&P 500,,North America,Mature,Industrial Goods,"W.W. Grainger (NYSE: GWW), with 2008 sales of $6.9 billion, is the leading broad-line supplier of facilities maintenance products serving",crunchbase,https://www.crunchbase.com/organization/w-w-grainger,2024-05-16,0,,0.0,0,0,0,0,0,0,0,6,0,,0.0,0,5,0,0,0,0,0,0,0,0,0,0,0,0,0,0,0,0,0,0,0,0,0,0,0,0,0,0,0,0,0,0,0,Lake Forest,Illinois,https://parat.eto.tech/company/2342-w-w-grainger
Moonshot AI,6917,China,https://www.moonshot.cn/,GenAI Contenders,,Asia,Unknown,Unknown,"Moonshot AI was founded in March 2023. It is committed to seeking the optimal solution for converting energy into intelligence. It creates intelligence with users through products. In October 2023, it launched Kimi, the world's first intelligent assistant product that supports the input of 200,000 Chinese characters.
The core members of the founding team participated in the research and development of many large models such as Google Gemini, Google Bard, Pangu NLP, and Wudao. Many core technologies have been adopted by mainstream products such as Google PaLM, Meta LLaMa, and Stable Diffusion.",company,https://www.moonshot.cn/,2024-05-20,0,,0,0,0,0,0,0,0,0,0,1,,100.0,1,1,0,0,0,0,0,0,0,0,0,0,0,0,0,1,0,0,0,0,0,0,0,0,0,0,0,0,0,0,0,0,0,Beijing,,https://parat.eto.tech/company/6917-moonshot-ai
Constellation Energy,6949,United States,https://www.constellation.com/,S&P 500,,North America,Mature,Unknown,"Constellation Energy Corporation is an American energy company headquartered in Baltimore, Maryland. The company provides electric power, natural gas, and energy management services. It has approximately two million customers across the continental United States.",wikipedia,https://en.wikipedia.org/wiki/Constellation_Energy,2024-06-04,0,,0.0,0,4,0,0,0,0,0,3,0,,0,0,0,0,0,0,0,0,0,0,0,0,0,0,0,0,0,0,0,0,0,0,0,0,0,0,0,0,0,0,0,0,0,0,Baltimore,Maryland,https://parat.eto.tech/company/6949-constellation-energy
Ahi Fintech,10,China,https://www.ahi-fintech.com/,,,Asia,Growth,Financial Technology (Fintech) & Infrastructure,Hui'an Jinke (Ahi Fintech) is a company that specializes in using artificial intelligence technology,crunchbase,https://www.crunchbase.com/organization/hui-an-jinke-ahi-fintech,2024-05-16,3,-100.0,100.0,1,2,0,2,0,1,1,3,0,,0,0,0,0,0,0,0,0,0,0,0,0,0,0,0,0,0,0,0,0,0,0,0,0,0,0,0,0,0,0,0,0,0,0,Beijing,Beijing ,https://parat.eto.tech/company/10-ahi-fintech
Diamondback Energy,2284,United States,https://ir.diamondbackenergy.com/,S&P 500,,North America,Mature,Energy - Fossil Fuels,Diamondback Energy to Acquire Mineral Interests in Midland County,crunchbase,https://www.crunchbase.com/organization/diamondback-energy,2024-05-16,0,,0.0,0,0,0,0,0,0,0,11,0,,0,0,0,0,0,0,0,0,0,0,0,0,0,0,0,0,0,0,0,0,0,0,0,0,0,0,0,0,0,0,0,0,0,0,Midland,Texas,https://parat.eto.tech/company/2284-diamondback-energy
CMS Energy,2264,United States,https://www.cmsenergy.com/,S&P 500,,North America,Mature,Utilities,CMS Energy Corporation (CMS Energy) is an energy company operating primarily in Michigan.,crunchbase,https://www.crunchbase.com/organization/cms-energy-corporation,2024-05-16,0,,0.0,0,0,0,0,0,0,0,10,0,,0,0,0,0,0,0,0,0,0,0,0,0,0,0,0,0,0,0,0,0,0,0,0,0,0,0,0,0,0,0,0,0,0,0,Jackson,Mississippi,https://parat.eto.tech/company/2264-cms-energy
Bath & Body Works,2388,United States,https://www.lb.com/,S&P 500,,North America,Mature,Unknown,"L Brands is an international company that sells lingerie, personal care and beauty products, apparel and accessories.",crunchbase,https://www.crunchbase.com/organization/limited-brands,2024-05-16,0,,0.0,0,0,0,0,0,0,0,4,0,,0,0,0,0,0,0,0,0,0,0,0,0,0,0,0,0,0,0,0,0,0,0,0,0,0,0,0,0,0,0,0,0,0,0,Columbus,Ohio,https://parat.eto.tech/company/2388-bath-body-works
Vricon,6933,United States,https://www.vricon.com/,,,North America,Unknown,Unknown,"Vricon was an American geospatial-intelligence data and software provider. It was a joint venture between Saab and DigitalGlobe and was headquartered in McLean, Virginia.",wikipedia,https://en.wikipedia.org/wiki/Vricon,2024-05-24,0,,0,0,0,0,0,0,0,0,0,0,,0,0,0,0,0,0,0,0,0,0,0,0,0,0,0,0,0,0,0,0,0,0,0,0,0,0,0,0,0,0,0,0,0,0,mclean,virginia,https://parat.eto.tech/company/6933-vricon
Vici Properties,6985,United States,https://viciproperties.com/,S&P 500,,North America,Mature,Unknown,"Vici Properties Inc. is a real estate investment trust (REIT) specializing in casino and entertainment properties, based in New York City. It was formed in 2017 as a spin-off from Caesars Entertainment Corporation as part of its bankruptcy reorganization. It owns 54 casinos, hotels, and racetracks, 4 golf courses, and 38 bowling alleys around the United States and Canada.",wikipedia,https://en.wikipedia.org/wiki/Vici_Properties,2024-06-04,0,,0,0,0,0,0,0,0,0,0,0,,0,0,0,0,0,0,0,0,0,0,0,0,0,0,0,0,0,0,0,0,0,0,0,0,0,0,0,0,0,0,0,0,0,0,New York City,New York,https://parat.eto.tech/company/6985-vici-properties
Federal Realty Investment Trust,2317,United States,http://www.federalrealty.com/,S&P 500,,North America,Mature,Real Estate,Federal Realty Investment Trust is a company that specializes in real estate management services.,crunchbase,https://www.crunchbase.com/organization/federal-realty-investment-trust,2024-05-16,0,,0,0,0,0,0,0,0,0,0,0,,0,0,0,0,0,0,0,0,0,0,0,0,0,0,0,0,0,0,0,0,0,0,0,0,0,0,0,0,0,0,0,0,0,0,Rockville,Maryland,https://parat.eto.tech/company/2317-federal-realty-investment-trust
Starlink,6932,United States,https://www.starlink.com/,,,North America,Unknown,Unknown,"Starlink is a satellite internet constellation operated by Starlink Services, LLC, a wholly-owned subsidiary of American aerospace company SpaceX, providing coverage to over 70 countries. It also aims to provide global mobile broadband.",wikipedia,https://en.wikipedia.org/wiki/Starlink,2024-05-24,0,,0,0,0,0,0,0,0,0,0,0,,0,0,0,0,0,0,0,0,0,0,0,0,0,0,0,0,0,0,0,0,0,0,0,0,0,0,0,0,0,0,0,0,0,0,austin,texas,https://parat.eto.tech/company/6932-starlink
Trane Technologies,2512,Ireland,https://www.tranetechnologies.com/,S&P 500,,Europe,Unknown,Unknown,"Trane Technologies plc is a manufacturing company focused on heating, ventilation, and air conditioning (HVAC) and refrigeration systems. The company traces its corporate history back more than 150 years and was created after a series of mergers and spin-offs. In 2008, HVAC manufacturer Trane was acquired by Ingersoll Rand, a US industrial tools manufacturer. In 2020, the tools business was spun off as Ingersoll Rand and the remaining company was renamed Trane Technologies.",wikipedia,https://en.wikipedia.org/wiki/Trane_Technologies,2023-11-10,0,,0,0,0,0,0,0,0,0,0,0,,0,0,0,0,0,0,0,0,0,0,0,0,0,0,0,0,0,0,0,0,0,0,0,0,0,0,0,0,0,0,0,0,0,0,Swords,Dublin,https://parat.eto.tech/company/2512-trane-technologies
